Sample Idx,Predicted Long-term Stability Chance,Chance >= 0.5
0.0,0.5679828689264589,1.0
1.0,0.9625712317936889,1.0
2.0,0.04026373125129692,0.0
3.0,0.0025437060627308394,0.0
4.0,0.9999934731362022,1.0
5.0,0.9991684421346699,1.0
6.0,0.45701527596431496,0.0
7.0,0.01729836037795051,0.0
8.0,0.9981162479953729,1.0
9.0,0.9999990511705751,1.0
10.0,0.5679828689264589,1.0
11.0,0.8176996269318921,1.0
12.0,0.7393590446853116,1.0
13.0,0.9998267619233512,1.0
14.0,0.999815590240637,1.0
15.0,0.999987863019104,1.0
16.0,1.926648017222285e-13,0.0
17.0,0.9999998991656633,1.0
18.0,0.5679828689264589,1.0
19.0,0.9999917355318311,1.0
20.0,0.9973391160772194,1.0
21.0,0.18203842627980574,0.0
22.0,0.9590722094273806,1.0
23.0,3.5450378428919726e-05,0.0
24.0,0.9191789480624218,1.0
25.0,0.030724145296738604,0.0
26.0,0.9999999874036457,1.0
27.0,0.42728235961250655,0.0
28.0,0.9999994641657535,1.0
29.0,0.13338432224407723,0.0
30.0,0.9169739224336728,1.0
31.0,0.06222395124023235,0.0
32.0,0.897691364095823,1.0
33.0,0.9999961189243729,1.0
34.0,0.11873067022252595,0.0
35.0,0.8428701717618607,1.0
36.0,0.4372284225210471,0.0
37.0,0.8076333230752504,1.0
38.0,0.9956914857056881,1.0
39.0,0.39102384615353186,0.0
40.0,0.32493634778840136,0.0
41.0,0.9768203075592221,1.0
42.0,0.9972517658366626,1.0
43.0,0.10863721199184473,0.0
44.0,0.22586610991421707,0.0
45.0,0.9999567011511709,1.0
46.0,0.9760174579360467,1.0
47.0,0.5957345617563207,1.0
48.0,0.9861878590965665,1.0
49.0,0.9999906295278417,1.0
50.0,0.29859517332527463,0.0
51.0,0.9998330286075136,1.0
52.0,0.09387623974790216,0.0
53.0,0.9999788321355803,1.0
54.0,0.999327932466395,1.0
55.0,0.991233370690902,1.0
56.0,0.1877296921741924,0.0
57.0,0.9999567720088434,1.0
58.0,0.00016186728455402628,0.0
59.0,0.0007490112492866258,0.0
60.0,0.13008063267646247,0.0
61.0,0.6637658502546167,1.0
62.0,0.07424108734574708,0.0
63.0,0.8017689922847099,1.0
64.0,0.002265380210716281,0.0
65.0,0.9999999530275556,1.0
66.0,0.964768681920937,1.0
67.0,0.9205899880179345,1.0
68.0,0.9999999992931299,1.0
69.0,0.9999928791470633,1.0
70.0,0.9999438150340717,1.0
71.0,0.0002583975869203406,0.0
72.0,0.513754729678051,1.0
73.0,0.9998763522447711,1.0
74.0,0.9305023892007845,1.0
75.0,0.06534344699259961,0.0
76.0,0.22419421522547603,0.0
77.0,0.5241663216546865,1.0
78.0,0.5527924682607456,1.0
79.0,0.47994215032432674,0.0
80.0,0.04891604545728738,0.0
81.0,0.9999999991937727,1.0
82.0,0.0010949877244073656,0.0
83.0,0.9279073329058318,1.0
84.0,0.4713617714773712,0.0
85.0,0.9986292370291204,1.0
86.0,0.5854280574711124,1.0
87.0,7.754488114581671e-06,0.0
88.0,0.9933121867375249,1.0
89.0,0.9999991270013143,1.0
90.0,0.599435735515271,1.0
91.0,0.9963811902510661,1.0
92.0,1.2606957924697993e-05,0.0
93.0,0.13160026137373895,0.0
94.0,0.0015206908958104118,0.0
95.0,0.211800934788204,0.0
96.0,0.45881467692692884,0.0
97.0,0.9999898333652193,1.0
98.0,0.8115665337165295,1.0
99.0,0.9176036482090787,1.0
100.0,0.9999998606295742,1.0
101.0,0.9683670341100674,1.0
102.0,0.4719857288968524,0.0
103.0,0.6191740857910233,1.0
104.0,0.07233652395542368,0.0
105.0,0.07821259705041697,0.0
106.0,0.07160291422312871,0.0
107.0,0.38959558454321924,0.0
108.0,0.5110555596816816,1.0
109.0,0.5640993119025729,1.0
110.0,0.6005993041100526,1.0
111.0,0.062453131982114204,0.0
112.0,0.9933554638660096,1.0
113.0,0.8731420315640367,1.0
114.0,0.6824880395946721,1.0
115.0,0.1954767673186981,0.0
116.0,0.2743935412570529,0.0
117.0,0.9912107107244504,1.0
118.0,0.9854851339723996,1.0
119.0,0.02775579525779702,0.0
120.0,0.2503934162069076,0.0
121.0,0.9999797838214965,1.0
122.0,0.10507932860538853,0.0
123.0,0.02804709434644098,0.0
124.0,0.01087056478728203,0.0
125.0,0.13783125234811147,0.0
126.0,0.5369807638696636,1.0
127.0,0.943706810879226,1.0
128.0,0.011127358120023105,0.0
129.0,0.03291950617057372,0.0
130.0,0.00039882209340003023,0.0
131.0,0.10854157519459792,0.0
132.0,0.9973038480483493,1.0
133.0,0.20931199497057323,0.0
134.0,0.4765919434008399,0.0
135.0,7.677356911648216e-10,0.0
136.0,0.013622962305646682,0.0
137.0,0.8183693227342126,1.0
138.0,0.039579189274707535,0.0
139.0,0.9957473462152211,1.0
140.0,0.778871698937153,1.0
141.0,0.9999992848881931,1.0
142.0,0.5963243243173795,1.0
143.0,0.9999997477133736,1.0
144.0,0.004958227702058032,0.0
145.0,0.026612839458984173,0.0
146.0,0.08035077420559478,0.0
147.0,0.0025252864253081605,0.0
148.0,0.8979360239957934,1.0
149.0,0.9999977361619057,1.0
150.0,0.468558423947187,0.0
151.0,0.9999999999996692,1.0
152.0,0.6266575938948113,1.0
153.0,0.04430610097921092,0.0
154.0,0.9999649511137977,1.0
155.0,0.016247694538599804,0.0
156.0,0.9999998821401498,1.0
157.0,0.9999988561282768,1.0
158.0,0.020441746034626614,0.0
159.0,0.9896287985420257,1.0
160.0,0.08610245937571659,0.0
161.0,0.1979044093056978,0.0
162.0,0.9958460349725125,1.0
163.0,0.001027351593717024,0.0
164.0,0.9814818129695339,1.0
165.0,0.4053779410908153,0.0
166.0,0.9996392121920772,1.0
167.0,0.15816317814762135,0.0
168.0,0.3965596069775085,0.0
169.0,0.5263158359188153,1.0
170.0,0.131059484585082,0.0
171.0,0.7432909928057423,1.0
172.0,0.9999992675918181,1.0
173.0,6.500783186124366e-20,0.0
174.0,0.0,0.0
175.0,0.7674250552873586,1.0
176.0,0.6774444757523576,1.0
177.0,0.03996932523206647,0.0
178.0,0.33309241742135054,0.0
179.0,0.9726646310338337,1.0
180.0,0.9999956229499627,1.0
181.0,0.8942375457918372,1.0
182.0,0.0036508487643004185,0.0
183.0,0.9999307635668149,1.0
184.0,0.9999954785400995,1.0
185.0,0.5679828689264589,1.0
186.0,0.03751201881525248,0.0
187.0,0.8961394951161701,1.0
188.0,0.02194008173891188,0.0
189.0,0.9999688363841251,1.0
190.0,0.33219078301761734,0.0
191.0,0.055298532338601866,0.0
192.0,0.8980546771041242,1.0
193.0,0.11438589287166315,0.0
194.0,0.5669152085041229,1.0
195.0,0.9745631064976434,1.0
196.0,0.9999999999995648,1.0
197.0,0.001780120868729907,0.0
198.0,0.9999732068252959,1.0
199.0,0.6748718290284258,1.0
200.0,0.7163151074293334,1.0
201.0,0.9438612506085907,1.0
202.0,0.9013232926459929,1.0
203.0,0.5198076581104597,1.0
204.0,0.9999999866368354,1.0
205.0,0.9865275904138293,1.0
206.0,0.13502790210980928,0.0
207.0,1.8377379525054973e-08,0.0
208.0,0.9920255017725882,1.0
209.0,0.01955484328370047,0.0
210.0,0.9999998796487968,1.0
211.0,0.5368821918803243,1.0
212.0,0.9999595965539235,1.0
213.0,0.8940501462518755,1.0
214.0,0.007669767393628945,0.0
215.0,0.9999979248672716,1.0
216.0,0.5679828689264589,1.0
217.0,0.9322687713959343,1.0
218.0,0.14946480421649852,0.0
219.0,1.601676269156729e-05,0.0
220.0,0.004656812173575068,0.0
221.0,0.08059409483667059,0.0
222.0,0.9999441704610186,1.0
223.0,0.9407484555817142,1.0
224.0,0.08953742374876206,0.0
225.0,0.6999025062945546,1.0
226.0,0.9999999816434862,1.0
227.0,0.000925306408514553,0.0
228.0,0.2611243272742437,0.0
229.0,0.9892288994255597,1.0
230.0,0.9856112735154605,1.0
231.0,0.9983543553252486,1.0
232.0,0.9999964130885375,1.0
233.0,0.9998335387839693,1.0
234.0,0.004786811677301494,0.0
235.0,0.8602783532400701,1.0
236.0,0.4786835033801915,0.0
237.0,0.07570727368462621,0.0
238.0,0.7861073213995945,1.0
239.0,0.9940329355954252,1.0
240.0,0.07372819219275645,0.0
241.0,0.9999999999999956,1.0
242.0,0.999403125798811,1.0
243.0,0.9999999987682304,1.0
244.0,0.999923114821495,1.0
245.0,0.0015879461146191406,0.0
246.0,0.22745635183706508,0.0
247.0,0.016626084481649737,0.0
248.0,0.9981136742625538,1.0
249.0,0.5679828689264589,1.0
250.0,0.9999999852981893,1.0
251.0,0.682195782311327,1.0
252.0,0.4553101957167983,0.0
253.0,2.5944202658347996e-08,0.0
254.0,0.7770680306396532,1.0
255.0,0.09773264263666358,0.0
256.0,0.21402209433146202,0.0
257.0,0.057787628707711806,0.0
258.0,0.4940118038234848,0.0
259.0,0.5679828689264589,1.0
260.0,0.42781276905890286,0.0
261.0,0.9999999997847131,1.0
262.0,0.020290551628165128,0.0
263.0,0.30991492331639175,0.0
264.0,0.057816259497734765,0.0
265.0,0.43529343617487876,0.0
266.0,0.5682378891301384,1.0
267.0,0.9966571654807855,1.0
268.0,0.3824717493548918,0.0
269.0,0.49931745636133446,0.0
270.0,0.11291482953880663,0.0
271.0,0.9358744442047019,1.0
272.0,0.9996115662226253,1.0
273.0,0.999853292740835,1.0
274.0,0.2891789287710827,0.0
275.0,0.9651142158815814,1.0
276.0,0.17838677564087987,0.0
277.0,0.5768750651170191,1.0
278.0,0.9509842990135468,1.0
279.0,0.9999968906772588,1.0
280.0,0.9999999729788257,1.0
281.0,0.23278188028358268,0.0
282.0,0.7321495644821727,1.0
283.0,0.025084656881124427,0.0
284.0,3.662586618116027e-12,0.0
285.0,0.015990618911719923,0.0
286.0,0.9999458028565626,1.0
287.0,0.9999986315408076,1.0
288.0,0.9078626644585109,1.0
289.0,0.999568880842612,1.0
290.0,0.983213651458438,1.0
291.0,0.9988530677378893,1.0
292.0,0.059147541930663884,0.0
293.0,0.01730725470312793,0.0
294.0,0.04292829187778716,0.0
295.0,0.9997937177354707,1.0
296.0,0.46656276056023066,0.0
297.0,0.8251047818709453,1.0
298.0,0.04732883681569376,0.0
299.0,0.014608900342902697,0.0
300.0,0.0008805370014678306,0.0
301.0,0.06997120591957053,0.0
302.0,0.9969610881634741,1.0
303.0,0.3662582718739251,0.0
304.0,0.9999999976677896,1.0
305.0,0.7411907464071381,1.0
306.0,0.999260632177554,1.0
307.0,0.10605850109832314,0.0
308.0,0.028263400808907536,0.0
309.0,0.31276480123582906,0.0
310.0,0.9514200249861969,1.0
311.0,0.9826165165281322,1.0
312.0,0.06658096799685044,0.0
313.0,0.5679828689264589,1.0
314.0,0.9997073839650107,1.0
315.0,0.9999996368139983,1.0
316.0,0.9999997662198756,1.0
317.0,0.0027453195429003184,0.0
318.0,0.22697389561770162,0.0
319.0,0.6851833088566864,1.0
320.0,0.9999854581844569,1.0
321.0,0.995033578888122,1.0
322.0,1.4991005950028474e-07,0.0
323.0,0.022839140866297625,0.0
324.0,0.01339945395150757,0.0
325.0,0.9999989855544763,1.0
326.0,0.5679828689264589,1.0
327.0,0.9999832603055923,1.0
328.0,0.999957578621547,1.0
329.0,0.045995387923640815,0.0
330.0,0.9999991987663206,1.0
331.0,0.47288836758550346,0.0
332.0,0.5052968055176353,1.0
333.0,3.9628874654040954e-05,0.0
334.0,0.999957124331106,1.0
335.0,0.9999976046829712,1.0
336.0,0.18727884646120077,0.0
337.0,0.06464969697393194,0.0
338.0,0.0028270398716659035,0.0
339.0,0.9999905490419296,1.0
340.0,0.5489249547142312,1.0
341.0,0.6765057318979621,1.0
342.0,0.9999999999175295,1.0
343.0,0.5679828689264589,1.0
344.0,0.9442357136000598,1.0
345.0,0.9949788165580279,1.0
346.0,0.9753935198813475,1.0
347.0,0.9978413126240164,1.0
348.0,0.7987596182579009,1.0
349.0,0.0975206065165937,0.0
350.0,0.9999998313008711,1.0
351.0,0.9383251271204417,1.0
352.0,0.18991574823279975,0.0
353.0,0.050690264536284904,0.0
354.0,0.6229347865702245,1.0
355.0,0.007397889620132517,0.0
356.0,0.01079472584243642,0.0
357.0,0.9999718776265104,1.0
358.0,0.9951626286474747,1.0
359.0,0.00040885457433655406,0.0
360.0,0.999402686475827,1.0
361.0,0.9999987948049543,1.0
362.0,0.21993082149856752,0.0
363.0,0.4877735676974459,0.0
364.0,0.0043251931986311816,0.0
365.0,0.5679828689264589,1.0
366.0,0.9999981341052965,1.0
367.0,0.3153953156011199,0.0
368.0,0.9907911042759282,1.0
369.0,0.05268278663019578,0.0
370.0,0.3478676877775942,0.0
371.0,0.9998802299532383,1.0
372.0,0.9970303580158518,1.0
373.0,0.9996274936687631,1.0
374.0,0.03587272920489016,0.0
375.0,0.9999999604873828,1.0
376.0,0.2427576054150948,0.0
377.0,0.004261770444585028,0.0
378.0,0.8475981805415449,1.0
379.0,0.5679828689264589,1.0
380.0,0.5679828689264589,1.0
381.0,0.9999762316247879,1.0
382.0,0.9158130973475419,1.0
383.0,0.000110595142064405,0.0
384.0,0.9999999999999996,1.0
385.0,0.5679828689264589,1.0
386.0,0.9961907927592831,1.0
387.0,0.01023634779198712,0.0
388.0,0.007325063078143937,0.0
389.0,0.00756490666417175,0.0
390.0,0.0037383404056451045,0.0
391.0,0.5679828689264589,1.0
392.0,0.31659331042516625,0.0
393.0,0.9916300235948231,1.0
394.0,0.7738399942503076,1.0
395.0,0.43413563619394024,0.0
396.0,0.9061065484831465,1.0
397.0,0.9999999997519156,1.0
398.0,0.5679828689264589,1.0
399.0,0.01078173429314468,0.0
400.0,0.37423730695574875,0.0
401.0,0.5751371840441375,1.0
402.0,0.5503351446674999,1.0
403.0,0.9997775442001563,1.0
404.0,0.34120861920696627,0.0
405.0,0.9152800322049466,1.0
406.0,0.9824541068462648,1.0
407.0,0.060267308020274725,0.0
408.0,0.9999999999722062,1.0
409.0,0.9958958767075166,1.0
410.0,0.49675077665151257,0.0
411.0,0.15039294748523177,0.0
412.0,0.5679828689264589,1.0
413.0,0.9966841255563866,1.0
414.0,0.01931499914641298,0.0
415.0,0.00022817183549391916,0.0
416.0,0.9999999992105195,1.0
417.0,0.6332182427786618,1.0
418.0,0.6523754713146839,1.0
419.0,0.08033127342968144,0.0
420.0,0.9999417845305067,1.0
421.0,0.7741562315950009,1.0
422.0,0.998611862613231,1.0
423.0,0.9767552771829052,1.0
424.0,0.999993486760913,1.0
425.0,0.002937034377916592,0.0
426.0,0.06337966030347977,0.0
427.0,0.15425531249694588,0.0
428.0,0.4421322450649862,0.0
429.0,0.37571202751613725,0.0
430.0,0.9999984763778611,1.0
431.0,0.9999996537971219,1.0
432.0,0.5309642097375226,1.0
433.0,0.6424045241257769,1.0
434.0,0.9999999394149756,1.0
435.0,0.9999996263525777,1.0
436.0,0.9999973281405751,1.0
437.0,0.7299425113325375,1.0
438.0,0.42720271644600016,0.0
439.0,0.0068091920305484305,0.0
440.0,0.9450129912038068,1.0
441.0,1.0,1.0
442.0,0.9976988974827461,1.0
443.0,0.9999958013780611,1.0
444.0,0.9999999713162083,1.0
445.0,0.5670173018899792,1.0
446.0,0.2867207148579191,0.0
447.0,0.9994697274437777,1.0
448.0,0.9999843745875194,1.0
449.0,7.100825947715807e-06,0.0
450.0,0.9999999936988262,1.0
451.0,0.012322983076979398,0.0
452.0,0.999998861554503,1.0
453.0,0.9999989755274133,1.0
454.0,0.09139303168132666,0.0
455.0,0.059225472802455416,0.0
456.0,0.5679828689264589,1.0
457.0,0.7763400519588777,1.0
458.0,0.8392264038904098,1.0
459.0,0.4599057497415255,0.0
460.0,0.4142293368128332,0.0
461.0,0.2645845199762373,0.0
462.0,0.1145337376167886,0.0
463.0,0.03518524895194699,0.0
464.0,0.5679828689264589,1.0
465.0,0.7820716138471753,1.0
466.0,0.16729224057138298,0.0
467.0,0.6133423538850153,1.0
468.0,0.025627175461554835,0.0
469.0,0.37162107206127293,0.0
470.0,0.394564026333154,0.0
471.0,0.08248499012202079,0.0
472.0,0.28606824629340105,0.0
473.0,0.03045417439756523,0.0
474.0,0.9970412147883163,1.0
475.0,1.0,1.0
476.0,0.11185907738227005,0.0
477.0,0.9999997253071649,1.0
478.0,0.603993439165462,1.0
479.0,0.5398946501629374,1.0
480.0,0.0014757631138201427,0.0
481.0,0.9999998036132819,1.0
482.0,0.9875648820269427,1.0
483.0,0.9995358236459326,1.0
484.0,0.9852938562774886,1.0
485.0,0.44114883431270363,0.0
486.0,0.49776293885131373,0.0
487.0,0.9999960371992977,1.0
488.0,0.9999993587106577,1.0
489.0,0.3241926931393856,0.0
490.0,0.33849106075972724,0.0
491.0,0.9653719215702641,1.0
492.0,0.0027652730512917664,0.0
493.0,0.24063835117367502,0.0
494.0,0.09586666290216103,0.0
495.0,0.500756142567221,1.0
496.0,0.99300121004259,1.0
497.0,0.9999817409830059,1.0
498.0,0.8361028200197809,1.0
499.0,0.04306052851454978,0.0
500.0,0.0028905483695574694,0.0
501.0,0.566309396475355,1.0
502.0,0.9999881829343256,1.0
503.0,0.4832544503277859,0.0
504.0,0.7151606769211041,1.0
505.0,0.3180530581684231,0.0
506.0,0.9999999978995318,1.0
507.0,0.2502609555189652,0.0
508.0,0.9962340884876895,1.0
509.0,0.9999065081628629,1.0
510.0,0.17043893524536113,0.0
511.0,0.02196356694263465,0.0
512.0,0.9999965651149035,1.0
513.0,0.9998451731444732,1.0
514.0,0.7574148783445005,1.0
515.0,0.0007393897114548606,0.0
516.0,0.018776904346986114,0.0
517.0,0.9969293513585596,1.0
518.0,0.9972330855439706,1.0
519.0,0.9344481166966812,1.0
520.0,0.9985591269872374,1.0
521.0,0.9707554321445272,1.0
522.0,0.014344289583755405,0.0
523.0,0.3375717604195535,0.0
524.0,0.047759051205631814,0.0
525.0,0.0022394388794120665,0.0
526.0,0.029783434319302002,0.0
527.0,0.057787628707711806,0.0
528.0,0.8323126138162911,1.0
529.0,0.9998481502291385,1.0
530.0,0.7351274230499608,1.0
531.0,0.9970745182146193,1.0
532.0,0.9999994542624336,1.0
533.0,0.9352478882567343,1.0
534.0,0.5679828689264589,1.0
535.0,0.9999999999999667,1.0
536.0,0.9999999388181273,1.0
537.0,0.013053947434104755,0.0
538.0,0.9999999961055448,1.0
539.0,0.0005758889398678888,0.0
540.0,0.9994104374971615,1.0
541.0,0.21684173582281951,0.0
542.0,0.2981713851175718,0.0
543.0,0.9998493566021702,1.0
544.0,0.9999803387164199,1.0
545.0,0.19570957821655655,0.0
546.0,0.4279629271731266,0.0
547.0,0.49650580525516863,0.0
548.0,0.5679828689264589,1.0
549.0,0.9907579613761736,1.0
550.0,0.4230159945237866,0.0
551.0,0.682402072768521,1.0
552.0,0.9999998094011678,1.0
553.0,0.4947023026201407,0.0
554.0,0.3211126150807142,0.0
555.0,0.5269273062709952,1.0
556.0,0.04201178061302826,0.0
557.0,0.9411157061803681,1.0
558.0,0.9434848590286499,1.0
559.0,0.05656130152149946,0.0
560.0,0.9999999996123916,1.0
561.0,0.7552827533330894,1.0
562.0,0.7375495585833185,1.0
563.0,0.9999976421405345,1.0
564.0,0.12561729820107917,0.0
565.0,0.3660436557687232,0.0
566.0,0.9999840752281915,1.0
567.0,0.8417602309072028,1.0
568.0,0.0034119080542505445,0.0
569.0,0.9999998245565712,1.0
570.0,0.9885290381989993,1.0
571.0,0.999995206244055,1.0
572.0,0.9999982771347484,1.0
573.0,0.9999992587478631,1.0
574.0,0.15883266466639498,0.0
575.0,0.01285080889762909,0.0
576.0,0.9980396208697805,1.0
577.0,0.01144670725289393,0.0
578.0,0.00015117867503027654,0.0
579.0,0.9243804660263122,1.0
580.0,0.9931461798641578,1.0
581.0,0.2671701687769794,0.0
582.0,0.9857316422867886,1.0
583.0,0.0711754631930961,0.0
584.0,0.8642623959564013,1.0
585.0,0.13863877503775304,0.0
586.0,0.9995573447681133,1.0
587.0,0.9985214338815611,1.0
588.0,0.13413068034197703,0.0
589.0,0.41994036070269264,0.0
590.0,0.999574493416403,1.0
591.0,0.9999999553712025,1.0
592.0,0.011617510059706028,0.0
593.0,0.9724248676744204,1.0
594.0,0.001174713146832186,0.0
595.0,0.5679828689264589,1.0
596.0,0.4962756195453926,0.0
597.0,0.8119675921778808,1.0
598.0,0.9910698013599671,1.0
599.0,0.3644424271678809,0.0
600.0,0.03714941276658455,0.0
601.0,0.9993053251832259,1.0
602.0,0.9676397087564415,1.0
603.0,0.3254794214087362,0.0
604.0,0.9999938093012356,1.0
605.0,0.9999997922086069,1.0
606.0,0.9999677982657028,1.0
607.0,0.03862155312533869,0.0
608.0,0.7532948560510313,1.0
609.0,0.9414895240012091,1.0
610.0,0.2046505601030285,0.0
611.0,0.5679828689264589,1.0
612.0,0.0007116171188263735,0.0
613.0,0.6995801705769285,1.0
614.0,0.8008249105388995,1.0
615.0,0.014307626768278464,0.0
616.0,0.5737129077200844,1.0
617.0,0.9947879449947675,1.0
618.0,0.18811489802274786,0.0
619.0,4.2902700480427525e-05,0.0
620.0,0.892231789354743,1.0
621.0,0.5579550623975836,1.0
622.0,0.9888949397600583,1.0
623.0,0.9982875402776435,1.0
624.0,0.9777037012309768,1.0
625.0,0.9999999749542838,1.0
626.0,0.49902003062812034,0.0
627.0,0.6088967328164093,1.0
628.0,0.07382888047283248,0.0
629.0,0.9999997572895737,1.0
630.0,0.9999992802597097,1.0
631.0,0.9999993948009901,1.0
632.0,0.5360828484782414,1.0
633.0,0.5679828689264589,1.0
634.0,0.8007343251988427,1.0
635.0,0.9542384142769862,1.0
636.0,0.003750842551436083,0.0
637.0,0.9999964224934552,1.0
638.0,0.034804406283444986,0.0
639.0,0.5509615008175198,1.0
640.0,0.05859472607644313,0.0
641.0,0.012628349707549924,0.0
642.0,0.8365942199088003,1.0
643.0,0.9997788331084847,1.0
644.0,0.9886591129892448,1.0
645.0,0.9950367607748175,1.0
646.0,0.3059254111343018,0.0
647.0,0.9219496081542611,1.0
648.0,0.0621509920885865,0.0
649.0,0.12385535551588556,0.0
650.0,0.5680569684401159,1.0
651.0,0.7195516241808145,1.0
652.0,0.9999999652683736,1.0
653.0,0.00903066864460931,0.0
654.0,0.8546623346876837,1.0
655.0,0.8918295811033229,1.0
656.0,0.4043466624913632,0.0
657.0,0.9835968807311519,1.0
658.0,2.3371763644458337e-05,0.0
659.0,0.9134436764101489,1.0
660.0,0.9999824379655354,1.0
661.0,0.9999868604443461,1.0
662.0,0.9998611826655689,1.0
663.0,3.9188442314035984e-19,0.0
664.0,0.2417240516443391,0.0
665.0,0.2086017316824897,0.0
666.0,0.05275328739528204,0.0
667.0,0.5084370646194277,1.0
668.0,0.07011468493760116,0.0
669.0,0.9999263351365829,1.0
670.0,0.9094286541715695,1.0
671.0,0.9999068820340422,1.0
672.0,0.9997346816630499,1.0
673.0,0.9999407399699604,1.0
674.0,0.9999986876046447,1.0
675.0,0.28185158490839507,0.0
676.0,0.08243379593760028,0.0
677.0,1.0,1.0
678.0,0.19950830185019167,0.0
679.0,0.997255866378212,1.0
680.0,0.5679828689264589,1.0
681.0,0.9320732046318143,1.0
682.0,0.01811699594974846,0.0
683.0,0.9999986979479967,1.0
684.0,0.9407609992295032,1.0
685.0,0.04637883869837023,0.0
686.0,9.402621408605169e-05,0.0
687.0,0.30552285298930115,0.0
688.0,0.050060092443230085,0.0
689.0,0.9292825606206113,1.0
690.0,0.48186985254272224,0.0
691.0,0.9999996980878832,1.0
692.0,0.9961924768432349,1.0
693.0,0.7953997483074312,1.0
694.0,0.00042331355470645354,0.0
695.0,0.7524183516422203,1.0
696.0,0.3849932018321294,0.0
697.0,0.10964375166044237,0.0
698.0,0.0006277208923410721,0.0
699.0,0.9371231746695504,1.0
700.0,0.878343090717875,1.0
701.0,0.8187676481907493,1.0
702.0,0.9407484555817142,1.0
703.0,0.1443294331003586,0.0
704.0,0.9999999295349066,1.0
705.0,0.30493567359484947,0.0
706.0,8.973639338202456e-05,0.0
707.0,0.6911012239797416,1.0
708.0,0.42557877899009444,0.0
709.0,0.025383211381767735,0.0
710.0,0.9998111521020648,1.0
711.0,0.16163961490067738,0.0
712.0,0.0028847682213098648,0.0
713.0,0.985028155104528,1.0
714.0,0.4176613522589553,0.0
715.0,0.3018791017301221,0.0
716.0,0.5679828689264589,1.0
717.0,0.1794053020255312,0.0
718.0,0.16658465472527362,0.0
719.0,0.010755716431665984,0.0
720.0,0.42474121691801525,0.0
721.0,0.9934558013687902,1.0
722.0,0.8350385388785764,1.0
723.0,0.4218701518130326,0.0
724.0,0.9400744392777334,1.0
725.0,0.9946777290543748,1.0
726.0,0.3810608210764758,0.0
727.0,0.9068545806408206,1.0
728.0,0.12731400900144602,0.0
729.0,0.43444087597211456,0.0
730.0,0.6306455025630723,1.0
731.0,0.016665789901792072,0.0
732.0,0.9505750031019226,1.0
733.0,0.9999999990264814,1.0
734.0,0.5941990907232715,1.0
735.0,0.8295384431273665,1.0
736.0,0.6530085286853923,1.0
737.0,0.9997339582315525,1.0
738.0,0.14155192433527272,0.0
739.0,0.14741312213643373,0.0
740.0,0.5560186749525132,1.0
741.0,0.08226477922933012,0.0
742.0,0.9999939117803612,1.0
743.0,0.31313935740129073,0.0
744.0,0.4749317757160754,0.0
745.0,0.9935274181478777,1.0
746.0,0.5033233234282255,1.0
747.0,0.23420819731771184,0.0
748.0,0.035657606594600724,0.0
749.0,3.599845757091166e-05,0.0
750.0,0.008591051816205775,0.0
751.0,0.8172216065297302,1.0
752.0,0.4209448071763231,0.0
753.0,0.17987668568594664,0.0
754.0,0.9998529441990373,1.0
755.0,0.015246523842901316,0.0
756.0,0.9999811848430133,1.0
757.0,0.735429628570142,1.0
758.0,0.10237584673659077,0.0
759.0,0.010790770831035204,0.0
760.0,0.5906185669010351,1.0
761.0,0.9332165025747199,1.0
762.0,0.9999962199408113,1.0
763.0,0.5679828689264589,1.0
764.0,0.8475254336134571,1.0
765.0,0.9573278625243544,1.0
766.0,0.32280131803671835,0.0
767.0,0.38083822697851843,0.0
768.0,0.36621098505761335,0.0
769.0,0.9973636275213444,1.0
770.0,0.9999995965112174,1.0
771.0,0.9846713761059819,1.0
772.0,0.9999999971157119,1.0
773.0,0.03201115935758249,0.0
774.0,0.5679828689264589,1.0
775.0,0.0244642302829446,0.0
776.0,0.2145327851659146,0.0
777.0,0.45913326659747306,0.0
778.0,0.9999991021669538,1.0
779.0,0.5679828689264589,1.0
780.0,0.8742954195825352,1.0
781.0,0.997903812805303,1.0
782.0,0.5347255842715121,1.0
783.0,0.9999456193832861,1.0
784.0,0.6981219092796133,1.0
785.0,0.06988540930319548,0.0
786.0,0.9999904985537041,1.0
787.0,0.6791057523059187,1.0
788.0,5.7167362669969546e-05,0.0
789.0,0.15358499925258373,0.0
790.0,0.9999967847948524,1.0
791.0,0.8674665060579942,1.0
792.0,0.9985774810507432,1.0
793.0,0.8323126138162911,1.0
794.0,0.1997710457708613,0.0
795.0,0.11548443004950047,0.0
796.0,0.9947436914511288,1.0
797.0,0.7416557930025999,1.0
798.0,0.0442721121961497,0.0
799.0,0.9969318521965704,1.0
800.0,0.9853843899784799,1.0
801.0,0.6286029101176348,1.0
802.0,0.07497549161224856,0.0
803.0,0.9721608351563232,1.0
804.0,0.9999172700336736,1.0
805.0,0.99995909554903,1.0
806.0,0.9999976319097345,1.0
807.0,0.5261905653770568,1.0
808.0,0.14308034392853144,0.0
809.0,0.998068144703455,1.0
810.0,0.9368928328363786,1.0
811.0,0.9997929366456949,1.0
812.0,0.5114414658466947,1.0
813.0,0.0014712988429621476,0.0
814.0,0.7473159276607251,1.0
815.0,0.15833667797848844,0.0
816.0,0.9784188607782149,1.0
817.0,0.9998961948822154,1.0
818.0,0.9936132945867511,1.0
819.0,0.776233664875511,1.0
820.0,0.008948924485885797,0.0
821.0,0.8772753939759327,1.0
822.0,0.5433975630883355,1.0
823.0,0.9999999606756478,1.0
824.0,0.13215885528590393,0.0
825.0,0.9191270851552987,1.0
826.0,0.6014411816856411,1.0
827.0,0.524673361615389,1.0
828.0,0.2333354151294358,0.0
829.0,0.19175269374539525,0.0
830.0,0.9999993382908825,1.0
831.0,0.9998874474755366,1.0
832.0,0.8183245681466219,1.0
833.0,0.009598204231669696,0.0
834.0,0.7160867553518414,1.0
835.0,0.9999993065301467,1.0
836.0,0.5243152467075146,1.0
837.0,0.014093364562276807,0.0
838.0,0.11832128559626975,0.0
839.0,0.07176732953156381,0.0
840.0,0.06697149778252015,0.0
841.0,0.5325063393608157,1.0
842.0,0.8514367471306592,1.0
843.0,0.4955948351588246,0.0
844.0,0.006281467260705265,0.0
845.0,0.8777063302746669,1.0
846.0,0.024437733532612787,0.0
847.0,0.025377443566469517,0.0
848.0,0.49932315279816436,0.0
849.0,0.4098384035999025,0.0
850.0,0.9999865602998024,1.0
851.0,0.0019265448440577721,0.0
852.0,0.41335002030834594,0.0
853.0,0.49869251911597856,0.0
854.0,0.9254677589497714,1.0
855.0,0.016974930915593916,0.0
856.0,0.2687818877349345,0.0
857.0,0.9992901550605482,1.0
858.0,0.9999999991653643,1.0
859.0,0.13427911340783272,0.0
860.0,0.012099080692757181,0.0
861.0,0.5679828689264589,1.0
862.0,0.522540714425382,1.0
863.0,0.11853879131671288,0.0
864.0,0.021593002505883446,0.0
865.0,0.0864612818019254,0.0
866.0,0.1340878947657923,0.0
867.0,0.07417522470583045,0.0
868.0,0.5679828689264589,1.0
869.0,2.907581124251736e-06,0.0
870.0,0.0019996947740909656,0.0
871.0,0.008729731553297251,0.0
872.0,0.9999988573894686,1.0
873.0,0.5399267915794334,1.0
874.0,0.28210272744186343,0.0
875.0,0.045833302737017044,0.0
876.0,0.02638502918257475,0.0
877.0,0.5882000898976364,1.0
878.0,0.6160808798914009,1.0
879.0,0.9681588989277924,1.0
880.0,0.9347070875488884,1.0
881.0,0.6818372217726125,1.0
882.0,0.9999999028871623,1.0
883.0,0.20847826818823634,0.0
884.0,0.26893861095626365,0.0
885.0,0.9749977597014569,1.0
886.0,0.6087708743683071,1.0
887.0,0.005758340639202321,0.0
888.0,1.0,1.0
889.0,0.13721968644719315,0.0
890.0,0.0011241183631667802,0.0
891.0,0.9996443864346304,1.0
892.0,0.0011540673016674692,0.0
893.0,0.9877005788853339,1.0
894.0,0.006224940310182768,0.0
895.0,0.30802309805111694,0.0
896.0,0.879758191079084,1.0
897.0,0.9994870560869686,1.0
898.0,0.9999801389773859,1.0
899.0,0.009203254766761048,0.0
900.0,0.034727407873266586,0.0
901.0,0.39474474974771884,0.0
902.0,0.45331280434956067,0.0
903.0,0.031101801843953645,0.0
904.0,0.004597534777684941,0.0
905.0,0.9999270202146239,1.0
906.0,0.7187111020449936,1.0
907.0,0.9971373336581877,1.0
908.0,1.5430628030783397e-11,0.0
909.0,0.033706784004378904,0.0
910.0,0.9725196730847306,1.0
911.0,0.9199341859798006,1.0
912.0,0.03463459518452384,0.0
913.0,0.012717720902701264,0.0
914.0,0.022768150378393137,0.0
915.0,0.000710455009902157,0.0
916.0,0.0031123753725759242,0.0
917.0,0.9074259558855704,1.0
918.0,0.2789228868338348,0.0
919.0,0.8940947878585082,1.0
920.0,4.02525807787323e-06,0.0
921.0,0.9997597761523691,1.0
922.0,0.8352630304168214,1.0
923.0,0.10780685783047042,0.0
924.0,0.8927363813024255,1.0
925.0,0.9999999062369108,1.0
926.0,0.09255704951459783,0.0
927.0,0.31023121706695816,0.0
928.0,0.4975659643133577,0.0
929.0,0.8317499919048118,1.0
930.0,0.001452849666601533,0.0
931.0,0.04642898374446125,0.0
932.0,0.9999999999998193,1.0
933.0,0.9363126883686892,1.0
934.0,0.9999990891770552,1.0
935.0,0.31490834765644454,0.0
936.0,0.7602890699719932,1.0
937.0,0.9994115850312791,1.0
938.0,0.009526427000541158,0.0
939.0,0.9999994062589032,1.0
940.0,0.17716498077686754,0.0
941.0,0.4201685632640978,0.0
942.0,0.5679828689264589,1.0
943.0,0.9999966817782905,1.0
944.0,0.9999915306177969,1.0
945.0,0.9996087280660558,1.0
946.0,0.20167079588548786,0.0
947.0,0.997754762725539,1.0
948.0,0.9999715266304796,1.0
949.0,0.2129464811858206,0.0
950.0,0.014226470978168456,0.0
951.0,0.9999324162722043,1.0
952.0,0.11024040536386726,0.0
953.0,0.9999959068542621,1.0
954.0,0.580295205728157,1.0
955.0,0.29440284365486086,0.0
956.0,0.5964725808947875,1.0
957.0,0.47302958710914006,0.0
958.0,0.9288778608386867,1.0
959.0,0.03561861964712578,0.0
960.0,0.019885369780103742,0.0
961.0,0.047575328216246555,0.0
962.0,0.9963648386727254,1.0
963.0,0.784300034938062,1.0
964.0,0.9994115850312791,1.0
965.0,0.31861391966826696,0.0
966.0,0.9450553230813113,1.0
967.0,0.06791721891195444,0.0
968.0,0.022363436224213898,0.0
969.0,8.253052108308575e-05,0.0
970.0,0.18119525854038257,0.0
971.0,0.9967327212191989,1.0
972.0,4.122404536866525e-06,0.0
973.0,0.9967297166589985,1.0
974.0,0.9996630354204975,1.0
975.0,0.9974241651017607,1.0
976.0,0.7497018202837042,1.0
977.0,1.0,1.0
978.0,0.03900373779644582,0.0
979.0,0.09259312534964628,0.0
980.0,0.06367547420684186,0.0
981.0,0.07027019776927595,0.0
982.0,0.9994552280154394,1.0
983.0,0.42799790420346884,0.0
984.0,0.46778088640353044,0.0
985.0,0.0037531333969043064,0.0
986.0,0.01983760101596477,0.0
987.0,0.9999999999152471,1.0
988.0,0.14612703207584377,0.0
989.0,0.03668718184351828,0.0
990.0,0.5617180744126641,1.0
991.0,0.9558544389773399,1.0
992.0,0.30813032519083056,0.0
993.0,0.706488152587168,1.0
994.0,0.20138442925096992,0.0
995.0,0.1228077107840726,0.0
996.0,0.9933750706858419,1.0
997.0,0.9992972146014063,1.0
998.0,0.01148783085917856,0.0
999.0,0.9988175190012966,1.0
1000.0,0.9910974800311361,1.0
1001.0,0.009457703641927493,0.0
1002.0,0.9640329643959794,1.0
1003.0,0.5679828689264589,1.0
1004.0,0.01116792672830738,0.0
1005.0,0.4815932618429506,0.0
1006.0,0.5223375931166295,1.0
1007.0,0.038079462602237796,0.0
1008.0,0.02712306514006731,0.0
1009.0,0.00037052661450276625,0.0
1010.0,0.999999590568539,1.0
1011.0,0.01742203344962807,0.0
1012.0,0.8702907311029078,1.0
1013.0,0.9909399758793228,1.0
1014.0,0.934813283880384,1.0
1015.0,0.5020840083677386,1.0
1016.0,0.5309244053187617,1.0
1017.0,0.2928702324921622,0.0
1018.0,0.34907036130139263,0.0
1019.0,0.051671010487122256,0.0
1020.0,0.07249714506715567,0.0
1021.0,0.9999974640434994,1.0
1022.0,0.9933087239266223,1.0
1023.0,0.022474975703787984,0.0
1024.0,0.91982697729756,1.0
1025.0,0.04819220935905281,0.0
1026.0,0.8927289363107417,1.0
1027.0,0.45526411284011514,0.0
1028.0,0.5795161591913263,1.0
1029.0,0.00695404167810529,0.0
1030.0,0.9990535867387201,1.0
1031.0,0.9605308294010172,1.0
1032.0,0.015528507476782638,0.0
1033.0,7.356404536043713e-05,0.0
1034.0,0.9996258126809552,1.0
1035.0,0.38276138384276936,0.0
1036.0,0.9985308431030817,1.0
1037.0,0.7321658627402939,1.0
1038.0,0.8246719533687059,1.0
1039.0,0.33234106283829656,0.0
1040.0,0.4524783524901173,0.0
1041.0,0.8652517890132269,1.0
1042.0,0.9999690208363343,1.0
1043.0,0.022885377297875976,0.0
1044.0,0.556758637867871,1.0
1045.0,0.11859835788431346,0.0
1046.0,0.9935848304485646,1.0
1047.0,0.47349327650418804,0.0
1048.0,0.9334110815605944,1.0
1049.0,0.131057065233503,0.0
1050.0,0.4010034269925298,0.0
1051.0,0.9968448028593713,1.0
1052.0,0.9584414655245175,1.0
1053.0,0.9938324309352796,1.0
1054.0,1.0,1.0
1055.0,7.733776389224034e-05,0.0
1056.0,0.9999995701208182,1.0
1057.0,0.9996520581038366,1.0
1058.0,0.6990852317155517,1.0
1059.0,0.2527840916538042,0.0
1060.0,0.20931523861496312,0.0
1061.0,0.3734550558416284,0.0
1062.0,0.5679828689264589,1.0
1063.0,0.999999152032614,1.0
1064.0,0.7292704818270629,1.0
1065.0,0.5679828689264589,1.0
1066.0,0.6246917045546461,1.0
1067.0,0.006543091683981379,0.0
1068.0,0.8781997562040194,1.0
1069.0,0.9999999844204726,1.0
1070.0,0.0006531093063205625,0.0
1071.0,0.728389855114633,1.0
1072.0,0.20284419428705733,0.0
1073.0,0.0016922598080373198,0.0
1074.0,0.8952597864008025,1.0
1075.0,0.26579029363726875,0.0
1076.0,0.0160577438543118,0.0
1077.0,4.484277821578765e-12,0.0
1078.0,0.23636118793518776,0.0
1079.0,0.999988229730577,1.0
1080.0,0.0041306517866414785,0.0
1081.0,0.05886489734814794,0.0
1082.0,3.6374115726088456e-05,0.0
1083.0,0.9996959140974903,1.0
1084.0,0.5679828689264589,1.0
1085.0,0.9995680498242085,1.0
1086.0,0.9952223333424454,1.0
1087.0,0.9987583197050358,1.0
1088.0,0.9441519172075125,1.0
1089.0,0.999999737805355,1.0
1090.0,0.00844751989248987,0.0
1091.0,0.5679828689264589,1.0
1092.0,0.44524265883238845,0.0
1093.0,0.9999999747708481,1.0
1094.0,0.6610825958496919,1.0
1095.0,0.920925821790753,1.0
1096.0,0.5432083999164702,1.0
1097.0,0.9999709232933467,1.0
1098.0,0.9998236867585654,1.0
1099.0,0.9999999998184501,1.0
1100.0,0.9999877697184795,1.0
1101.0,0.9052266305786435,1.0
1102.0,0.9999999814970538,1.0
1103.0,0.9900302373404178,1.0
1104.0,0.31010071355983104,0.0
1105.0,0.36011556706144365,0.0
1106.0,0.9784497668258579,1.0
1107.0,0.025979061092591647,0.0
1108.0,0.6763252283503375,1.0
1109.0,0.07086237091013829,0.0
1110.0,0.9911402243477594,1.0
1111.0,0.49500540014294003,0.0
1112.0,0.01684068194978105,0.0
1113.0,0.9382825170883996,1.0
1114.0,0.20326843160809244,0.0
1115.0,0.5679828689264589,1.0
1116.0,0.4491512563308417,0.0
1117.0,0.3969739821828461,0.0
1118.0,0.13181980833081358,0.0
1119.0,0.999995936920561,1.0
1120.0,0.9999997849491237,1.0
1121.0,0.00896504074114833,0.0
1122.0,0.32071494582142557,0.0
1123.0,0.9965294858455402,1.0
1124.0,0.5679828689264589,1.0
1125.0,0.7185209166902106,1.0
1126.0,0.9999775553273625,1.0
1127.0,0.9815521504177851,1.0
1128.0,0.001667509976375836,0.0
1129.0,0.970467126207265,1.0
1130.0,0.9962142817471359,1.0
1131.0,0.2774314248995127,0.0
1132.0,0.9999986772448015,1.0
1133.0,0.0020777617455795573,0.0
1134.0,0.9999926267316873,1.0
1135.0,0.9991562479563296,1.0
1136.0,0.9999999341360356,1.0
1137.0,0.5205249914194908,1.0
1138.0,0.9765972918729569,1.0
1139.0,0.9999026564567168,1.0
1140.0,0.6594587730497226,1.0
1141.0,0.5679828689264589,1.0
1142.0,0.9999969311447342,1.0
1143.0,0.09531080931809169,0.0
1144.0,0.48740541292003153,0.0
1145.0,0.11778111361383815,0.0
1146.0,0.5271716349827673,1.0
1147.0,0.9159680894168709,1.0
1148.0,0.5679828689264589,1.0
1149.0,0.999999999070456,1.0
1150.0,0.9999879319445004,1.0
1151.0,0.28355352384951804,0.0
1152.0,0.9999632245284082,1.0
1153.0,0.999800842123654,1.0
1154.0,0.6184389947754836,1.0
1155.0,0.4739888682029528,0.0
1156.0,0.9512192908375117,1.0
1157.0,0.2266119073098677,0.0
1158.0,0.9999889533662905,1.0
1159.0,0.18568264231720777,0.0
1160.0,0.25262633063763823,0.0
1161.0,0.545068031253758,1.0
1162.0,0.005667843662292391,0.0
1163.0,0.5597908179497036,1.0
1164.0,0.4725979287220699,0.0
1165.0,0.3154793878368591,0.0
1166.0,0.00020568672971924663,0.0
1167.0,0.25880987145171264,0.0
1168.0,0.9999912574718179,1.0
1169.0,0.0008706104175679086,0.0
1170.0,0.909154436631342,1.0
1171.0,0.9386767120268644,1.0
1172.0,0.9987253349620453,1.0
1173.0,0.564186074712945,1.0
1174.0,0.21340379018227953,0.0
1175.0,0.5983911108259513,1.0
1176.0,0.9998360698332767,1.0
1177.0,0.02360210732427069,0.0
1178.0,0.06988688027137266,0.0
1179.0,0.9999999999356737,1.0
1180.0,0.1985191114388046,0.0
1181.0,0.5193622338045607,1.0
1182.0,0.9995431545030359,1.0
1183.0,0.3680655023846962,0.0
1184.0,0.5679828689264589,1.0
1185.0,0.7990254777593462,1.0
1186.0,0.8282079005656355,1.0
1187.0,0.3966662325351093,0.0
1188.0,0.44561980761982267,0.0
1189.0,0.9377049549240065,1.0
1190.0,0.9999999999999174,1.0
1191.0,9.298177503833116e-06,0.0
1192.0,0.08101138819221165,0.0
1193.0,0.2707998738158182,0.0
1194.0,0.999498596769394,1.0
1195.0,0.004668101621096325,0.0
1196.0,0.9999931022981299,1.0
1197.0,0.2297925800517508,0.0
1198.0,0.17369904056200833,0.0
1199.0,0.4148524744497792,0.0
1200.0,0.007281680246730289,0.0
1201.0,0.031260050817960905,0.0
1202.0,0.608974660697807,1.0
1203.0,0.5679828689264589,1.0
1204.0,0.9995444061436807,1.0
1205.0,0.8217472392053103,1.0
1206.0,3.443802599852611e-05,0.0
1207.0,0.8845536715019093,1.0
1208.0,0.9269222372390864,1.0
1209.0,0.9807068330590079,1.0
1210.0,0.7409078935774281,1.0
1211.0,0.9999999849948866,1.0
1212.0,0.0,0.0
1213.0,0.8068234843800526,1.0
1214.0,0.9999992536256352,1.0
1215.0,0.012701451113174486,0.0
1216.0,0.9859275090246183,1.0
1217.0,0.9953729863899765,1.0
1218.0,0.46750130211608315,0.0
1219.0,0.9137576815347119,1.0
1220.0,0.36764783453297095,0.0
1221.0,0.34565186610831233,0.0
1222.0,0.5446360291284186,1.0
1223.0,0.0537507656298503,0.0
1224.0,0.4143448693631665,0.0
1225.0,0.24429902387959823,0.0
1226.0,0.9991550053388512,1.0
1227.0,0.3961810266922339,0.0
1228.0,0.8762933322413625,1.0
1229.0,0.17168793076590966,0.0
1230.0,0.9999999999170963,1.0
1231.0,0.504929699368001,1.0
1232.0,0.3198326597351336,0.0
1233.0,4.230521210599373e-09,0.0
1234.0,0.5412675138814306,1.0
1235.0,0.5679828689264589,1.0
1236.0,0.9999733174359757,1.0
1237.0,0.9999782425086406,1.0
1238.0,0.9999999997617448,1.0
1239.0,0.8934025777759723,1.0
1240.0,0.9999999987524857,1.0
1241.0,0.006394443843618357,0.0
1242.0,0.8918265156677573,1.0
1243.0,0.9999575067127286,1.0
1244.0,0.7738755544725368,1.0
1245.0,0.44590721354492724,0.0
1246.0,0.059959219679369125,0.0
1247.0,0.04728660569384365,0.0
1248.0,0.407190258835273,0.0
1249.0,0.9958606291508164,1.0
1250.0,0.4583661576605297,0.0
1251.0,0.99997982087429,1.0
1252.0,0.0014495322846553877,0.0
1253.0,0.3615368326687545,0.0
1254.0,0.004008415755846926,0.0
1255.0,0.5514947244612214,1.0
1256.0,0.9593946027364996,1.0
1257.0,0.12104105226078617,0.0
1258.0,0.5488241510481771,1.0
1259.0,0.9871310200926979,1.0
1260.0,0.9999461933088252,1.0
1261.0,0.993865286563467,1.0
1262.0,0.3126514252717725,0.0
1263.0,0.41802276468170496,0.0
1264.0,0.5646511794011524,1.0
1265.0,0.9999999995876316,1.0
1266.0,0.39617619504655677,0.0
1267.0,0.5816905642626202,1.0
1268.0,0.21942112576204406,0.0
1269.0,0.004191584100911582,0.0
1270.0,0.8616319880146431,1.0
1271.0,0.9999936030709792,1.0
1272.0,0.3087999921379724,0.0
1273.0,0.9999649873946462,1.0
1274.0,0.5347979920824703,1.0
1275.0,0.03671188646598886,0.0
1276.0,0.36671719003858,0.0
1277.0,0.007591364146069483,0.0
1278.0,0.9675922797678628,1.0
1279.0,0.9999913067821278,1.0
1280.0,0.830125914520545,1.0
1281.0,0.9999960827292085,1.0
1282.0,0.2763227508888768,0.0
1283.0,0.33614806346917997,0.0
1284.0,1.0,1.0
1285.0,0.9999984215760135,1.0
1286.0,0.8962726272671031,1.0
1287.0,0.5294640917061951,1.0
1288.0,0.33838343016157146,0.0
1289.0,0.004093215638377098,0.0
1290.0,0.9978486187269924,1.0
1291.0,0.999999504175793,1.0
1292.0,1.0,1.0
1293.0,0.9999951012060574,1.0
1294.0,0.9974549819931476,1.0
1295.0,0.20417354463460013,0.0
1296.0,0.2577997245046059,0.0
1297.0,0.4620811953486546,0.0
1298.0,0.20660483460612622,0.0
1299.0,0.5679828689264589,1.0
1300.0,0.42091230614665703,0.0
1301.0,0.8668728844381924,1.0
1302.0,0.2440701686037435,0.0
1303.0,0.9103450465143641,1.0
1304.0,0.2037031814454128,0.0
1305.0,0.999857487021984,1.0
1306.0,0.023695052343616962,0.0
1307.0,0.5679828689264589,1.0
1308.0,0.00021813657737618103,0.0
1309.0,0.6931095409989384,1.0
1310.0,0.9105686571217821,1.0
1311.0,0.9999724189887879,1.0
1312.0,1.1401818542450381e-05,0.0
1313.0,0.9999674100502332,1.0
1314.0,0.21392457278168986,0.0
1315.0,0.7824439247708979,1.0
1316.0,0.15243352726215426,0.0
1317.0,0.10943192345008808,0.0
1318.0,0.0147143107239986,0.0
1319.0,0.12088380704140542,0.0
1320.0,0.999979333845868,1.0
1321.0,0.8890480938726352,1.0
1322.0,0.8888954540061169,1.0
1323.0,0.9396223607501673,1.0
1324.0,0.8390733578092514,1.0
1325.0,0.3351303476457408,0.0
1326.0,0.5296957548014763,1.0
1327.0,0.5096942962238896,1.0
1328.0,0.5679828689264589,1.0
1329.0,0.9999996732236247,1.0
1330.0,0.06367919209904283,0.0
1331.0,0.9999754482297598,1.0
1332.0,0.08979898733004035,0.0
1333.0,0.9823414327585899,1.0
1334.0,0.9426236281724525,1.0
1335.0,0.021461626793813735,0.0
1336.0,0.4767891429686153,0.0
1337.0,0.1782629398240461,0.0
1338.0,0.045164094255799765,0.0
1339.0,0.7084558834472948,1.0
1340.0,0.9999203137565112,1.0
1341.0,0.5657086357969955,1.0
1342.0,0.9996701424965422,1.0
1343.0,0.5679828689264589,1.0
1344.0,0.8095644024360464,1.0
1345.0,0.02241115046671917,0.0
1346.0,0.21929971964743905,0.0
1347.0,0.9991320677666978,1.0
1348.0,0.9610509125959705,1.0
1349.0,0.9693644361155999,1.0
1350.0,0.015405843875961863,0.0
1351.0,0.9999998909556093,1.0
1352.0,0.7726920230996158,1.0
1353.0,0.5679828689264589,1.0
1354.0,0.5345879065379756,1.0
1355.0,0.999999999471467,1.0
1356.0,0.9955159762786248,1.0
1357.0,0.08446472474107228,0.0
1358.0,0.03125579124047224,0.0
1359.0,0.999404634879303,1.0
1360.0,0.9998518061347077,1.0
1361.0,0.32518915384773744,0.0
1362.0,0.9126546488497278,1.0
1363.0,0.3182367237549015,0.0
1364.0,0.9982443109071482,1.0
1365.0,0.9999993803597875,1.0
1366.0,0.3576327790596206,0.0
1367.0,0.5679828689264589,1.0
1368.0,0.36722922947371117,0.0
1369.0,0.5679828689264589,1.0
1370.0,0.8909891345736202,1.0
1371.0,0.1475973982179369,0.0
1372.0,0.8506462841143624,1.0
1373.0,0.45346278099574705,0.0
1374.0,0.3305260207465439,0.0
1375.0,0.34319271627576026,0.0
1376.0,0.9999999900024988,1.0
1377.0,0.9999963049200881,1.0
1378.0,0.999989574406448,1.0
1379.0,0.054771630040706336,0.0
1380.0,0.9962056287271388,1.0
1381.0,7.637365077760406e-05,0.0
1382.0,0.012659745385592223,0.0
1383.0,0.5884150882604651,1.0
1384.0,0.0595632033463978,0.0
1385.0,0.9998604331924237,1.0
1386.0,0.6426153951629134,1.0
1387.0,0.5679828689264589,1.0
1388.0,0.8305636124722494,1.0
1389.0,0.9999999796671752,1.0
1390.0,0.05568983668502102,0.0
1391.0,0.9337675697259201,1.0
1392.0,0.19992291194638226,0.0
1393.0,0.16697409698123916,0.0
1394.0,0.08013279488118376,0.0
1395.0,0.7948110101364498,1.0
1396.0,0.9108193784044538,1.0
1397.0,0.04360656451322509,0.0
1398.0,0.9994130869139898,1.0
1399.0,0.5679828689264589,1.0
1400.0,1.3476005841663626e-09,0.0
1401.0,0.9107994661452755,1.0
1402.0,0.8280640674352152,1.0
1403.0,0.9975143557251435,1.0
1404.0,0.9998075063375937,1.0
1405.0,0.6233976813197094,1.0
1406.0,0.7087397686570377,1.0
1407.0,0.9999984901035294,1.0
1408.0,0.9998852896439461,1.0
1409.0,0.9970929827079792,1.0
1410.0,0.8269285056375548,1.0
1411.0,0.9999743332989576,1.0
1412.0,0.6433114965125517,1.0
1413.0,0.9999979030899019,1.0
1414.0,0.9835408821257378,1.0
1415.0,0.03295729618655456,0.0
1416.0,0.9905880145806032,1.0
1417.0,0.7894263050380596,1.0
1418.0,0.9999986563162222,1.0
1419.0,0.9490546140525518,1.0
1420.0,0.9996978670202143,1.0
1421.0,0.24559735988772757,0.0
1422.0,0.9846728230504925,1.0
1423.0,0.04397676162475254,0.0
1424.0,0.5679828689264589,1.0
1425.0,0.9999990598697212,1.0
1426.0,0.5679828689264589,1.0
1427.0,0.06375670895299151,0.0
1428.0,0.06498589502756373,0.0
1429.0,0.0608364281869769,0.0
1430.0,0.0660761975581159,0.0
1431.0,0.9999710312630707,1.0
1432.0,0.11706087434457081,0.0
1433.0,0.04415095244013745,0.0
1434.0,0.7323909876230773,1.0
1435.0,0.9999997942715032,1.0
1436.0,0.981728553355171,1.0
1437.0,0.6869809809470903,1.0
1438.0,0.8075358355732011,1.0
1439.0,0.6310003457559004,1.0
1440.0,0.09675051559779806,0.0
1441.0,0.9997975548001757,1.0
1442.0,0.9985135115658709,1.0
1443.0,0.041677815703452026,0.0
1444.0,0.9994345405348773,1.0
1445.0,0.8537190510572356,1.0
1446.0,0.9421651102412387,1.0
1447.0,0.9961864462274735,1.0
1448.0,0.9999972033073214,1.0
1449.0,0.9999998699069959,1.0
1450.0,0.9996232857423955,1.0
1451.0,0.9999976234622125,1.0
1452.0,0.9954504639355517,1.0
1453.0,0.043746310379989516,0.0
1454.0,0.011974298846269965,0.0
1455.0,0.9999950802923013,1.0
1456.0,0.9219700246464225,1.0
1457.0,0.5679828689264589,1.0
1458.0,0.04385565324390552,0.0
1459.0,0.3200403842024055,0.0
1460.0,0.9923342623380189,1.0
1461.0,0.8574856341042729,1.0
1462.0,0.9996768696037673,1.0
1463.0,0.9999994288018613,1.0
1464.0,0.31491729126533036,0.0
1465.0,0.9758156855906419,1.0
1466.0,1.0,1.0
1467.0,0.0483863040479955,0.0
1468.0,0.9998162182193894,1.0
1469.0,0.02268102426783954,0.0
1470.0,0.9778777265342089,1.0
1471.0,0.5207488711655993,1.0
1472.0,0.0034702007049498503,0.0
1473.0,1.0,1.0
1474.0,0.8149266041508856,1.0
1475.0,0.35590427968651506,0.0
1476.0,0.5844714980083943,1.0
1477.0,0.9999999431775307,1.0
1478.0,0.9999994532732182,1.0
1479.0,0.7610741125126996,1.0
1480.0,0.07417522470583045,0.0
1481.0,0.999999999917889,1.0
1482.0,0.09972877771071191,0.0
1483.0,0.051062098630600516,0.0
1484.0,0.0007821104024008495,0.0
1485.0,0.9999998244623465,1.0
1486.0,0.21319654240712546,0.0
1487.0,0.00931742197157866,0.0
1488.0,0.5679828689264589,1.0
1489.0,0.8144370021430489,1.0
1490.0,0.9262656953015879,1.0
1491.0,0.9999999515304653,1.0
1492.0,0.6872652395266844,1.0
1493.0,0.9999998279204029,1.0
1494.0,0.564878509223744,1.0
1495.0,0.9993920050808293,1.0
1496.0,0.9997647385673227,1.0
1497.0,0.9954058482529454,1.0
1498.0,0.9929525066114782,1.0
1499.0,0.7575861354497411,1.0
1500.0,0.999999999935687,1.0
1501.0,0.9997417092711631,1.0
1502.0,0.9998041677324987,1.0
1503.0,0.8532258644143933,1.0
1504.0,0.9999640452112103,1.0
1505.0,0.38984040466895353,0.0
1506.0,0.5679828689264589,1.0
1507.0,0.9999691645297907,1.0
1508.0,0.05407112961121347,0.0
1509.0,0.3359649875165958,0.0
1510.0,0.8907909112048116,1.0
1511.0,0.723193832491086,1.0
1512.0,0.9971682282117054,1.0
1513.0,0.4746437031970594,0.0
1514.0,0.8112652960737308,1.0
1515.0,0.41750721304279675,0.0
1516.0,0.9497157091089719,1.0
1517.0,0.9999370351821198,1.0
1518.0,0.001247755249058756,0.0
1519.0,0.028870867294791693,0.0
1520.0,0.03877867160982615,0.0
1521.0,0.5679828689264589,1.0
1522.0,0.9930888960290065,1.0
1523.0,0.011050762744106398,0.0
1524.0,0.5675851746751736,1.0
1525.0,0.9999999996680498,1.0
1526.0,0.9997530806443742,1.0
1527.0,0.998910980679963,1.0
1528.0,0.999954656036928,1.0
1529.0,0.13843991360939167,0.0
1530.0,0.8788107505346278,1.0
1531.0,0.015981295365037115,0.0
1532.0,0.4029373388062423,0.0
1533.0,0.9999949932738176,1.0
1534.0,0.5679828689264589,1.0
1535.0,0.5679828689264589,1.0
1536.0,0.2901479440683966,0.0
1537.0,0.1585795606650002,0.0
1538.0,0.9845813834460083,1.0
1539.0,0.03408349794407205,0.0
1540.0,0.9572013258517401,1.0
1541.0,0.4157767145360167,0.0
1542.0,0.6042837926769475,1.0
1543.0,0.024098660033624594,0.0
1544.0,0.8891269165926005,1.0
1545.0,0.02869510743901247,0.0
1546.0,0.9915506444905327,1.0
1547.0,0.06662067433135416,0.0
1548.0,0.8070291683817479,1.0
1549.0,0.5286086666970001,1.0
1550.0,0.9999999999997196,1.0
1551.0,0.448649043298729,0.0
1552.0,0.9987210771191891,1.0
1553.0,0.8926740391896543,1.0
1554.0,0.5172666802310184,1.0
1555.0,0.9999987455428039,1.0
1556.0,0.5679828689264589,1.0
1557.0,0.9999993740123247,1.0
1558.0,0.45727199308741195,0.0
1559.0,0.9278139883822737,1.0
1560.0,0.5679828689264589,1.0
1561.0,0.9999999986098038,1.0
1562.0,0.9971134811872407,1.0
1563.0,0.5383960051495089,1.0
1564.0,0.8569946160360064,1.0
1565.0,0.9867697949017281,1.0
1566.0,0.9999554227205503,1.0
1567.0,0.3338944285190763,0.0
1568.0,0.4274083086222086,0.0
1569.0,0.9997684241999274,1.0
1570.0,0.8225524911273782,1.0
1571.0,0.06497946388570593,0.0
1572.0,0.9944769348577732,1.0
1573.0,0.21627077612349715,0.0
1574.0,0.00739358052962504,0.0
1575.0,0.9999999999826676,1.0
1576.0,0.18267635808946672,0.0
1577.0,0.9218196549538553,1.0
1578.0,0.8713211835702022,1.0
1579.0,0.10806592336051653,0.0
1580.0,0.9997992568475389,1.0
1581.0,1.0,1.0
1582.0,0.9962234190838781,1.0
1583.0,0.999995327430784,1.0
1584.0,0.10280682078048844,0.0
1585.0,0.9980954583819022,1.0
1586.0,0.9614644496770395,1.0
1587.0,0.5679828689264589,1.0
1588.0,0.0006369971637206933,0.0
1589.0,0.9999999503365384,1.0
1590.0,0.018631969516514607,0.0
1591.0,0.9999331045179315,1.0
1592.0,0.015108546030547532,0.0
1593.0,0.0,0.0
1594.0,0.4747463767589029,0.0
1595.0,0.9999965671228491,1.0
1596.0,0.9917782994984854,1.0
1597.0,0.9999986623203688,1.0
1598.0,0.5679828689264589,1.0
1599.0,0.9999990586623712,1.0
1600.0,3.085225020052275e-12,0.0
1601.0,0.9999961555877013,1.0
1602.0,0.9243916432520352,1.0
1603.0,0.12057270140324906,0.0
1604.0,0.9999606100874316,1.0
1605.0,0.13575803322300056,0.0
1606.0,0.8530266700724777,1.0
1607.0,0.029778355615415707,0.0
1608.0,0.9586596142770709,1.0
1609.0,0.0014100408696899346,0.0
1610.0,0.9982741325464507,1.0
1611.0,0.0849000051382611,0.0
1612.0,0.0016436881089299156,0.0
1613.0,0.92013108511029,1.0
1614.0,0.030395510906002485,0.0
1615.0,0.9912522978507835,1.0
1616.0,0.05726547021187345,0.0
1617.0,0.9998164017711032,1.0
1618.0,0.9997550706797615,1.0
1619.0,0.9998606051611665,1.0
1620.0,0.3475235559044052,0.0
1621.0,0.9971143071426593,1.0
1622.0,0.7003897340437426,1.0
1623.0,0.9668664579554669,1.0
1624.0,0.9971562801497721,1.0
1625.0,0.9981972060377743,1.0
1626.0,0.3786191593899559,0.0
1627.0,0.021038795181738568,0.0
1628.0,0.0026208612687963896,0.0
1629.0,0.9999999999616429,1.0
1630.0,0.9999999352170321,1.0
1631.0,0.012261534979157482,0.0
1632.0,0.21643877362813668,0.0
1633.0,0.9756168787715598,1.0
1634.0,0.9549151734656991,1.0
1635.0,0.581118123542455,1.0
1636.0,0.8378962539697816,1.0
1637.0,0.9999953145126962,1.0
1638.0,0.9999608292431262,1.0
1639.0,0.9999999969119668,1.0
1640.0,0.002728332272313014,0.0
1641.0,0.5679828689264589,1.0
1642.0,0.9996168376601341,1.0
1643.0,0.16962936692751474,0.0
1644.0,0.20542185532323387,0.0
1645.0,0.5679828689264589,1.0
1646.0,0.9999985552013839,1.0
1647.0,0.09088802737345811,0.0
1648.0,0.999999999999494,1.0
1649.0,0.2474539953727971,0.0
1650.0,0.514470405745885,1.0
1651.0,0.8615510031498059,1.0
1652.0,0.9976382672078525,1.0
1653.0,0.999999998883685,1.0
1654.0,0.4823467947830661,0.0
1655.0,0.9999831770458076,1.0
1656.0,0.5065261888699355,1.0
1657.0,0.9085787454627019,1.0
1658.0,0.057662549877031816,0.0
1659.0,0.016538783511956767,0.0
1660.0,0.15091150706850762,0.0
1661.0,0.7467246829399546,1.0
1662.0,0.9078964451344063,1.0
1663.0,0.07267643725924375,0.0
1664.0,0.9925357147592498,1.0
1665.0,0.4468022751845376,0.0
1666.0,0.5679828689264589,1.0
1667.0,0.46617058960251817,0.0
1668.0,0.35983942345771575,0.0
1669.0,0.047688089162824014,0.0
1670.0,0.3434010515428655,0.0
1671.0,0.4094875937433485,0.0
1672.0,0.9993275570846929,1.0
1673.0,0.9623782508621803,1.0
1674.0,0.9999838026820865,1.0
1675.0,5.394087052169572e-07,0.0
1676.0,0.5254040878357514,1.0
1677.0,0.628358268761039,1.0
1678.0,0.9999975709722961,1.0
1679.0,0.9593466467681167,1.0
1680.0,0.88927644837221,1.0
1681.0,0.9998934251832096,1.0
1682.0,0.9437411341422013,1.0
1683.0,0.974390404497535,1.0
1684.0,0.37424849268592525,0.0
1685.0,0.9410017351962131,1.0
1686.0,0.9999999125017783,1.0
1687.0,0.9749286341922249,1.0
1688.0,0.47159076988882975,0.0
1689.0,0.4190491800359342,0.0
1690.0,0.013173220544618832,0.0
1691.0,0.22153025451939307,0.0
1692.0,0.9993605282257455,1.0
1693.0,0.5244946194837069,1.0
1694.0,0.997296457800712,1.0
1695.0,0.6544766820605965,1.0
1696.0,0.5679828689264589,1.0
1697.0,0.9582037870609144,1.0
1698.0,0.009774959435498762,0.0
1699.0,0.5679828689264589,1.0
1700.0,0.0014046403158514192,0.0
1701.0,0.15770773994669693,0.0
1702.0,0.9999682542892129,1.0
1703.0,0.401753254072411,0.0
1704.0,0.413712264936606,0.0
1705.0,0.9875648820269427,1.0
1706.0,0.5569749128750275,1.0
1707.0,0.12256939807355409,0.0
1708.0,0.44037662422229756,0.0
1709.0,0.9999999475016076,1.0
1710.0,0.9930889554396042,1.0
1711.0,0.6320198885987659,1.0
1712.0,0.9999997360635057,1.0
1713.0,0.31095327072140294,0.0
1714.0,0.8341474482537682,1.0
1715.0,0.3358004515170487,0.0
1716.0,0.2497898913542241,0.0
1717.0,0.5679828689264589,1.0
1718.0,0.67574946245012,1.0
1719.0,0.9977391181238789,1.0
1720.0,0.5053754565676226,1.0
1721.0,0.6682041915260458,1.0
1722.0,0.9857770465491013,1.0
1723.0,0.0005484959610787685,0.0
1724.0,0.9999943255409688,1.0
1725.0,0.8670528931008864,1.0
1726.0,0.1308358074332896,0.0
1727.0,0.9999082357370962,1.0
1728.0,0.5242705669870846,1.0
1729.0,0.009612337936825638,0.0
1730.0,0.9999960413160542,1.0
1731.0,0.9999485914674658,1.0
1732.0,1.0,1.0
1733.0,0.5203413648740021,1.0
1734.0,0.999993919084504,1.0
1735.0,0.50933276481258,1.0
1736.0,1.0,1.0
1737.0,0.8989762102113391,1.0
1738.0,0.9985062297589159,1.0
1739.0,0.03657019242913694,0.0
1740.0,0.9246967373745756,1.0
1741.0,0.060652639255873074,0.0
1742.0,0.7704068350715689,1.0
1743.0,0.0014995413698466167,0.0
1744.0,0.9998694854417941,1.0
1745.0,0.9999999899097981,1.0
1746.0,0.8299738736810683,1.0
1747.0,0.7849339164576757,1.0
1748.0,0.08432329260532404,0.0
1749.0,0.2354269115798559,0.0
1750.0,0.5236991571270057,1.0
1751.0,0.32190566296754247,0.0
1752.0,0.6119683222500524,1.0
1753.0,0.7219751101243799,1.0
1754.0,0.7879704199306504,1.0
1755.0,0.6642679750219898,1.0
1756.0,2.008928605533233e-05,0.0
1757.0,0.9997555873198402,1.0
1758.0,0.9998999857330318,1.0
1759.0,0.9999999465153357,1.0
1760.0,0.03855360574416029,0.0
1761.0,0.03235077920445355,0.0
1762.0,0.0054573306531457075,0.0
1763.0,0.0353907511507344,0.0
1764.0,0.1939347718463606,0.0
1765.0,0.9941143158465965,1.0
1766.0,0.25304366680930934,0.0
1767.0,0.9016539070199395,1.0
1768.0,0.9650041052728564,1.0
1769.0,0.9999999999999998,1.0
1770.0,0.7916945608796667,1.0
1771.0,0.0007269217326317343,0.0
1772.0,0.9999998605003729,1.0
1773.0,0.4783822479173179,0.0
1774.0,0.969428464323535,1.0
1775.0,0.13269213184824385,0.0
1776.0,0.5467867074442765,1.0
1777.0,0.987070855142006,1.0
1778.0,0.9999079824110655,1.0
1779.0,0.13346229225208106,0.0
1780.0,0.0011299562451640211,0.0
1781.0,0.9930218355577187,1.0
1782.0,0.6533575047333012,1.0
1783.0,0.9999997186195292,1.0
1784.0,0.9999993160210321,1.0
1785.0,0.10333119092526236,0.0
1786.0,0.08713321071765529,0.0
1787.0,0.0024637358553646124,0.0
1788.0,0.9999216200222782,1.0
1789.0,0.46132892360104494,0.0
1790.0,0.41753376912604623,0.0
1791.0,0.9988329601923541,1.0
1792.0,0.3179494741896363,0.0
1793.0,0.5203777727632203,1.0
1794.0,0.9937333077051013,1.0
1795.0,0.9999961149412047,1.0
1796.0,0.9844354142718332,1.0
1797.0,0.8627366900345224,1.0
1798.0,0.9999999836099838,1.0
1799.0,0.45868609890422907,0.0
1800.0,0.9999999611299375,1.0
1801.0,0.18565333546446136,0.0
1802.0,0.4713899017801863,0.0
1803.0,0.5679828689264589,1.0
1804.0,0.9080729863072103,1.0
1805.0,0.9775058460698434,1.0
1806.0,0.6068046775278202,1.0
1807.0,0.9843767215858463,1.0
1808.0,0.5147683528415192,1.0
1809.0,0.999901815035492,1.0
1810.0,0.9998661057241873,1.0
1811.0,0.9993220908699795,1.0
1812.0,0.5679828689264589,1.0
1813.0,0.8261854664974039,1.0
1814.0,0.6953262207088929,1.0
1815.0,0.06603340904045613,0.0
1816.0,0.756738122002159,1.0
1817.0,0.9999411947339983,1.0
1818.0,0.9987991356532335,1.0
1819.0,0.9155666758509304,1.0
1820.0,0.03349983707807294,0.0
1821.0,0.9999571477665392,1.0
1822.0,0.9990259093094194,1.0
1823.0,0.9999999994707942,1.0
1824.0,0.03784990267464475,0.0
1825.0,0.20339868157599986,0.0
1826.0,0.9997433977717913,1.0
1827.0,6.15932999648922e-08,0.0
1828.0,0.027529122147854027,0.0
1829.0,0.21822490325159957,0.0
1830.0,0.5679828689264589,1.0
1831.0,0.9614024451783139,1.0
1832.0,0.9999991459286135,1.0
1833.0,0.13997188526627682,0.0
1834.0,0.9989454928276011,1.0
1835.0,0.9999659281931399,1.0
1836.0,0.9999768154396619,1.0
1837.0,0.5679828689264589,1.0
1838.0,0.6861048408317616,1.0
1839.0,0.997810072505171,1.0
1840.0,0.12259400002498587,0.0
1841.0,0.5679828689264589,1.0
1842.0,0.9999957451127792,1.0
1843.0,0.8693677536482352,1.0
1844.0,0.9998365101838292,1.0
1845.0,0.7721814059218381,1.0
1846.0,0.06146791556712321,0.0
1847.0,0.5679828689264589,1.0
1848.0,0.1603194602005405,0.0
1849.0,0.9999999994722961,1.0
1850.0,0.999999999837023,1.0
1851.0,0.9999380302124015,1.0
1852.0,0.9999783185873817,1.0
1853.0,0.9999999998936167,1.0
1854.0,0.9996665152261803,1.0
1855.0,0.5798756836700397,1.0
1856.0,0.003968025304265855,0.0
1857.0,0.9990746835214499,1.0
1858.0,0.9507649621900035,1.0
1859.0,0.999906627460472,1.0
1860.0,0.20586605672393055,0.0
1861.0,0.1182678934803801,0.0
1862.0,0.7821560676194106,1.0
1863.0,0.49904399099113683,0.0
1864.0,0.19384468623642978,0.0
1865.0,0.4815932618429506,0.0
1866.0,0.9999999980419205,1.0
1867.0,0.9939207538275021,1.0
1868.0,0.9999999994716384,1.0
1869.0,0.5950417884396336,1.0
1870.0,0.6716442619645573,1.0
1871.0,0.7120230735697355,1.0
1872.0,0.946933486493088,1.0
1873.0,0.0038047472337315092,0.0
1874.0,0.00833282259930292,0.0
1875.0,0.9199313417024144,1.0
1876.0,0.5319786167361278,1.0
1877.0,0.9999999980894123,1.0
1878.0,0.9999999976064906,1.0
1879.0,0.999711434267698,1.0
1880.0,0.33206372510223037,0.0
1881.0,0.0040184512276299775,0.0
1882.0,0.9999689706037405,1.0
1883.0,0.3607313922737547,0.0
1884.0,0.0375216533741579,0.0
1885.0,0.9996841559031189,1.0
1886.0,0.9940204634770285,1.0
1887.0,0.9486129920368626,1.0
1888.0,0.5588111770996177,1.0
1889.0,0.9994496913381333,1.0
1890.0,0.9809797654202921,1.0
1891.0,0.5679828689264589,1.0
1892.0,0.02579554431430047,0.0
1893.0,0.4861548888529301,0.0
1894.0,0.0034560778879789956,0.0
1895.0,0.9999999818007556,1.0
1896.0,0.9882946129510458,1.0
1897.0,0.8277657181989998,1.0
1898.0,0.2329416132481437,0.0
1899.0,0.9766219345758319,1.0
1900.0,0.1811252884354438,0.0
1901.0,0.2637282418558388,0.0
1902.0,0.9888023292260731,1.0
1903.0,0.4704744765111529,0.0
1904.0,0.999653287049529,1.0
1905.0,0.42220834095187054,0.0
1906.0,0.01382982239571182,0.0
1907.0,0.9999999977204288,1.0
1908.0,0.999999999951279,1.0
1909.0,0.8855861464886635,1.0
1910.0,0.04415095244013745,0.0
1911.0,0.8316149648549405,1.0
1912.0,0.23201640686801717,0.0
1913.0,0.7235669159998523,1.0
1914.0,0.013359559523320835,0.0
1915.0,0.0005282968067201808,0.0
1916.0,0.9502500422607613,1.0
1917.0,0.99994318042189,1.0
1918.0,0.9999489788149417,1.0
1919.0,0.9999561270665421,1.0
1920.0,0.13165894035128867,0.0
1921.0,0.31928039812633074,0.0
1922.0,0.9640457230358552,1.0
1923.0,0.05002984048009902,0.0
1924.0,0.4337123278614036,0.0
1925.0,0.9999898960060477,1.0
1926.0,0.9274304243159904,1.0
1927.0,0.9951570201876133,1.0
1928.0,0.039881606582422714,0.0
1929.0,0.004238757840510017,0.0
1930.0,0.9999899146090327,1.0
1931.0,0.072859786989363,0.0
1932.0,0.5195865739429554,1.0
1933.0,0.2905625095527468,0.0
1934.0,0.4278069766158175,0.0
1935.0,0.9999999922115023,1.0
1936.0,0.06672292352747132,0.0
1937.0,0.3449327619777511,0.0
1938.0,0.9999991654631476,1.0
1939.0,0.999980465117203,1.0
1940.0,0.004609957239106633,0.0
1941.0,0.9999994487501899,1.0
1942.0,0.008280830433446778,0.0
1943.0,0.12117809215684418,0.0
1944.0,0.8165127271855717,1.0
1945.0,0.9999999762476816,1.0
1946.0,0.9380401177959318,1.0
1947.0,0.8897902942764003,1.0
1948.0,0.31816992810588185,0.0
1949.0,0.44561002294612795,0.0
1950.0,0.978213663502889,1.0
1951.0,0.10545179577884131,0.0
1952.0,0.9994840333611467,1.0
1953.0,0.5679828689264589,1.0
1954.0,0.5679828689264589,1.0
1955.0,0.9999588973760721,1.0
1956.0,0.19233626330894796,0.0
1957.0,0.021878692715479965,0.0
1958.0,0.5679828689264589,1.0
1959.0,0.9999600097124027,1.0
1960.0,0.5679828689264589,1.0
1961.0,0.9999998909996558,1.0
1962.0,0.5679828689264589,1.0
1963.0,0.8519121685009701,1.0
1964.0,0.5303226138966588,1.0
1965.0,0.48076833429484367,0.0
1966.0,0.5228991243550914,1.0
1967.0,0.9999999859520508,1.0
1968.0,0.6490236700864833,1.0
1969.0,0.9999957799194549,1.0
1970.0,0.028137023255550578,0.0
1971.0,0.09272468572016078,0.0
1972.0,0.8659851953167196,1.0
1973.0,0.02072891882890342,0.0
1974.0,0.9998562838225854,1.0
1975.0,0.42936713737105797,0.0
1976.0,0.9991332982786287,1.0
1977.0,0.5679828689264589,1.0
1978.0,0.45526411284011514,0.0
1979.0,0.07973483575848692,0.0
1980.0,0.9340927228516813,1.0
1981.0,0.9987131987846399,1.0
1982.0,0.9999982796767887,1.0
1983.0,0.8865012396894733,1.0
1984.0,0.8858482677099658,1.0
1985.0,0.9385737579784864,1.0
1986.0,0.04834449454081673,0.0
1987.0,0.9969879410478748,1.0
1988.0,0.9989931440174267,1.0
1989.0,0.8949041223245535,1.0
1990.0,0.0001695940311833598,0.0
1991.0,0.003797113604755289,0.0
1992.0,0.9384940944360001,1.0
1993.0,0.9999780180928194,1.0
1994.0,0.997793657116357,1.0
1995.0,0.9999999991944168,1.0
1996.0,0.08975143686359212,0.0
1997.0,0.005458353030757992,0.0
1998.0,0.23703893066493845,0.0
1999.0,0.9999999999999174,1.0
2000.0,0.9968427428979898,1.0
2001.0,0.9912512293107639,1.0
2002.0,0.9944753308113627,1.0
2003.0,0.9998343665680249,1.0
2004.0,0.9999999827658778,1.0
2005.0,0.9999999994350965,1.0
2006.0,0.2496227120489756,0.0
2007.0,0.9922396868068486,1.0
2008.0,0.9999482587963332,1.0
2009.0,0.5266397776206749,1.0
2010.0,0.2393779337294321,0.0
2011.0,0.23839623979395388,0.0
2012.0,0.5443747090482677,1.0
2013.0,9.065925653707813e-06,0.0
2014.0,0.16279160893356684,0.0
2015.0,0.936181383526689,1.0
2016.0,0.9878389620985932,1.0
2017.0,0.12159047296833493,0.0
2018.0,0.5679828689264589,1.0
2019.0,0.08193412086162313,0.0
2020.0,0.9999836185431882,1.0
2021.0,0.8005257351504007,1.0
2022.0,0.9999997727691411,1.0
2023.0,0.5679828689264589,1.0
2024.0,1.0,1.0
2025.0,0.7347821973800132,1.0
2026.0,0.3946278118604925,0.0
2027.0,0.927066504073797,1.0
2028.0,0.9999999911133451,1.0
2029.0,0.9341706913113905,1.0
2030.0,0.1412327396236449,0.0
2031.0,0.1983789992494137,0.0
2032.0,0.38037671603469925,0.0
2033.0,0.558061148909983,1.0
2034.0,0.16747934547042276,0.0
2035.0,0.9999661759846968,1.0
2036.0,0.9998969045581498,1.0
2037.0,0.03370741301108441,0.0
2038.0,0.9305313178941604,1.0
2039.0,0.6213073017917189,1.0
2040.0,0.9999968564580821,1.0
2041.0,0.2668433296742167,0.0
2042.0,0.4692811876326573,0.0
2043.0,0.9995637065348352,1.0
2044.0,0.03681118629201432,0.0
2045.0,0.2898339142244162,0.0
2046.0,0.3574247211675354,0.0
2047.0,0.5278541809106266,1.0
2048.0,0.8068238100033449,1.0
2049.0,0.6557587563303465,1.0
2050.0,0.9999800167210284,1.0
2051.0,0.9987784676548747,1.0
2052.0,0.9999425297031571,1.0
2053.0,0.9896838478611742,1.0
2054.0,0.8589143893039439,1.0
2055.0,0.999879083830715,1.0
2056.0,0.952203401749265,1.0
2057.0,0.8314854396948177,1.0
2058.0,0.40875594921456126,0.0
2059.0,0.33617155331331816,0.0
2060.0,0.9989912066844854,1.0
2061.0,0.950440302252624,1.0
2062.0,0.9984250410830005,1.0
2063.0,0.0014298781435734442,0.0
2064.0,0.9915445114341582,1.0
2065.0,0.7724928871341458,1.0
2066.0,8.83647116833587e-06,0.0
2067.0,0.2144582488471303,0.0
2068.0,0.35361567108350495,0.0
2069.0,0.9999469893083826,1.0
2070.0,0.5044082889257101,1.0
2071.0,0.9998625810098346,1.0
2072.0,0.33129854331558317,0.0
2073.0,0.006418984919617802,0.0
2074.0,0.9990148395388236,1.0
2075.0,0.9999714659802569,1.0
2076.0,0.8999893957717713,1.0
2077.0,0.9999999995729969,1.0
2078.0,0.07252534497599764,0.0
2079.0,0.9954043042817612,1.0
2080.0,0.00455376135833043,0.0
2081.0,0.9999658403841138,1.0
2082.0,0.9997094906348908,1.0
2083.0,1.0,1.0
2084.0,0.8679230289874863,1.0
2085.0,0.8093719819231386,1.0
2086.0,0.07245260124304911,0.0
2087.0,0.9583011412504518,1.0
2088.0,0.04307904652240886,0.0
2089.0,0.904245592498787,1.0
2090.0,0.36224376531890395,0.0
2091.0,0.5659240634020375,1.0
2092.0,0.9555698449682074,1.0
2093.0,0.6118077831786332,1.0
2094.0,0.9999999937068262,1.0
2095.0,0.4705271007564916,0.0
2096.0,0.9629252681105035,1.0
2097.0,0.999889761851403,1.0
2098.0,0.40798710065212035,0.0
2099.0,0.17532169559194097,0.0
2100.0,0.5679828689264589,1.0
2101.0,0.9984565771368142,1.0
2102.0,0.3615043634345217,0.0
2103.0,0.06955428805924516,0.0
2104.0,0.11485078693590396,0.0
2105.0,0.9999999737730891,1.0
2106.0,0.8060449017581317,1.0
2107.0,0.9302865210352856,1.0
2108.0,0.8101223417650806,1.0
2109.0,0.363626366118752,0.0
2110.0,0.318576860328852,0.0
2111.0,0.46941905470462963,0.0
2112.0,0.9999999868423528,1.0
2113.0,0.18954189478294556,0.0
2114.0,0.9219802148108176,1.0
2115.0,2.9861743925713674e-07,0.0
2116.0,0.9999610397849725,1.0
2117.0,0.9861934264615194,1.0
2118.0,0.020518316265627497,0.0
2119.0,0.9853124498687267,1.0
2120.0,0.047903965543110195,0.0
2121.0,0.9999988960013089,1.0
2122.0,0.9801698742824901,1.0
2123.0,0.9999936224173208,1.0
2124.0,0.9996936149274056,1.0
2125.0,0.030774404392915154,0.0
2126.0,1.0,1.0
2127.0,0.8423752169255766,1.0
2128.0,0.2675822324865284,0.0
2129.0,0.26332777956799064,0.0
2130.0,0.9999999985578587,1.0
2131.0,0.03690308343318342,0.0
2132.0,0.4593717405758097,0.0
2133.0,0.5314365406273572,1.0
2134.0,0.9999485410497276,1.0
2135.0,0.11360143769145725,0.0
2136.0,0.9866800477117298,1.0
2137.0,0.3195502221951794,0.0
2138.0,0.9997722274362301,1.0
2139.0,0.03269046942701808,0.0
2140.0,0.9525954880473352,1.0
2141.0,0.40851238436738446,0.0
2142.0,0.782181007690605,1.0
2143.0,0.014654453016437596,0.0
2144.0,0.5679828689264589,1.0
2145.0,0.42490733746120884,0.0
2146.0,0.9995972510298673,1.0
2147.0,0.5679828689264589,1.0
2148.0,0.9964981838584719,1.0
2149.0,0.1784252569239073,0.0
2150.0,0.2820075950421783,0.0
2151.0,0.9999998821123856,1.0
2152.0,0.9074464465943102,1.0
2153.0,0.32471435126728143,0.0
2154.0,0.6704072649593674,1.0
2155.0,0.9934085168713839,1.0
2156.0,0.4819405771761624,0.0
2157.0,0.34485949443009833,0.0
2158.0,0.5679828689264589,1.0
2159.0,0.9990569874997364,1.0
2160.0,0.49095211224104873,0.0
2161.0,0.9974089542545428,1.0
2162.0,0.06328744427120508,0.0
2163.0,0.23625452577748327,0.0
2164.0,0.9999999315589714,1.0
2165.0,0.20863246757038562,0.0
2166.0,0.56260868656662,1.0
2167.0,0.15886098723205727,0.0
2168.0,0.07182881978749112,0.0
2169.0,0.9995703412184128,1.0
2170.0,0.04642931096870049,0.0
2171.0,0.9988127292276702,1.0
2172.0,0.06746629200302966,0.0
2173.0,0.32800840819750915,0.0
2174.0,0.005272425939069037,0.0
2175.0,0.6699519449829392,1.0
2176.0,0.8711067291492198,1.0
2177.0,0.7705531264297273,1.0
2178.0,0.2988879395158093,0.0
2179.0,0.8679776900730416,1.0
2180.0,0.026915564289553235,0.0
2181.0,0.9999773694864936,1.0
2182.0,0.005136771395583158,0.0
2183.0,0.11883970651381112,0.0
2184.0,0.9999198626354688,1.0
2185.0,0.000789324618561679,0.0
2186.0,0.0750070375143084,0.0
2187.0,0.6700906098577558,1.0
2188.0,0.512000851947241,1.0
2189.0,0.3566361256314902,0.0
2190.0,0.5679828689264589,1.0
2191.0,0.4797583529114193,0.0
2192.0,0.9999999968303788,1.0
2193.0,0.5450645128530585,1.0
2194.0,0.05378159897999807,0.0
2195.0,0.9952688764942893,1.0
2196.0,0.4420888891687,0.0
2197.0,0.4738986559929887,0.0
2198.0,0.9997448422659326,1.0
2199.0,0.9993773363585177,1.0
2200.0,0.03009147788410467,0.0
2201.0,0.9994822789183766,1.0
2202.0,0.9346886185387616,1.0
2203.0,0.001160296370177078,0.0
2204.0,0.9999999682957476,1.0
2205.0,0.9988615174103594,1.0
2206.0,0.9986464377451177,1.0
2207.0,0.6702785088146366,1.0
2208.0,0.1316820235082488,0.0
2209.0,0.9999577554037786,1.0
2210.0,0.6837556488508415,1.0
2211.0,0.9859430481189574,1.0
2212.0,0.9258628630745128,1.0
2213.0,0.6175462326906218,1.0
2214.0,0.9993350342650619,1.0
2215.0,0.9452736985924429,1.0
2216.0,0.9999999972787665,1.0
2217.0,0.2642189485316426,0.0
2218.0,0.0058188146772764114,0.0
2219.0,0.3024492790832123,0.0
2220.0,0.8886844950715551,1.0
2221.0,0.7408503097328647,1.0
2222.0,0.3065149167738966,0.0
2223.0,0.4167674949226521,0.0
2224.0,0.9999294513530502,1.0
2225.0,0.6503154198463772,1.0
2226.0,0.8283842303777831,1.0
2227.0,0.5603972468951428,1.0
2228.0,0.2988030867303926,0.0
2229.0,0.9255860727716594,1.0
2230.0,0.01284146076398393,0.0
2231.0,0.017838969364233976,0.0
2232.0,0.08466414756491332,0.0
2233.0,0.973942096653499,1.0
2234.0,0.1619172073601235,0.0
2235.0,0.5624747528799328,1.0
2236.0,0.6500583918085615,1.0
2237.0,0.9826602159830902,1.0
2238.0,0.0073875079304291874,0.0
2239.0,0.9999997116870915,1.0
2240.0,0.9999989551173625,1.0
2241.0,0.9585543591220175,1.0
2242.0,0.5679828689264589,1.0
2243.0,0.9999968000956249,1.0
2244.0,0.21484260065231045,0.0
2245.0,0.5119047906606651,1.0
2246.0,0.15214228146499012,0.0
2247.0,0.9999815769356921,1.0
2248.0,0.10931378064909746,0.0
2249.0,0.9912790152043905,1.0
2250.0,0.9998378301576193,1.0
2251.0,0.68646835295783,1.0
2252.0,0.9402293203294532,1.0
2253.0,0.6191079601467165,1.0
2254.0,0.9993143298965254,1.0
2255.0,0.10624266585774543,0.0
2256.0,0.9833407170793007,1.0
2257.0,0.3439786152562106,0.0
2258.0,0.835238602571783,1.0
2259.0,0.6876277885089749,1.0
2260.0,0.07309311561319098,0.0
2261.0,0.4786187308791276,0.0
2262.0,0.9805176856008252,1.0
2263.0,0.0058229925093838,0.0
2264.0,0.9321522892468309,1.0
2265.0,0.9999739950712385,1.0
2266.0,0.9526058529460062,1.0
2267.0,0.019694399213494713,0.0
2268.0,1.0,1.0
2269.0,0.24530577355116123,0.0
2270.0,0.20818323413858497,0.0
2271.0,0.008531151974926562,0.0
2272.0,0.9986452226990674,1.0
2273.0,0.8619736868334413,1.0
2274.0,0.9480787051342834,1.0
2275.0,0.999878969397821,1.0
2276.0,0.5679828689264589,1.0
2277.0,0.36710045750590475,0.0
2278.0,0.9990120070676983,1.0
2279.0,0.80745878132522,1.0
2280.0,0.5679828689264589,1.0
2281.0,0.9987662109278161,1.0
2282.0,0.5361661521588477,1.0
2283.0,0.9999369064956127,1.0
2284.0,0.9298589259641624,1.0
2285.0,0.02296976545783686,0.0
2286.0,0.7017056687973614,1.0
2287.0,0.3363304169943445,0.0
2288.0,0.8111910583526883,1.0
2289.0,0.7984035543546856,1.0
2290.0,0.5679833437809811,1.0
2291.0,0.9971801219177522,1.0
2292.0,0.2840279657626412,0.0
2293.0,1.704407268284131e-06,0.0
2294.0,0.9999999960736294,1.0
2295.0,0.0007353720189669378,0.0
2296.0,0.999999999735719,1.0
2297.0,0.5679828689264589,1.0
2298.0,0.9669765279625713,1.0
2299.0,0.9999998744987619,1.0
2300.0,0.9999999999995857,1.0
2301.0,0.5679828689264589,1.0
2302.0,0.3145909864113945,0.0
2303.0,0.004312873318647439,0.0
2304.0,0.27616703020235084,0.0
2305.0,0.910764404080752,1.0
2306.0,0.9977683687368295,1.0
2307.0,0.10866327851567385,0.0
2308.0,0.9999830531468534,1.0
2309.0,0.028031518770432317,0.0
2310.0,0.9999999809936687,1.0
2311.0,0.5871075417408593,1.0
2312.0,0.999999999602301,1.0
2313.0,0.9999522268607399,1.0
2314.0,0.999483505004127,1.0
2315.0,0.9999977909171012,1.0
2316.0,0.9831884397241788,1.0
2317.0,0.018530232101799955,0.0
2318.0,0.9619572190072316,1.0
2319.0,0.47249732324642846,0.0
2320.0,0.3583385599254001,0.0
2321.0,0.9892380596296656,1.0
2322.0,0.999879815157841,1.0
2323.0,0.9999994316919166,1.0
2324.0,0.5679828689264589,1.0
2325.0,0.052274437070463725,0.0
2326.0,0.2959932088283635,0.0
2327.0,0.851454191282992,1.0
2328.0,0.9999938918653779,1.0
2329.0,0.4620868919017453,0.0
2330.0,0.911898876553215,1.0
2331.0,0.9733417887001278,1.0
2332.0,0.9999999723822167,1.0
2333.0,0.8854720160343134,1.0
2334.0,0.45203314584309584,0.0
2335.0,0.7839739373396662,1.0
2336.0,0.032602886720340674,0.0
2337.0,0.8729160664992963,1.0
2338.0,0.46922897728713203,0.0
2339.0,0.9998126175240883,1.0
2340.0,0.9999974150715124,1.0
2341.0,0.869756362226073,1.0
2342.0,0.5679828689264589,1.0
2343.0,0.9670866902144634,1.0
2344.0,0.999999982353219,1.0
2345.0,0.8973068354613133,1.0
2346.0,0.16512619770691486,0.0
2347.0,0.9999980840440235,1.0
2348.0,0.9999820268359978,1.0
2349.0,0.45779460158566265,0.0
2350.0,0.7237085753981979,1.0
2351.0,0.512801188536359,1.0
2352.0,0.23674522137729506,0.0
2353.0,0.3588750952707192,0.0
2354.0,1.0,1.0
2355.0,0.9999987407562133,1.0
2356.0,0.999998068016207,1.0
2357.0,0.0638234593840622,0.0
2358.0,0.9999970624621358,1.0
2359.0,0.667495774561652,1.0
2360.0,7.293682298244687e-07,0.0
2361.0,0.8926905255730136,1.0
2362.0,0.9999616412399619,1.0
2363.0,0.9999580329841243,1.0
2364.0,0.9996602994184044,1.0
2365.0,0.9559684813532262,1.0
2366.0,0.3537095728596516,0.0
2367.0,0.30508084077308406,0.0
2368.0,0.6867706097715078,1.0
2369.0,0.6838544492902587,1.0
2370.0,0.5679828689264589,1.0
2371.0,0.9787390019605059,1.0
2372.0,0.9997351085257885,1.0
2373.0,0.2231639624307718,0.0
2374.0,0.9961502938963537,1.0
2375.0,0.29429323237643285,0.0
2376.0,0.9990750503261558,1.0
2377.0,2.460274121212673e-14,0.0
2378.0,0.9999999999998725,1.0
2379.0,1.0,1.0
2380.0,0.5679828689264589,1.0
2381.0,0.995655213291298,1.0
2382.0,0.9998792184262646,1.0
2383.0,0.8938870502968048,1.0
2384.0,0.8556721793446581,1.0
2385.0,0.16389375148827628,0.0
2386.0,0.998302721141772,1.0
2387.0,0.2569462320841345,0.0
2388.0,0.9939713881038714,1.0
2389.0,1.6996516635775632e-20,0.0
2390.0,0.9860455485883113,1.0
2391.0,0.006629471096045091,0.0
2392.0,0.5679828689264589,1.0
2393.0,0.6152904862533946,1.0
2394.0,0.9918559459935408,1.0
2395.0,0.9322065900170858,1.0
2396.0,0.9977257896278161,1.0
2397.0,0.4607360532104602,0.0
2398.0,0.9999062217278877,1.0
2399.0,0.7275590296221719,1.0
2400.0,0.7276961748824343,1.0
2401.0,0.9785636244720899,1.0
2402.0,0.5679828689264589,1.0
2403.0,0.9999999972379949,1.0
2404.0,0.9984798410005232,1.0
2405.0,0.742863493871468,1.0
2406.0,0.7349879756621812,1.0
2407.0,0.10655782797647141,0.0
2408.0,0.0017930543845444248,0.0
2409.0,0.24183524334578338,0.0
2410.0,0.9999971282544673,1.0
2411.0,0.5474437930446928,1.0
2412.0,0.09736462313703566,0.0
2413.0,0.2710124997238674,0.0
2414.0,0.9666560053511981,1.0
2415.0,0.45298918622881906,0.0
2416.0,0.031647184533038775,0.0
2417.0,0.9996534899673991,1.0
2418.0,0.4452575010873619,0.0
2419.0,0.01015638004113064,0.0
2420.0,0.0015050482568553351,0.0
2421.0,0.4161956622468723,0.0
2422.0,0.0,0.0
2423.0,0.9596537970146634,1.0
2424.0,0.030911593893764713,0.0
2425.0,0.8596961630920469,1.0
2426.0,0.9999990058716537,1.0
2427.0,0.9999995008970839,1.0
2428.0,0.998396684161604,1.0
2429.0,0.004381941339444904,0.0
2430.0,0.7766981775001559,1.0
2431.0,0.033975440134327295,0.0
2432.0,0.4976921579658984,0.0
2433.0,0.5036501495932997,1.0
2434.0,0.944135285244716,1.0
2435.0,0.9999264852471138,1.0
2436.0,0.9853615474255004,1.0
2437.0,0.9999993909953625,1.0
2438.0,0.8508977762438734,1.0
2439.0,0.8051345494397831,1.0
2440.0,0.9999859051529811,1.0
2441.0,0.024153316893628072,0.0
2442.0,0.37053174492227897,0.0
2443.0,0.5894364635747749,1.0
2444.0,0.9999993301523286,1.0
2445.0,0.7427530329903365,1.0
2446.0,0.5213397891566305,1.0
2447.0,0.9993810709742054,1.0
2448.0,0.46203609740408735,0.0
2449.0,0.029155263543239152,0.0
2450.0,0.999945805891281,1.0
2451.0,2.658843822987558e-05,0.0
2452.0,0.999988681070107,1.0
2453.0,0.9845673201016936,1.0
2454.0,0.840939166130865,1.0
2455.0,0.28919839317558454,0.0
2456.0,0.9999996244436156,1.0
2457.0,0.9999999684889053,1.0
2458.0,0.34310650892976724,0.0
2459.0,0.9937878882294084,1.0
2460.0,1.5818924217847833e-15,0.0
2461.0,0.5679828689264589,1.0
2462.0,0.11728087446872561,0.0
2463.0,0.9999990089317056,1.0
2464.0,0.46493064474803714,0.0
2465.0,0.05095580656173582,0.0
2466.0,0.03332040064809429,0.0
2467.0,0.9307877885988979,1.0
2468.0,0.9232343654300202,1.0
2469.0,0.9999094338085307,1.0
2470.0,0.9999997376913303,1.0
2471.0,0.9576193304315574,1.0
2472.0,0.13197801001765352,0.0
2473.0,0.9999952465700375,1.0
2474.0,0.4533063862529558,0.0
2475.0,0.002223698939889924,0.0
2476.0,0.7365565448654089,1.0
2477.0,0.5216468291298574,1.0
2478.0,0.996986742545506,1.0
2479.0,0.315820227989371,0.0
2480.0,0.9326650563073992,1.0
2481.0,0.5679828689264589,1.0
2482.0,0.701164541998415,1.0
2483.0,0.6120124183906072,1.0
2484.0,0.9702614412625986,1.0
2485.0,0.9998545184161846,1.0
2486.0,0.9999999999783078,1.0
2487.0,0.8707455353061894,1.0
2488.0,0.9999999822747411,1.0
2489.0,0.9561043145633362,1.0
2490.0,0.9622541737545075,1.0
2491.0,0.5679828689264589,1.0
2492.0,0.9999981766828008,1.0
2493.0,0.8206290459078012,1.0
2494.0,0.9739610596312904,1.0
2495.0,0.04661359025328728,0.0
2496.0,0.7707558268567765,1.0
2497.0,0.9999999455441339,1.0
2498.0,0.8994036209575146,1.0
2499.0,0.999999999993674,1.0
2500.0,0.011120859092202095,0.0
2501.0,0.23384221630791394,0.0
2502.0,0.9999986112065468,1.0
2503.0,0.9886741955798376,1.0
2504.0,0.9999998813738334,1.0
2505.0,0.9834429775462441,1.0
2506.0,0.9955825881124659,1.0
2507.0,0.9999930453112492,1.0
2508.0,0.9146720703541668,1.0
2509.0,0.6632427897688683,1.0
2510.0,0.999999976470879,1.0
2511.0,0.9858184756475197,1.0
2512.0,0.8754180986358042,1.0
2513.0,0.35805162722244394,0.0
2514.0,0.28633727778209034,0.0
2515.0,0.960641847787231,1.0
2516.0,0.9999998429251711,1.0
2517.0,0.041651769594980834,0.0
2518.0,0.9056465596953184,1.0
2519.0,0.9329307581068385,1.0
2520.0,0.8168273466905027,1.0
2521.0,0.9999646492052535,1.0
2522.0,0.9999940269034089,1.0
2523.0,0.9698541664702174,1.0
2524.0,0.9373607162213171,1.0
2525.0,0.9300991346034122,1.0
2526.0,0.9999999978590706,1.0
2527.0,8.636274420671566e-05,0.0
2528.0,0.8730419600643745,1.0
2529.0,0.6591492645779592,1.0
2530.0,0.9999925544390356,1.0
2531.0,0.054718787566584555,0.0
2532.0,0.8170548895131818,1.0
2533.0,0.9995636874407902,1.0
2534.0,0.9866472173237097,1.0
2535.0,0.46879265621075505,0.0
2536.0,0.9996008811944807,1.0
2537.0,0.9895617517179865,1.0
2538.0,0.9949886310815135,1.0
2539.0,2.9853183043626978e-18,0.0
2540.0,0.9987656979242526,1.0
2541.0,0.9987100376226508,1.0
2542.0,0.9809503889639654,1.0
2543.0,0.523839954983202,1.0
2544.0,0.06327122041928761,0.0
2545.0,0.9982596318715762,1.0
2546.0,0.29538102296665425,0.0
2547.0,0.9971692997767462,1.0
2548.0,0.5909483738991652,1.0
2549.0,0.9999999975536757,1.0
2550.0,0.7660201858123905,1.0
2551.0,0.9999990576384944,1.0
2552.0,0.0961212294734767,0.0
2553.0,0.9999997820908424,1.0
2554.0,0.41790707004459227,0.0
2555.0,0.9999215846802642,1.0
2556.0,0.9999999904587525,1.0
2557.0,0.8369453101804434,1.0
2558.0,0.9824483173812699,1.0
2559.0,0.8869583037532852,1.0
2560.0,0.12336142227638906,0.0
2561.0,0.791264381274394,1.0
2562.0,0.999726433013105,1.0
2563.0,0.9628020914668982,1.0
2564.0,0.9999999999781701,1.0
2565.0,0.5034093439325168,1.0
2566.0,0.274250403880124,0.0
2567.0,0.27163506919715447,0.0
2568.0,0.7389160071804269,1.0
2569.0,0.9999999995248205,1.0
2570.0,0.9999956937060084,1.0
2571.0,0.5555440271777573,1.0
2572.0,0.5679828689264589,1.0
2573.0,0.9999999949641223,1.0
2574.0,0.05252543606543241,0.0
2575.0,0.7269326157714656,1.0
2576.0,0.9999982310534931,1.0
2577.0,0.9279284942075917,1.0
2578.0,0.11223241336365994,0.0
2579.0,0.8927918478638784,1.0
2580.0,0.5679828689264589,1.0
2581.0,0.9999999980059839,1.0
2582.0,0.9999329505993407,1.0
2583.0,0.019536258726250366,0.0
2584.0,0.999999999970105,1.0
2585.0,0.014658956740214972,0.0
2586.0,0.9349392192607229,1.0
2587.0,2.14675553708715e-08,0.0
2588.0,0.881338059506737,1.0
2589.0,1.0,1.0
2590.0,0.9999999985318542,1.0
2591.0,0.9997777803301199,1.0
2592.0,0.9970820463141382,1.0
2593.0,0.5131702534099538,1.0
2594.0,1.4526733101133993e-07,0.0
2595.0,0.49653021962378957,0.0
2596.0,0.9997022380080524,1.0
2597.0,0.5679828689264589,1.0
2598.0,0.04276544301334333,0.0
2599.0,0.3304716200311807,0.0
2600.0,0.48988857517670714,0.0
2601.0,0.32989681833317963,0.0
2602.0,0.014381301630830958,0.0
2603.0,0.0907636006947439,0.0
2604.0,0.8823843533218454,1.0
2605.0,0.8627038411534614,1.0
2606.0,0.7564704196467743,1.0
2607.0,0.26656346447719365,0.0
2608.0,1.0,1.0
2609.0,0.37839300902965856,0.0
2610.0,0.6951385577125344,1.0
2611.0,0.8177789538146857,1.0
2612.0,0.8340375670594119,1.0
2613.0,0.9999999677033496,1.0
2614.0,0.25546873497429423,0.0
2615.0,0.9912611305634439,1.0
2616.0,0.9999595805348837,1.0
2617.0,0.9999813674254207,1.0
2618.0,0.9999999995826521,1.0
2619.0,0.11653993627410959,0.0
2620.0,0.9999966680953917,1.0
2621.0,0.995151956977749,1.0
2622.0,0.9980734513002028,1.0
2623.0,0.8252023364933702,1.0
2624.0,0.4389786662147516,0.0
2625.0,0.3533455825420099,0.0
2626.0,0.8654569149994267,1.0
2627.0,0.9978234662568248,1.0
2628.0,0.7804354582966069,1.0
2629.0,0.999968727333718,1.0
2630.0,0.05987271253722659,0.0
2631.0,0.16145634562768632,0.0
2632.0,0.39836949365429936,0.0
2633.0,0.11958325068059472,0.0
2634.0,0.0011630672429787051,0.0
2635.0,0.9953695666250341,1.0
2636.0,0.9999865602998024,1.0
2637.0,0.027437486468446487,0.0
2638.0,0.6364530316330639,1.0
2639.0,0.9863457053273825,1.0
2640.0,0.9999983838711899,1.0
2641.0,0.6400134415502148,1.0
2642.0,0.04166314381223623,0.0
2643.0,0.6244929862829712,1.0
2644.0,0.5679828689264589,1.0
2645.0,0.07258639066967837,0.0
2646.0,0.9975188055527248,1.0
2647.0,0.9999666706567948,1.0
2648.0,0.46933617811978395,0.0
2649.0,0.9956067708807127,1.0
2650.0,0.8928286787347222,1.0
2651.0,1.0,1.0
2652.0,0.030231190420706915,0.0
2653.0,0.0004599357138319295,0.0
2654.0,0.9999678636065532,1.0
2655.0,0.10793861009853802,0.0
2656.0,0.9997815674403498,1.0
2657.0,0.6717278495508198,1.0
2658.0,0.9792749160441182,1.0
2659.0,0.8754892473651666,1.0
2660.0,0.4340687547491691,0.0
2661.0,0.35358503265768787,0.0
2662.0,0.7173252834343049,1.0
2663.0,0.05815722138891554,0.0
2664.0,0.7986083751225279,1.0
2665.0,0.49618293671357666,0.0
2666.0,0.5554164067022784,1.0
2667.0,0.8134196307362358,1.0
2668.0,0.9271081343232835,1.0
2669.0,0.029277789092109513,0.0
2670.0,0.9999999100735065,1.0
2671.0,0.9974393372494312,1.0
2672.0,0.9999999998336861,1.0
2673.0,0.999823202563384,1.0
2674.0,0.5679828689264589,1.0
2675.0,0.6984402224679176,1.0
2676.0,0.921286774097519,1.0
2677.0,0.30639637064939074,0.0
2678.0,0.9999999985493571,1.0
2679.0,0.004279561542774527,0.0
2680.0,0.9999993183045537,1.0
2681.0,0.256296698615823,0.0
2682.0,0.9999982241835927,1.0
2683.0,0.6071120691811105,1.0
2684.0,0.9640426084430064,1.0
2685.0,0.24804529809291073,0.0
2686.0,0.9999999999984577,1.0
2687.0,0.06988688027137266,0.0
2688.0,0.0013673283612129345,0.0
2689.0,0.9004541947004493,1.0
2690.0,0.9999926800760791,1.0
2691.0,0.9999725768599507,1.0
2692.0,0.539758659591787,1.0
2693.0,0.9999899647526815,1.0
2694.0,0.07645729820033009,0.0
2695.0,0.04480676304293323,0.0
2696.0,0.4652630044181328,0.0
2697.0,0.27474617472411456,0.0
2698.0,0.017269842919676644,0.0
2699.0,0.05305794336841561,0.0
2700.0,0.9983238661200288,1.0
2701.0,0.6961371483790159,1.0
2702.0,0.9999329488803159,1.0
2703.0,0.6877930004917409,1.0
2704.0,0.012681888797900429,0.0
2705.0,0.9999996544070793,1.0
2706.0,0.3164659099367406,0.0
2707.0,0.5119159155183751,1.0
2708.0,0.9999966231431555,1.0
2709.0,0.009677361061524198,0.0
2710.0,0.0015332359563644106,0.0
2711.0,0.9970004976621879,1.0
2712.0,0.9996187393050489,1.0
2713.0,0.560607799793725,1.0
2714.0,0.27220944837785194,0.0
2715.0,0.9999971151361524,1.0
2716.0,0.9964852294788553,1.0
2717.0,0.9956045885066663,1.0
2718.0,0.9999502142454968,1.0
2719.0,0.6126626306787426,1.0
2720.0,0.1306677683365074,0.0
2721.0,0.9990950178715996,1.0
2722.0,0.9999999173855972,1.0
2723.0,0.5679828689264589,1.0
2724.0,0.033094453457538794,0.0
2725.0,0.9999996873795711,1.0
2726.0,0.038127327276107736,0.0
2727.0,0.9999999990895214,1.0
2728.0,0.2882770951407722,0.0
2729.0,0.9999999932496282,1.0
2730.0,0.9609687403957307,1.0
2731.0,0.9999997026121997,1.0
2732.0,0.999970580410749,1.0
2733.0,0.996967326216072,1.0
2734.0,0.004408934751327059,0.0
2735.0,0.41567920613330195,0.0
2736.0,0.06376531963219528,0.0
2737.0,0.5393246824370481,1.0
2738.0,0.4733203275025104,0.0
2739.0,0.9996844487334476,1.0
2740.0,0.9719948978944078,1.0
2741.0,0.17019504542744596,0.0
2742.0,0.7373937014670467,1.0
2743.0,0.9986948117958241,1.0
2744.0,0.023724848680722974,0.0
2745.0,0.2650903387470704,0.0
2746.0,0.9999924940481307,1.0
2747.0,0.49920849185689814,0.0
2748.0,0.9999156199229543,1.0
2749.0,0.955866067514539,1.0
2750.0,0.9478917598795417,1.0
2751.0,0.9998802683480604,1.0
2752.0,0.9764225225470715,1.0
2753.0,0.010313477514658932,0.0
2754.0,0.9710928231338097,1.0
2755.0,0.5679828689264589,1.0
2756.0,0.02410687590320746,0.0
2757.0,0.9997655283925295,1.0
2758.0,0.5748375648900816,1.0
2759.0,0.9991882496361773,1.0
2760.0,0.999977473229061,1.0
2761.0,0.9573396519942137,1.0
2762.0,0.04810613704669304,0.0
2763.0,0.9999998838021786,1.0
2764.0,0.5679828689264589,1.0
2765.0,0.5679828689264589,1.0
2766.0,0.9968568396440787,1.0
2767.0,0.152431041572949,0.0
2768.0,0.002463606949023668,0.0
2769.0,0.9999999514178467,1.0
2770.0,0.5679828689264589,1.0
2771.0,0.3920042544920046,0.0
2772.0,0.9999822507712288,1.0
2773.0,0.6250754406850413,1.0
2774.0,0.2546094299798036,0.0
2775.0,0.9999762739754473,1.0
2776.0,0.5830070482427667,1.0
2777.0,0.9998717786868875,1.0
2778.0,0.7304933142852225,1.0
2779.0,0.9999999976122367,1.0
2780.0,0.9998027532437315,1.0
2781.0,0.9999995227924462,1.0
2782.0,0.9999999999251061,1.0
2783.0,0.46065457364966494,0.0
2784.0,0.9999999740034355,1.0
2785.0,0.28028223124426466,0.0
2786.0,0.9999998446698956,1.0
2787.0,0.8995289265659876,1.0
2788.0,0.0626012713506085,0.0
2789.0,0.892503711188577,1.0
2790.0,0.9871249485116877,1.0
2791.0,0.26579029363726875,0.0
2792.0,0.7611188463783508,1.0
2793.0,0.9963788631940375,1.0
2794.0,0.9968931985139188,1.0
2795.0,0.0013048179050324435,0.0
2796.0,0.12244812276725014,0.0
2797.0,0.9999967624187954,1.0
2798.0,0.973034176096829,1.0
2799.0,0.5587921597966248,1.0
2800.0,0.9999869883416626,1.0
2801.0,0.9977669570367655,1.0
2802.0,0.8629415432385137,1.0
2803.0,0.576805301003586,1.0
2804.0,0.8013800802006816,1.0
2805.0,2.0831465821499627e-05,0.0
2806.0,0.9958320457387805,1.0
2807.0,0.0006726130228518499,0.0
2808.0,0.953215522035775,1.0
2809.0,0.9999997360010897,1.0
2810.0,0.9999966905071023,1.0
2811.0,0.9489800905581148,1.0
2812.0,0.9728476881176454,1.0
2813.0,0.9998725734432677,1.0
2814.0,0.5172267963545453,1.0
2815.0,0.9968913827537003,1.0
2816.0,0.8797113987070634,1.0
2817.0,0.999998827390166,1.0
2818.0,0.9974942011240666,1.0
2819.0,0.015073732639006285,0.0
2820.0,0.09049727254577362,0.0
2821.0,0.8952428816122365,1.0
2822.0,0.6166397107679441,1.0
2823.0,0.9355996752063713,1.0
2824.0,0.5706177201347709,1.0
2825.0,0.017875323457913032,0.0
2826.0,0.9477602453598716,1.0
2827.0,0.031235447069487006,0.0
2828.0,0.1221797599494849,0.0
2829.0,0.9939683388736946,1.0
2830.0,0.11923518082536533,0.0
2831.0,0.9953595170790255,1.0
2832.0,0.33776491914902285,0.0
2833.0,0.8855003926945713,1.0
2834.0,0.9996082187576881,1.0
2835.0,0.6771074972926304,1.0
2836.0,0.9999991502328844,1.0
2837.0,0.9999978216223562,1.0
2838.0,0.9916938185695143,1.0
2839.0,0.7120157047916391,1.0
2840.0,1.0,1.0
2841.0,0.9427532376038216,1.0
2842.0,0.00022257014780881193,0.0
2843.0,0.9999941167307601,1.0
2844.0,0.9625233856749611,1.0
2845.0,0.9891067788921126,1.0
2846.0,0.44352703349369643,0.0
2847.0,0.008993873880505501,0.0
2848.0,0.45912951275886194,0.0
2849.0,0.9999999999994149,1.0
2850.0,0.035709103068734274,0.0
2851.0,0.9996429637871209,1.0
2852.0,0.9989493202966029,1.0
2853.0,0.9999999712877431,1.0
2854.0,0.999987818434302,1.0
2855.0,0.00037466646704022264,0.0
2856.0,0.9642183746190792,1.0
2857.0,0.9998892814901518,1.0
2858.0,0.9881493752200512,1.0
2859.0,0.9983488766474226,1.0
2860.0,0.4829220434248335,0.0
2861.0,0.9882903918958426,1.0
2862.0,0.9966631088311156,1.0
2863.0,0.37540336355521975,0.0
2864.0,0.999999940182132,1.0
2865.0,8.627170778873412e-05,0.0
2866.0,1.0,1.0
2867.0,0.3385471504625074,0.0
2868.0,0.9894161865268021,1.0
2869.0,0.9999999156186252,1.0
2870.0,0.9999998244067556,1.0
2871.0,0.9999744340669623,1.0
2872.0,0.889354289604304,1.0
2873.0,0.9999788473906375,1.0
2874.0,0.9999963362969937,1.0
2875.0,0.6773478401513083,1.0
2876.0,0.9236954641878683,1.0
2877.0,0.8569968194187245,1.0
2878.0,0.9999999998633613,1.0
2879.0,0.999998240364924,1.0
2880.0,0.26943610919208033,0.0
2881.0,0.36288878083906273,0.0
2882.0,0.012739693594861946,0.0
2883.0,0.9646170154187583,1.0
2884.0,0.5679828689264589,1.0
2885.0,0.9975335375072316,1.0
2886.0,0.508381650913268,1.0
2887.0,0.006690495970551678,0.0
2888.0,0.2907233362538857,0.0
2889.0,0.9946458354363392,1.0
2890.0,0.8368860179073976,1.0
2891.0,0.3262950729532082,0.0
2892.0,0.86513053129507,1.0
2893.0,0.9929669745276083,1.0
2894.0,0.24682688090345667,0.0
2895.0,0.998212512470988,1.0
2896.0,0.014462240238793748,0.0
2897.0,0.0832501536446697,0.0
2898.0,0.42389647043402495,0.0
2899.0,0.9999999118978702,1.0
2900.0,0.5679828689264589,1.0
2901.0,0.9999998812510834,1.0
2902.0,0.43255956925358113,0.0
2903.0,0.5679828689264589,1.0
2904.0,0.9551848455010922,1.0
2905.0,0.9999790172011054,1.0
2906.0,0.25000124994739953,0.0
2907.0,0.8950499402327147,1.0
2908.0,0.8356143648661915,1.0
2909.0,0.008741986994303055,0.0
2910.0,0.5679828689264589,1.0
2911.0,1.0,1.0
2912.0,0.5377222603893625,1.0
2913.0,0.2679777175610728,0.0
2914.0,0.13647218954412446,0.0
2915.0,0.999965263702074,1.0
2916.0,0.9997598954558189,1.0
2917.0,0.9218991951133783,1.0
2918.0,0.9999999982620182,1.0
2919.0,0.24116883385542756,0.0
2920.0,0.9999957035504788,1.0
2921.0,0.03201530203855022,0.0
2922.0,0.999999998886739,1.0
2923.0,0.18029441185613673,0.0
2924.0,0.4483868357608102,0.0
2925.0,0.7019951007060606,1.0
2926.0,0.7837199449618805,1.0
2927.0,0.5679828689264589,1.0
2928.0,0.9999999913570666,1.0
2929.0,0.6799407685052196,1.0
2930.0,0.9712976239534739,1.0
2931.0,0.8256044707398996,1.0
2932.0,0.951133136980648,1.0
2933.0,0.02879545311863681,0.0
2934.0,0.9291796356676881,1.0
2935.0,0.2985135374147475,0.0
2936.0,0.5679828689264589,1.0
2937.0,0.04245086540323165,0.0
2938.0,0.8408122113858177,1.0
2939.0,0.008280830433446778,0.0
2940.0,0.5376910829464758,1.0
2941.0,0.022573566866234913,0.0
2942.0,0.9999718162806752,1.0
2943.0,0.26862390656094814,0.0
2944.0,0.8656687878160307,1.0
2945.0,0.9999926223282498,1.0
2946.0,0.8999187326744987,1.0
2947.0,0.9996353176057678,1.0
2948.0,0.07865874282497234,0.0
2949.0,0.9911769812083268,1.0
2950.0,0.9996988305140315,1.0
2951.0,0.9507693154626252,1.0
2952.0,0.8334915274733857,1.0
2953.0,0.9999999739802146,1.0
2954.0,0.9998600147661763,1.0
2955.0,0.2835133498171895,0.0
2956.0,0.12238962681903272,0.0
2957.0,0.9987721586744355,1.0
2958.0,0.6348707799789965,1.0
2959.0,0.3536063999001042,0.0
2960.0,0.010767361414113405,0.0
2961.0,0.9943115833473162,1.0
2962.0,0.9999198444454565,1.0
2963.0,8.435750116881026e-06,0.0
2964.0,0.996909233610253,1.0
2965.0,0.9999999974221636,1.0
2966.0,0.9999999999983866,1.0
2967.0,0.019216326358202643,0.0
2968.0,1.2382589516329252e-05,0.0
2969.0,0.7308225670889195,1.0
2970.0,0.5788928579930709,1.0
2971.0,0.007893873758803984,0.0
2972.0,0.010795494707229993,0.0
2973.0,0.9999014235575175,1.0
2974.0,0.02521716528832534,0.0
2975.0,0.4598571793165307,0.0
2976.0,0.922265176798828,1.0
2977.0,0.06936620534375694,0.0
2978.0,0.2593309990622527,0.0
2979.0,0.24276319487515852,0.0
2980.0,0.9998118327961321,1.0
2981.0,2.7089444280952218e-05,0.0
2982.0,0.047817205695611625,0.0
2983.0,0.45164752125479296,0.0
2984.0,0.00037052661450276625,0.0
2985.0,1.0,1.0
2986.0,0.8557739499475482,1.0
2987.0,0.7437771547891363,1.0
2988.0,0.9999999180156857,1.0
2989.0,0.9999999999284688,1.0
2990.0,0.018220131460613933,0.0
2991.0,0.4707683375399221,0.0
2992.0,0.9999999714764437,1.0
2993.0,0.9565653479543392,1.0
2994.0,0.996639588944799,1.0
2995.0,0.992791204729756,1.0
2996.0,0.016743565012405034,0.0
2997.0,0.00634082316302095,0.0
2998.0,0.9911581458029287,1.0
2999.0,0.9999905261249294,1.0
3000.0,0.049405995574686154,0.0
3001.0,0.9904783819492163,1.0
3002.0,0.999184562429954,1.0
3003.0,0.9996269557997269,1.0
3004.0,0.4131027838139353,0.0
3005.0,0.8856662337094781,1.0
3006.0,0.0026120934869169853,0.0
3007.0,0.010711615379966717,0.0
3008.0,0.2527123600573555,0.0
3009.0,0.33685899949924997,0.0
3010.0,0.9673135982735533,1.0
3011.0,0.9999667632244552,1.0
3012.0,0.8314565790074083,1.0
3013.0,0.20699934456599225,0.0
3014.0,0.8450653871774862,1.0
3015.0,0.5679828689264589,1.0
3016.0,0.999204882805739,1.0
3017.0,0.13907944513142337,0.0
3018.0,0.5679828689264589,1.0
3019.0,0.5377874183289685,1.0
3020.0,0.41703887845928905,0.0
3021.0,0.966397269485854,1.0
3022.0,0.9647414325370166,1.0
3023.0,0.5679828689264589,1.0
3024.0,0.9232469052395097,1.0
3025.0,0.008604171740430268,0.0
3026.0,0.9842083163464341,1.0
3027.0,0.9999997530396317,1.0
3028.0,0.23731784694272892,0.0
3029.0,0.7791086298655525,1.0
3030.0,0.49064169742575237,0.0
3031.0,0.3335951175478032,0.0
3032.0,0.9999999999986464,1.0
3033.0,0.05903790038074848,0.0
3034.0,0.005795238811359825,0.0
3035.0,0.9651542321464582,1.0
3036.0,0.5574737562120162,1.0
3037.0,0.2506627014625256,0.0
3038.0,0.5679828689264589,1.0
3039.0,0.2244001731604741,0.0
3040.0,0.08634414542055752,0.0
3041.0,0.004320419400013829,0.0
3042.0,0.998269002232516,1.0
3043.0,0.5496207250129514,1.0
3044.0,0.9588611436120126,1.0
3045.0,0.9999999836143532,1.0
3046.0,0.8659851953167196,1.0
3047.0,0.48850173216987247,0.0
3048.0,0.9996954720011691,1.0
3049.0,0.5679828689264589,1.0
3050.0,0.7121345163691782,1.0
3051.0,0.9978306099447506,1.0
3052.0,0.9993839488463764,1.0
3053.0,0.999999966968089,1.0
3054.0,0.04882198236615263,0.0
3055.0,0.36207034799524973,0.0
3056.0,0.994691351249232,1.0
3057.0,0.5403257026204762,1.0
3058.0,0.9154688336367793,1.0
3059.0,0.8305400228363373,1.0
3060.0,0.9999789783615173,1.0
3061.0,0.23546113849423206,0.0
3062.0,0.9988042770899381,1.0
3063.0,0.9999999864224334,1.0
3064.0,0.69933472168339,1.0
3065.0,0.0023679661363826547,0.0
3066.0,0.005086635116011204,0.0
3067.0,0.9998551432741148,1.0
3068.0,0.7033710099563834,1.0
3069.0,0.9879677792137554,1.0
3070.0,0.9999800559200043,1.0
3071.0,0.9941977175887353,1.0
3072.0,0.5679828689264589,1.0
3073.0,0.9999912509538108,1.0
3074.0,0.030014327793007993,0.0
3075.0,0.04969842509123257,0.0
3076.0,0.9981596336253905,1.0
3077.0,0.4041687873257226,0.0
3078.0,0.5708855214037275,1.0
3079.0,4.0092360459843356e-07,0.0
3080.0,0.9994979679378436,1.0
3081.0,0.5679828689264589,1.0
3082.0,0.018442561097492243,0.0
3083.0,0.9732559268651338,1.0
3084.0,0.9996769884512464,1.0
3085.0,0.9999469328130651,1.0
3086.0,0.13469602965394065,0.0
3087.0,0.9999964221524174,1.0
3088.0,0.8794764295953215,1.0
3089.0,0.8516824103072415,1.0
3090.0,0.9999991207326924,1.0
3091.0,0.20603469298988183,0.0
3092.0,0.02317714119523465,0.0
3093.0,0.9718471668032526,1.0
3094.0,0.9999997293470841,1.0
3095.0,0.5679828689264589,1.0
3096.0,0.9999724608000398,1.0
3097.0,0.05176284408461638,0.0
3098.0,0.9999920449692908,1.0
3099.0,0.915097556300445,1.0
3100.0,0.9256076521669945,1.0
3101.0,0.9996930093850219,1.0
3102.0,0.9999999344660145,1.0
3103.0,0.15319590652576517,0.0
3104.0,1.9537818640589867e-12,0.0
3105.0,0.7701937264757469,1.0
3106.0,0.27571224569046376,0.0
3107.0,0.9354836912189152,1.0
3108.0,1.7003630861947869e-06,0.0
3109.0,0.6768260891566688,1.0
3110.0,0.9999030682984297,1.0
3111.0,0.02426107341605521,0.0
3112.0,0.9994142635296156,1.0
3113.0,0.9997922303064024,1.0
3114.0,0.5679828689264589,1.0
3115.0,0.0011132143285168432,0.0
3116.0,0.9984156526746589,1.0
3117.0,0.31119614997050654,0.0
3118.0,0.965051225742499,1.0
3119.0,0.9896756377788329,1.0
3120.0,0.8585814119044952,1.0
3121.0,0.07888774618254472,0.0
3122.0,0.06034864664579223,0.0
3123.0,0.9994387737723816,1.0
3124.0,0.9360158807468956,1.0
3125.0,0.9999986151039783,1.0
3126.0,0.0059770115548852054,0.0
3127.0,0.8979007473620316,1.0
3128.0,0.9999999997540667,1.0
3129.0,0.7934610544933076,1.0
3130.0,0.9999999954996655,1.0
3131.0,0.9991129077925205,1.0
3132.0,0.9702489890267136,1.0
3133.0,0.5456544868247494,1.0
3134.0,0.9951383069506522,1.0
3135.0,0.5679828689264589,1.0
3136.0,0.999855897254711,1.0
3137.0,0.7605654518063885,1.0
3138.0,0.14119340610099607,0.0
3139.0,0.7633563931095056,1.0
3140.0,0.6039668463625965,1.0
3141.0,0.999991386760117,1.0
3142.0,0.9138011143903242,1.0
3143.0,0.9995526288724087,1.0
3144.0,0.042056787739189416,0.0
3145.0,0.19158294745833823,0.0
3146.0,0.9997804837061409,1.0
3147.0,0.9290626613468919,1.0
3148.0,0.9999999988636923,1.0
3149.0,0.9323629073222296,1.0
3150.0,0.17426974207852192,0.0
3151.0,0.9999999919916224,1.0
3152.0,0.9898544384599084,1.0
3153.0,0.7248695167822835,1.0
3154.0,0.9405220435240627,1.0
3155.0,0.9999995040731514,1.0
3156.0,0.9661249119598373,1.0
3157.0,0.9993882255999038,1.0
3158.0,0.6049714941196932,1.0
3159.0,0.5946729697053181,1.0
3160.0,0.3915172967134841,0.0
3161.0,0.9999990363576052,1.0
3162.0,0.9370855783838892,1.0
3163.0,0.01187697541114251,0.0
3164.0,0.9994707573162971,1.0
3165.0,0.9845986549018696,1.0
3166.0,0.0,0.0
3167.0,0.08954469307714549,0.0
3168.0,0.5412583158823604,1.0
3169.0,0.9999544812656781,1.0
3170.0,0.9163029445765944,1.0
3171.0,0.799105767980155,1.0
3172.0,0.7730398802682515,1.0
3173.0,0.02978750536675786,0.0
3174.0,0.999998697143243,1.0
3175.0,0.006004196212554991,0.0
3176.0,0.22683763538315185,0.0
3177.0,0.08685212125940306,0.0
3178.0,0.9503632102107268,1.0
3179.0,0.9981623966863697,1.0
3180.0,0.9999999994398743,1.0
3181.0,0.9915777833642112,1.0
3182.0,0.999999668023481,1.0
3183.0,0.9710135544733848,1.0
3184.0,0.02970561951260332,0.0
3185.0,0.9998812610604477,1.0
3186.0,0.9998882670271168,1.0
3187.0,0.006662424015776832,0.0
3188.0,0.49622689260675595,0.0
3189.0,0.7460948809841657,1.0
3190.0,0.9999947883697852,1.0
3191.0,0.4593867161872243,0.0
3192.0,0.004710296804128876,0.0
3193.0,0.386372051258357,0.0
3194.0,0.9997812089344925,1.0
3195.0,0.9966192435804786,1.0
3196.0,0.9999654081260204,1.0
3197.0,0.8299593119036782,1.0
3198.0,0.7914960152277017,1.0
3199.0,0.9999750808147487,1.0
3200.0,0.44256651318052775,0.0
3201.0,0.7027277483836485,1.0
3202.0,0.6255018622143725,1.0
3203.0,0.5393469884951205,1.0
3204.0,0.9998918835725882,1.0
3205.0,0.9963781898009018,1.0
3206.0,0.4238257336554062,0.0
3207.0,0.8658156015752884,1.0
3208.0,0.8759575050065311,1.0
3209.0,0.48891627211660105,0.0
3210.0,0.9999989439628848,1.0
3211.0,0.9999957260674747,1.0
3212.0,0.9999875417493947,1.0
3213.0,0.9764264314404084,1.0
3214.0,1.0,1.0
3215.0,0.4903643102946868,0.0
3216.0,0.9937814003674665,1.0
3217.0,0.9892760128205572,1.0
3218.0,0.017399844688262358,0.0
3219.0,0.23931671972262564,0.0
3220.0,0.9694251459905839,1.0
3221.0,0.9997992497824663,1.0
3222.0,0.9999999244314489,1.0
3223.0,0.8083502964332834,1.0
3224.0,0.39113841564589746,0.0
3225.0,0.5582755017109028,1.0
3226.0,0.9998146839674413,1.0
3227.0,0.9959320583554331,1.0
3228.0,0.5679828689264589,1.0
3229.0,0.8811957150730605,1.0
3230.0,0.9492115035657663,1.0
3231.0,0.9539016809178115,1.0
3232.0,0.952225932481718,1.0
3233.0,0.999598607527721,1.0
3234.0,0.9880983856089149,1.0
3235.0,0.9597033875115537,1.0
3236.0,0.5679828689264589,1.0
3237.0,0.6110558845209343,1.0
3238.0,0.9999995289629204,1.0
3239.0,9.051360563437213e-15,0.0
3240.0,0.2854596104803319,0.0
3241.0,0.9681401645947488,1.0
3242.0,0.6110091805863483,1.0
3243.0,0.06791721891195444,0.0
3244.0,0.9999999947757154,1.0
3245.0,0.923456925243451,1.0
3246.0,0.9998902517005923,1.0
3247.0,0.9999987720134611,1.0
3248.0,0.9889282604214642,1.0
3249.0,0.9868578295701579,1.0
3250.0,0.9996574610366018,1.0
3251.0,0.007888957101168307,0.0
3252.0,0.9998912420033963,1.0
3253.0,0.828206522362979,1.0
3254.0,0.9828546881605679,1.0
3255.0,0.9796521157869488,1.0
3256.0,0.7213068180356164,1.0
3257.0,0.45901362452796135,0.0
3258.0,0.06970543398359398,0.0
3259.0,0.9998948289801097,1.0
3260.0,0.9999491181765009,1.0
3261.0,0.0025462056234791274,0.0
3262.0,0.6526159680272011,1.0
3263.0,0.4262453348850395,0.0
3264.0,0.9999985642358027,1.0
3265.0,0.26081206860822675,0.0
3266.0,0.5519565069977704,1.0
3267.0,0.4178634841225948,0.0
3268.0,0.06595422983762168,0.0
3269.0,0.5604285183756507,1.0
3270.0,0.9993661617664551,1.0
3271.0,0.31749084338584743,0.0
3272.0,0.44275751905165,0.0
3273.0,0.9999999999999902,1.0
3274.0,0.5679828689264589,1.0
3275.0,0.9350995251490896,1.0
3276.0,0.984995042597788,1.0
3277.0,0.9998683714526468,1.0
3278.0,0.50593481535535,1.0
3279.0,0.5059201855528618,1.0
3280.0,0.9999996009064777,1.0
3281.0,0.41869015250305514,0.0
3282.0,0.020730264312072175,0.0
3283.0,0.0037347991258243843,0.0
3284.0,0.9999946273848999,1.0
3285.0,0.9679321996864988,1.0
3286.0,0.9999999999999931,1.0
3287.0,0.0,0.0
3288.0,0.09097253590842332,0.0
3289.0,0.766949456988605,1.0
3290.0,0.003628314579018142,0.0
3291.0,0.1333817974545512,0.0
3292.0,0.9106537003070568,1.0
3293.0,0.9993960327481289,1.0
3294.0,0.9908111339872622,1.0
3295.0,0.5904509771157188,1.0
3296.0,0.9713305225117626,1.0
3297.0,0.9952658531809849,1.0
3298.0,0.9999999976853995,1.0
3299.0,0.37902884330775927,0.0
3300.0,0.9999999963315551,1.0
3301.0,0.9822180899616455,1.0
3302.0,0.0001454252498941292,0.0
3303.0,0.9718412820038123,1.0
3304.0,0.5981594698018433,1.0
3305.0,0.5679828689264589,1.0
3306.0,0.05089587372873814,0.0
3307.0,0.16142226184460867,0.0
3308.0,0.18659625576787447,0.0
3309.0,0.44328668575103214,0.0
3310.0,0.05238786271705362,0.0
3311.0,0.4319729145115984,0.0
3312.0,0.012481039837971402,0.0
3313.0,0.9999592318440221,1.0
3314.0,0.9999473732163026,1.0
3315.0,0.9998946749197153,1.0
3316.0,0.040106959661901725,0.0
3317.0,0.16742831995556537,0.0
3318.0,0.6409175649272509,1.0
3319.0,0.7129485363250878,1.0
3320.0,0.999898039142419,1.0
3321.0,0.40840840406379214,0.0
3322.0,0.5679828689264589,1.0
3323.0,0.1123272730179852,0.0
3324.0,0.1304803679657272,0.0
3325.0,0.4609401588401868,0.0
3326.0,0.9999998916200095,1.0
3327.0,0.50165099784031,1.0
3328.0,0.5679828689264589,1.0
3329.0,0.9999705360549228,1.0
3330.0,0.12360178095126735,0.0
3331.0,0.9999122024473502,1.0
3332.0,0.9999999886650354,1.0
3333.0,0.3597323803849408,0.0
3334.0,0.6027152634794666,1.0
3335.0,0.22410569169821629,0.0
3336.0,0.7184108109046643,1.0
3337.0,0.9146068474334538,1.0
3338.0,0.9310013953626033,1.0
3339.0,0.49523558348428637,0.0
3340.0,0.359564215762723,0.0
3341.0,0.04757023904128984,0.0
3342.0,0.9999921062139199,1.0
3343.0,0.3998667898396715,0.0
3344.0,0.46691721115571594,0.0
3345.0,0.9999999972581781,1.0
3346.0,0.6639477956273274,1.0
3347.0,0.5679828689264589,1.0
3348.0,0.9984916444899401,1.0
3349.0,0.12088380704140542,0.0
3350.0,0.9999999992472555,1.0
3351.0,0.9336654156901002,1.0
3352.0,0.9857788238658655,1.0
3353.0,0.9143186755121939,1.0
3354.0,0.723976705488759,1.0
3355.0,0.535544607751007,1.0
3356.0,1.0,1.0
3357.0,0.999697861047633,1.0
3358.0,0.9999652788666158,1.0
3359.0,0.9951620562946801,1.0
3360.0,0.997696022585154,1.0
3361.0,0.9999999406596491,1.0
3362.0,0.9999974197144373,1.0
3363.0,0.9755126884017633,1.0
3364.0,0.9962387192806544,1.0
3365.0,0.4761707026237092,0.0
3366.0,0.38017560799774863,0.0
3367.0,0.9865255057623878,1.0
3368.0,0.9707848497700557,1.0
3369.0,0.18583568711805543,0.0
3370.0,0.995232740242805,1.0
3371.0,0.9984629286182021,1.0
3372.0,0.5679828689264589,1.0
3373.0,0.999589684870643,1.0
3374.0,0.7617476016323316,1.0
3375.0,0.9953645956727479,1.0
3376.0,0.9789150519125006,1.0
3377.0,0.15708456348690525,0.0
3378.0,0.9999972893185384,1.0
3379.0,0.9970890670833659,1.0
3380.0,0.7233378563046161,1.0
3381.0,0.7336540182485468,1.0
3382.0,0.9793598340372401,1.0
3383.0,0.9999453242340806,1.0
3384.0,0.9997321940408755,1.0
3385.0,0.999699485501543,1.0
3386.0,0.5679828689264589,1.0
3387.0,0.5679828689264589,1.0
3388.0,0.9158497260373926,1.0
3389.0,0.10594751992490689,0.0
3390.0,0.9998893812233794,1.0
3391.0,0.5679828689264589,1.0
3392.0,0.5679828689264589,1.0
3393.0,0.06713763699992638,0.0
3394.0,0.0029507942432200895,0.0
3395.0,0.8388968219236992,1.0
3396.0,0.42237395100389413,0.0
3397.0,0.3623921082909566,0.0
3398.0,0.6586887721783482,1.0
3399.0,0.07439301693340473,0.0
3400.0,0.5679828689264589,1.0
3401.0,0.5391992977272749,1.0
3402.0,0.5989531273904563,1.0
3403.0,0.968198237181798,1.0
3404.0,0.08082589761472836,0.0
3405.0,0.989996336570324,1.0
3406.0,0.0036255367008602704,0.0
3407.0,0.6201010860308442,1.0
3408.0,0.8295597283481966,1.0
3409.0,0.501617682950194,1.0
3410.0,0.8569900019138775,1.0
3411.0,0.2957903462720675,0.0
3412.0,0.03223762377828918,0.0
3413.0,0.9999445766974782,1.0
3414.0,0.8751687364773643,1.0
3415.0,0.6587868686806613,1.0
3416.0,0.9999952007140293,1.0
3417.0,0.5679828689264589,1.0
3418.0,0.9999935268667969,1.0
3419.0,0.999997979790621,1.0
3420.0,0.8645964366148245,1.0
3421.0,0.9999769534917295,1.0
3422.0,0.9999860455308268,1.0
3423.0,0.9982587711516264,1.0
3424.0,0.32896375095050095,0.0
3425.0,0.9985823563514417,1.0
3426.0,0.03908944781279591,0.0
3427.0,0.5378588457416691,1.0
3428.0,0.45181362649696377,0.0
3429.0,0.9826755027731634,1.0
3430.0,0.06625869400627626,0.0
3431.0,0.03895257274675778,0.0
3432.0,0.9941056770041767,1.0
3433.0,0.5351966678562152,1.0
3434.0,0.8135231363498594,1.0
3435.0,0.9899474230491034,1.0
3436.0,0.9997939466201441,1.0
3437.0,0.08210060824530527,0.0
3438.0,0.8406718034481354,1.0
3439.0,0.5679828689264589,1.0
3440.0,0.999834646895914,1.0
3441.0,0.9921519191836735,1.0
3442.0,0.9823368778511834,1.0
3443.0,0.08099505573674529,0.0
3444.0,0.9757220152238174,1.0
3445.0,0.5679828689264589,1.0
3446.0,0.7948248305131396,1.0
3447.0,0.9999024788572892,1.0
3448.0,0.5679828689264589,1.0
3449.0,0.5249555893785162,1.0
3450.0,0.9945361806260193,1.0
3451.0,0.9997116031138288,1.0
3452.0,0.9989191653922502,1.0
3453.0,0.5011380033478595,1.0
3454.0,0.9945916271430355,1.0
3455.0,0.9999999810315122,1.0
3456.0,0.022791604313400424,0.0
3457.0,0.37259401440473516,0.0
3458.0,0.0,0.0
3459.0,0.012725547506164553,0.0
3460.0,0.9996452859255986,1.0
3461.0,0.5679828689264589,1.0
3462.0,0.9999999783004989,1.0
3463.0,0.9999986081276215,1.0
3464.0,0.6640543795362915,1.0
3465.0,0.037057172534126076,0.0
3466.0,0.9999999438707998,1.0
3467.0,0.8283891254264228,1.0
3468.0,0.7732104687148283,1.0
3469.0,0.026123530243084572,0.0
3470.0,0.8922928035864847,1.0
3471.0,0.5679828689264589,1.0
3472.0,0.11023360025898,0.0
3473.0,0.9878978009945513,1.0
3474.0,0.47221072049740176,0.0
3475.0,0.01443590066554629,0.0
3476.0,0.999997263727458,1.0
3477.0,0.5128920926254551,1.0
3478.0,0.9999992674026097,1.0
3479.0,0.9999247701330944,1.0
3480.0,0.0007940014520379486,0.0
3481.0,0.5275213553135237,1.0
3482.0,0.5679828689264589,1.0
3483.0,0.9999999999223415,1.0
3484.0,0.6502929040554686,1.0
3485.0,0.7414911617823455,1.0
3486.0,0.36575501693578316,0.0
3487.0,0.9888072640278367,1.0
3488.0,0.8946537329960489,1.0
3489.0,0.617423303207222,1.0
3490.0,0.5933592749828736,1.0
3491.0,0.7553080298130564,1.0
3492.0,0.5679828689264589,1.0
3493.0,0.9327195286345873,1.0
3494.0,0.0,0.0
3495.0,0.0007957663279484144,0.0
3496.0,0.966310616788932,1.0
3497.0,0.7562469031939377,1.0
3498.0,0.16941544376462778,0.0
3499.0,0.022699941709948105,0.0
3500.0,0.991864731563534,1.0
3501.0,0.5679828689264589,1.0
3502.0,0.007915390414329426,0.0
3503.0,0.39130143335845596,0.0
3504.0,0.5228271349457009,1.0
3505.0,0.9020452020396424,1.0
3506.0,0.9999939901695197,1.0
3507.0,0.9999960258719613,1.0
3508.0,0.20202467155717735,0.0
3509.0,0.00040542090830800664,0.0
3510.0,0.8522460572523672,1.0
3511.0,0.9999999972746643,1.0
3512.0,0.5590251331775137,1.0
3513.0,0.31631022989628366,0.0
3514.0,0.9999911466255168,1.0
3515.0,0.35656031225758367,0.0
3516.0,0.9999917736684821,1.0
3517.0,0.9998932324210137,1.0
3518.0,0.9999994023575086,1.0
3519.0,0.5306283393637875,1.0
3520.0,0.876096482054814,1.0
3521.0,0.14511091045858146,0.0
3522.0,0.5312719699836924,1.0
3523.0,0.7589632188013365,1.0
3524.0,0.5679828689264589,1.0
3525.0,0.9999611832504304,1.0
3526.0,0.9999998501996519,1.0
3527.0,0.999879989351074,1.0
3528.0,0.40077317803977797,0.0
3529.0,0.9999969064448959,1.0
3530.0,0.9836232032618814,1.0
3531.0,0.9397848543621157,1.0
3532.0,0.9077838822013394,1.0
3533.0,0.9930274007634958,1.0
3534.0,0.9962978193178419,1.0
3535.0,0.9999997352946691,1.0
3536.0,0.591486110998646,1.0
3537.0,0.5287693858062332,1.0
3538.0,0.8773547387244034,1.0
3539.0,0.47584431150700524,0.0
3540.0,0.9448319607414178,1.0
3541.0,0.36184615172674384,0.0
3542.0,0.30859402830998794,0.0
3543.0,0.9718306577673232,1.0
3544.0,0.1869131679356303,0.0
3545.0,0.8964870462455317,1.0
3546.0,0.9999999999478344,1.0
3547.0,0.9687822070032763,1.0
3548.0,0.9999999744874122,1.0
3549.0,0.019475901645969223,0.0
3550.0,0.9999995831278249,1.0
3551.0,1.552820089862529e-08,0.0
3552.0,0.8681878145097098,1.0
3553.0,0.9998859844129683,1.0
3554.0,0.8420588830180464,1.0
3555.0,0.5679828689264589,1.0
3556.0,0.48956131258775887,0.0
3557.0,0.7822091937539069,1.0
3558.0,0.9974608280035757,1.0
3559.0,0.005809743549494145,0.0
3560.0,0.5316083990914401,1.0
3561.0,0.9999999999915838,1.0
3562.0,0.5700526451905211,1.0
3563.0,0.9976929349288935,1.0
3564.0,0.9838689595737764,1.0
3565.0,0.9848639406578659,1.0
3566.0,0.023466268392304482,0.0
3567.0,0.9995304777123962,1.0
3568.0,0.030508702001465923,0.0
3569.0,0.9991455029330581,1.0
3570.0,0.9659495436093664,1.0
3571.0,0.9884462999764092,1.0
3572.0,0.9999999980155982,1.0
3573.0,0.5679828689264589,1.0
3574.0,0.9237663365916168,1.0
3575.0,0.9993266792102404,1.0
3576.0,0.6993738783657542,1.0
3577.0,0.9997127090608701,1.0
3578.0,0.9988809627852471,1.0
3579.0,0.8790683132625388,1.0
3580.0,0.43912019474557334,0.0
3581.0,0.3354465356178829,0.0
3582.0,0.5679828689264589,1.0
3583.0,0.48549586382075,0.0
3584.0,0.020049633537046817,0.0
3585.0,0.9472522341941242,1.0
3586.0,0.9757467049584791,1.0
3587.0,0.06455394618465357,0.0
3588.0,0.08523736444211086,0.0
3589.0,0.999707750761079,1.0
3590.0,0.17924088585229322,0.0
3591.0,0.30773267588026937,0.0
3592.0,0.05230390327019762,0.0
3593.0,0.820249490044596,1.0
3594.0,0.99999886249486,1.0
3595.0,0.0010815266784683288,0.0
3596.0,0.9988169183006002,1.0
3597.0,0.9999975370520661,1.0
3598.0,0.9999999909018923,1.0
3599.0,0.040614241635573395,0.0
3600.0,0.9999909997803559,1.0
3601.0,0.5679828689264589,1.0
3602.0,0.5679828689264589,1.0
3603.0,0.5679828689264589,1.0
3604.0,0.7648055900663149,1.0
3605.0,0.9987695128119515,1.0
3606.0,0.0010949877244073656,0.0
3607.0,0.4660901183952335,0.0
3608.0,0.4322027330885538,0.0
3609.0,0.930649116773586,1.0
3610.0,0.9712296290292045,1.0
3611.0,0.8133435949279422,1.0
3612.0,0.9992006848267049,1.0
3613.0,0.5679828689264589,1.0
3614.0,0.999906833812304,1.0
3615.0,0.6371324765661361,1.0
3616.0,0.9961597143482376,1.0
3617.0,0.986879537154472,1.0
3618.0,0.9996572184806025,1.0
3619.0,0.9999977052996883,1.0
3620.0,0.9999773875882234,1.0
3621.0,0.5679828689264589,1.0
3622.0,0.6586089060703711,1.0
3623.0,0.714197149061431,1.0
3624.0,0.32036802511565726,0.0
3625.0,0.8961895460450955,1.0
3626.0,0.9840433327407027,1.0
3627.0,0.3712689739973434,0.0
3628.0,0.999930624374918,1.0
3629.0,0.5679828689264589,1.0
3630.0,0.0028851357931757114,0.0
3631.0,0.43395312995950847,0.0
3632.0,0.9986968944621331,1.0
3633.0,0.02142634558035222,0.0
3634.0,0.9956293728513981,1.0
3635.0,0.9998076604547204,1.0
3636.0,0.7376446219904143,1.0
3637.0,0.9632448318286098,1.0
3638.0,0.0,0.0
3639.0,9.088410288799936e-06,0.0
3640.0,0.9999766565756111,1.0
3641.0,0.5679828689264589,1.0
3642.0,0.0011819972289146294,0.0
3643.0,0.48593092768676666,0.0
3644.0,0.9923661678709595,1.0
3645.0,0.5679828689264589,1.0
3646.0,0.9992927304212158,1.0
3647.0,0.566117438875265,1.0
3648.0,0.03634047870548799,0.0
3649.0,0.03116046026062374,0.0
3650.0,0.9999999998395468,1.0
3651.0,0.17376231307563306,0.0
3652.0,0.8192917122676872,1.0
3653.0,0.9975263460283861,1.0
3654.0,0.005875417569381287,0.0
3655.0,0.999853281281449,1.0
3656.0,0.7019951007060606,1.0
3657.0,0.9024803368938954,1.0
3658.0,0.9998535723514216,1.0
3659.0,0.3720683932097229,0.0
3660.0,0.9999963457089155,1.0
3661.0,0.8099743493046686,1.0
3662.0,0.1770260133632286,0.0
3663.0,0.9999940381202141,1.0
3664.0,0.7636524367780174,1.0
3665.0,0.5398126748459097,1.0
3666.0,0.955898563321634,1.0
3667.0,0.8856187865645097,1.0
3668.0,0.18237699174314786,0.0
3669.0,0.002877368297461699,0.0
3670.0,0.5407311120099146,1.0
3671.0,0.7445886153052055,1.0
3672.0,0.5679828689264589,1.0
3673.0,0.9999998463682437,1.0
3674.0,0.9066742376271902,1.0
3675.0,0.9999977400654622,1.0
3676.0,0.995351634666794,1.0
3677.0,0.1834963723231738,0.0
3678.0,0.7817368114492244,1.0
3679.0,0.9999116293502954,1.0
3680.0,0.5679828689264589,1.0
3681.0,0.9993793295361807,1.0
3682.0,0.7890996892780283,1.0
3683.0,0.9999999847056824,1.0
3684.0,0.9999556332437153,1.0
3685.0,0.9982385771542295,1.0
3686.0,0.9999999979100183,1.0
3687.0,0.9205526437673333,1.0
3688.0,0.9994024145265208,1.0
3689.0,0.9999992167172633,1.0
3690.0,0.13557711960465868,0.0
3691.0,0.9999999992774116,1.0
3692.0,0.5657969798188867,1.0
3693.0,0.7031697313404489,1.0
3694.0,0.8737131472848749,1.0
3695.0,0.7235714743496109,1.0
3696.0,0.39000760639828047,0.0
3697.0,0.999972164348593,1.0
3698.0,0.8811957150730605,1.0
3699.0,0.9730125851903011,1.0
3700.0,0.9964372165262748,1.0
3701.0,0.9971214593759155,1.0
3702.0,0.5227941789815428,1.0
3703.0,0.5679828689264589,1.0
3704.0,0.5679828689264589,1.0
3705.0,0.06882369164960893,0.0
3706.0,0.9675678720181142,1.0
3707.0,0.4475452756124977,0.0
3708.0,0.9644933400456669,1.0
3709.0,0.999999999999998,1.0
3710.0,0.5777636167176365,1.0
3711.0,0.9958647219566051,1.0
3712.0,0.00041275737174622547,0.0
3713.0,0.26579029363726875,0.0
3714.0,0.9760331763104715,1.0
3715.0,0.9976420469763565,1.0
3716.0,0.9999991525071775,1.0
3717.0,0.09704891555351676,0.0
3718.0,0.9430765187585347,1.0
3719.0,0.9997554458439526,1.0
3720.0,0.999999793776082,1.0
3721.0,0.9746479214802405,1.0
3722.0,0.9999879662740808,1.0
3723.0,0.9996250210144558,1.0
3724.0,0.5679828689264589,1.0
3725.0,0.8483120176412546,1.0
3726.0,0.03597721098413515,0.0
3727.0,0.5430999660506841,1.0
3728.0,0.9999957089966203,1.0
3729.0,0.9824655112460053,1.0
3730.0,0.6286380042415852,1.0
3731.0,0.012842826321844074,0.0
3732.0,0.9885508683595369,1.0
3733.0,0.9999696776985898,1.0
3734.0,0.980941909808639,1.0
3735.0,0.5679828689264589,1.0
3736.0,0.9999599124902824,1.0
3737.0,0.5679828689264589,1.0
3738.0,0.9402329608614162,1.0
3739.0,0.5930996019614587,1.0
3740.0,0.999877656230156,1.0
3741.0,0.9992290210858781,1.0
3742.0,0.6320698734305493,1.0
3743.0,0.9989625372870761,1.0
3744.0,0.9828169039987709,1.0
3745.0,0.9999997096525374,1.0
3746.0,0.9999454633688786,1.0
3747.0,0.7799002300458094,1.0
3748.0,0.17138219170906907,0.0
3749.0,0.6039395345482516,1.0
3750.0,0.5679828689264589,1.0
3751.0,0.4765254593108784,0.0
3752.0,0.014962736068588408,0.0
3753.0,0.7860680196906148,1.0
3754.0,0.9977907535623463,1.0
3755.0,0.9611549632152355,1.0
3756.0,0.9999953843948769,1.0
3757.0,0.008527176093620626,0.0
3758.0,0.9985007212145794,1.0
3759.0,0.999301853006188,1.0
3760.0,1.0,1.0
3761.0,0.9999921763085926,1.0
3762.0,0.9558590451773311,1.0
3763.0,0.36766512831532444,0.0
3764.0,0.9999999444110605,1.0
3765.0,0.947946554100248,1.0
3766.0,0.9999775274074357,1.0
3767.0,0.9961863912908938,1.0
3768.0,0.2794166275664204,0.0
3769.0,0.8787840857192822,1.0
3770.0,0.09576080589773765,0.0
3771.0,0.9999931349047406,1.0
3772.0,0.5274192302008455,1.0
3773.0,0.9992801250895714,1.0
3774.0,0.9861729892206116,1.0
3775.0,0.9999991819113003,1.0
3776.0,0.20751826881410657,0.0
3777.0,0.9852335846072968,1.0
3778.0,0.999876784832136,1.0
3779.0,0.9808818120965119,1.0
3780.0,1.8992304107139892e-06,0.0
3781.0,0.9903870190867894,1.0
3782.0,0.9999999999999964,1.0
3783.0,0.9967322258502689,1.0
3784.0,0.9999944480533411,1.0
3785.0,0.9969176939933415,1.0
3786.0,0.9724191137166528,1.0
3787.0,0.8961455735803723,1.0
3788.0,0.9931219667040108,1.0
3789.0,0.9998541717597389,1.0
3790.0,1.0641219167507055e-13,0.0
3791.0,0.9766547025966552,1.0
3792.0,0.5679828689264589,1.0
3793.0,0.9956692233890103,1.0
3794.0,0.06618938516012018,0.0
3795.0,0.999999991574754,1.0
3796.0,0.9999999999994758,1.0
3797.0,0.0004180174979735307,0.0
3798.0,0.9828313548530638,1.0
3799.0,0.44531233590869007,0.0
3800.0,0.9999244867036481,1.0
3801.0,0.9934227144338077,1.0
3802.0,0.8972965718168439,1.0
3803.0,0.34304765362534984,0.0
3804.0,0.5679828689264589,1.0
3805.0,0.9999999848499819,1.0
3806.0,0.9978666127722249,1.0
3807.0,0.9636249222431094,1.0
3808.0,0.9999983973828646,1.0
3809.0,0.9636620230325927,1.0
3810.0,0.008094798223329895,0.0
3811.0,0.09202797962221301,0.0
3812.0,0.9992901259158632,1.0
3813.0,0.9746391841679631,1.0
3814.0,0.34986751243099923,0.0
3815.0,0.9861860360213268,1.0
3816.0,0.3121811457571169,0.0
3817.0,0.5679828689264589,1.0
3818.0,0.0770174556350906,0.0
3819.0,0.011520453324152148,0.0
3820.0,0.8802865447537565,1.0
3821.0,0.5679828689264589,1.0
3822.0,0.672553538059014,1.0
3823.0,0.985580689505306,1.0
3824.0,0.5680759882623344,1.0
3825.0,0.29969036398502064,0.0
3826.0,0.999998702825214,1.0
3827.0,0.9999999945786586,1.0
3828.0,0.18056212739668212,0.0
3829.0,0.8763932457268203,1.0
3830.0,0.42720305190769753,0.0
3831.0,0.9200879350854095,1.0
3832.0,0.9999945422587602,1.0
3833.0,0.14211443168247165,0.0
3834.0,0.9999137644651319,1.0
3835.0,0.9999991021669538,1.0
3836.0,0.01741867367878794,0.0
3837.0,0.5823596364663686,1.0
3838.0,0.9999901327858843,1.0
3839.0,0.9396185124216734,1.0
3840.0,0.9999991806979973,1.0
3841.0,0.9593263820852231,1.0
3842.0,0.4458263557812005,0.0
3843.0,0.2287568049557746,0.0
3844.0,0.5322124624503689,1.0
3845.0,0.9928496585341299,1.0
3846.0,0.7122877728336794,1.0
3847.0,0.015694844434946235,0.0
3848.0,0.9049889959307785,1.0
3849.0,0.9999994061770452,1.0
3850.0,0.2785428651127108,0.0
3851.0,0.5649662674461425,1.0
3852.0,0.04615183470178176,0.0
3853.0,0.9999800274628934,1.0
3854.0,0.9982943202502805,1.0
3855.0,0.15567246798445705,0.0
3856.0,0.20420738597859073,0.0
3857.0,0.5679828689264589,1.0
3858.0,0.5793711322522037,1.0
3859.0,0.7889870853744263,1.0
3860.0,0.9917296061788647,1.0
3861.0,0.9999618295318846,1.0
3862.0,2.503962070649708e-13,0.0
3863.0,0.9894545076283526,1.0
3864.0,0.9862938016020001,1.0
3865.0,0.9999959387223344,1.0
3866.0,0.8969650334698215,1.0
3867.0,0.5679828689264589,1.0
3868.0,1.0,1.0
3869.0,0.9999698242170192,1.0
3870.0,0.9174078734653927,1.0
3871.0,0.5056160821624225,1.0
3872.0,0.9999999988776496,1.0
3873.0,0.286029512591055,0.0
3874.0,0.9984309402694324,1.0
3875.0,0.14459226870444844,0.0
3876.0,0.9999764031650543,1.0
3877.0,0.932201097545891,1.0
3878.0,0.9988108998926507,1.0
3879.0,0.7354799752698629,1.0
3880.0,0.5679828689264589,1.0
3881.0,0.9998375843175743,1.0
3882.0,0.00013496978742672384,0.0
3883.0,0.011328548648857018,0.0
3884.0,0.9176036482090787,1.0
3885.0,0.8450077148554846,1.0
3886.0,0.9999999999997846,1.0
3887.0,0.9952802342200474,1.0
3888.0,0.4044958818908707,0.0
3889.0,0.861368338012443,1.0
3890.0,0.8283893756022559,1.0
3891.0,0.9999999903905014,1.0
3892.0,0.9994437518293838,1.0
3893.0,0.8070291683817479,1.0
3894.0,0.5679828689264589,1.0
3895.0,0.9999958954087099,1.0
3896.0,0.7992815925834821,1.0
3897.0,0.22088254864291174,0.0
3898.0,0.9989466841001529,1.0
3899.0,0.9999999957067334,1.0
3900.0,0.9999999642188713,1.0
3901.0,0.2565589175300873,0.0
3902.0,0.997185463170193,1.0
3903.0,0.4338153471625579,0.0
3904.0,0.9999968281448549,1.0
3905.0,0.9453392400171892,1.0
3906.0,0.5519372754013689,1.0
3907.0,0.5342028962754183,1.0
3908.0,0.9886000701176308,1.0
3909.0,0.999986779400155,1.0
3910.0,0.9995840833489966,1.0
3911.0,0.9999387932994491,1.0
3912.0,0.050216956047609417,0.0
3913.0,0.06625869400627626,0.0
3914.0,0.999999431164617,1.0
3915.0,0.9967614884954372,1.0
3916.0,0.507162602413534,1.0
3917.0,0.1910360791559817,0.0
3918.0,0.9986609221774928,1.0
3919.0,0.9227576784517941,1.0
3920.0,0.9954106474520421,1.0
3921.0,0.04634884827273687,0.0
3922.0,0.9999999970780149,1.0
3923.0,0.985655750342572,1.0
3924.0,0.9997781141882571,1.0
3925.0,1.0,1.0
3926.0,0.9988779286047466,1.0
3927.0,0.2093271937689328,0.0
3928.0,0.9999971226975124,1.0
3929.0,0.9989663116752705,1.0
3930.0,0.0026251300756400782,0.0
3931.0,0.8587833037431091,1.0
3932.0,0.28388801809029324,0.0
3933.0,0.0005485351724496577,0.0
3934.0,0.1920101293996628,0.0
3935.0,0.18254703020223928,0.0
3936.0,0.7611133726482207,1.0
3937.0,0.06185634960981795,0.0
3938.0,0.13468707294734003,0.0
3939.0,0.9806271145169478,1.0
3940.0,0.9996923545842039,1.0
3941.0,0.9999337670129531,1.0
3942.0,0.11253619978099422,0.0
3943.0,0.9999999999989009,1.0
3944.0,0.9527545123857144,1.0
3945.0,0.7155052476104581,1.0
3946.0,0.9386514381578562,1.0
3947.0,0.9349024205137481,1.0
3948.0,0.974014275317391,1.0
3949.0,0.9843396076910945,1.0
3950.0,0.3575543860959415,0.0
3951.0,0.9784597857957711,1.0
3952.0,0.4968808138109103,0.0
3953.0,0.9999999392780409,1.0
3954.0,0.9999999328009782,1.0
3955.0,0.48331130112328186,0.0
3956.0,0.9999459700063306,1.0
3957.0,0.6307857456672423,1.0
3958.0,0.3573575252602284,0.0
3959.0,0.9999622050903644,1.0
3960.0,0.5679828689264589,1.0
3961.0,0.9999879064629402,1.0
3962.0,0.5679828689264589,1.0
3963.0,2.744076427527063e-16,0.0
3964.0,0.8323126138162911,1.0
3965.0,0.8795929914501294,1.0
3966.0,0.5679828689264589,1.0
3967.0,0.4790120447597982,0.0
3968.0,0.5679828689264589,1.0
3969.0,0.0009026432694865818,0.0
3970.0,0.0564280917482588,0.0
3971.0,0.9436001902196984,1.0
3972.0,0.9989855011949599,1.0
3973.0,0.9998922293891308,1.0
3974.0,0.5583903692581997,1.0
3975.0,0.9997790290332261,1.0
3976.0,0.3008919570069215,0.0
3977.0,0.4599057497415255,0.0
3978.0,0.5719134593831882,1.0
3979.0,0.9984166878260989,1.0
3980.0,0.9999871076839089,1.0
3981.0,0.9999931780072091,1.0
3982.0,0.5433565537268642,1.0
3983.0,0.9998384694396658,1.0
3984.0,0.8210589247541515,1.0
3985.0,0.24700391499826713,0.0
3986.0,0.0450146298037814,0.0
3987.0,0.6217196508061061,1.0
3988.0,0.9999967725865574,1.0
3989.0,0.9999133760305204,1.0
3990.0,0.837587832496356,1.0
3991.0,0.999999999188159,1.0
3992.0,0.06798958009905394,0.0
3993.0,0.39300827939983635,0.0
3994.0,0.0018770366726277663,0.0
3995.0,0.9999991189553274,1.0
3996.0,0.2817917895742485,0.0
3997.0,0.8157013679884864,1.0
3998.0,0.8512294317543225,1.0
3999.0,0.9930148071537317,1.0
4000.0,0.35281872468104253,0.0
4001.0,0.6060001808413473,1.0
4002.0,0.9999999012902514,1.0
4003.0,0.9964737361276468,1.0
4004.0,0.9999981285533515,1.0
4005.0,0.999437287749867,1.0
4006.0,0.9931962104995,1.0
4007.0,0.5085269177142445,1.0
4008.0,0.6143776392577084,1.0
4009.0,0.9809491712743301,1.0
4010.0,0.9748913967891399,1.0
4011.0,0.9999373377363778,1.0
4012.0,0.03303521053796321,0.0
4013.0,0.9989174052061616,1.0
4014.0,0.8506473609411077,1.0
4015.0,0.9999999986141939,1.0
4016.0,0.9990450670674423,1.0
4017.0,0.9999540190242635,1.0
4018.0,0.4213746970659452,0.0
4019.0,0.3511022705214802,0.0
4020.0,0.536856866195682,1.0
4021.0,0.4071964999864366,0.0
4022.0,0.5358759017057375,1.0
4023.0,0.002732173551305976,0.0
4024.0,0.10959044423481062,0.0
4025.0,0.9488352338476791,1.0
4026.0,0.9197526281498509,1.0
4027.0,0.9726816437164081,1.0
4028.0,0.9999989786447143,1.0
4029.0,0.9964628785528399,1.0
4030.0,0.9999998529540871,1.0
4031.0,0.07922157370674336,0.0
4032.0,0.9999998211088816,1.0
4033.0,0.9999996940208536,1.0
4034.0,0.3503207703523625,0.0
4035.0,0.999674548921411,1.0
4036.0,0.0931754648949625,0.0
4037.0,0.4316064664444483,0.0
4038.0,0.1540615254433841,0.0
4039.0,0.9998981251540735,1.0
4040.0,0.9883953264043779,1.0
4041.0,0.14808062670007593,0.0
4042.0,0.842228475024913,1.0
4043.0,0.9996677455501373,1.0
4044.0,0.9505447949187044,1.0
4045.0,0.999996281386636,1.0
4046.0,0.991576326251299,1.0
4047.0,0.6670789489652216,1.0
4048.0,0.561233730675663,1.0
4049.0,0.26056529181178795,0.0
4050.0,1.0,1.0
4051.0,0.5090881372597125,1.0
4052.0,0.35742185383349007,0.0
4053.0,0.9999835328199639,1.0
4054.0,0.9982742990133289,1.0
4055.0,0.20838258334532453,0.0
4056.0,0.3142443018900676,0.0
4057.0,0.9802322446275976,1.0
4058.0,0.4146947813386822,0.0
4059.0,0.9999553186456166,1.0
4060.0,0.3262863990342955,0.0
4061.0,0.9950612995171164,1.0
4062.0,0.5494061050224334,1.0
4063.0,0.8655221089793825,1.0
4064.0,0.4630217775079983,0.0
4065.0,0.690909644249426,1.0
4066.0,0.6354773448067251,1.0
4067.0,0.9928496585341299,1.0
4068.0,0.9684666752119895,1.0
4069.0,0.5679828689264589,1.0
4070.0,0.03980836283706147,0.0
4071.0,0.11169359508616618,0.0
4072.0,0.9999947950953965,1.0
4073.0,0.9867249374529633,1.0
4074.0,0.05997894190027589,0.0
4075.0,0.9999966209728365,1.0
4076.0,0.9769800512842965,1.0
4077.0,0.9999749732175228,1.0
4078.0,0.9489653229215517,1.0
4079.0,0.9999503506487466,1.0
4080.0,0.8627747635249079,1.0
4081.0,0.9999977929723882,1.0
4082.0,0.990531600659897,1.0
4083.0,0.36710031902184764,0.0
4084.0,0.1892854890006546,0.0
4085.0,0.1979044093056978,0.0
4086.0,0.9998163128220897,1.0
4087.0,0.9824701207382331,1.0
4088.0,0.6348241099645706,1.0
4089.0,0.9992854438954696,1.0
4090.0,0.9982548734008244,1.0
4091.0,0.5679828689264589,1.0
4092.0,0.9524392172687205,1.0
4093.0,0.9990127630652484,1.0
4094.0,0.9996398484603114,1.0
4095.0,0.7413027649536501,1.0
4096.0,0.999934100110204,1.0
4097.0,0.06695304206657536,0.0
4098.0,0.9991264486587463,1.0
4099.0,0.005817617618504719,0.0
4100.0,0.5021072686718268,1.0
4101.0,0.0008187527807226589,0.0
4102.0,0.9999995329386998,1.0
4103.0,0.9999973549227956,1.0
4104.0,0.9999999142532554,1.0
4105.0,0.9999999728227794,1.0
4106.0,0.5546164740939148,1.0
4107.0,1.0,1.0
4108.0,0.9999949930965103,1.0
4109.0,0.9986099767868574,1.0
4110.0,0.9998758442565414,1.0
4111.0,0.9676717672832542,1.0
4112.0,0.9504786700269094,1.0
4113.0,0.02165051987467158,0.0
4114.0,0.8721142656615434,1.0
4115.0,0.9958226004047275,1.0
4116.0,0.9999853505882516,1.0
4117.0,0.1867566884142183,0.0
4118.0,0.6586901310774688,1.0
4119.0,0.9999576971463733,1.0
4120.0,0.8754338955197537,1.0
4121.0,0.019718405943143145,0.0
4122.0,0.2571202481883957,0.0
4123.0,0.0010179659433478144,0.0
4124.0,0.7452014301269531,1.0
4125.0,0.4696451492791238,0.0
4126.0,0.9999974415346468,1.0
4127.0,0.4943714394991442,0.0
4128.0,0.9723755178560167,1.0
4129.0,0.5679828689264589,1.0
4130.0,0.999888427288217,1.0
4131.0,0.4896441793501269,0.0
4132.0,0.9973181841055381,1.0
4133.0,0.9999778215044948,1.0
4134.0,0.9999997498677218,1.0
4135.0,0.997240178808141,1.0
4136.0,0.6106821665562223,1.0
4137.0,0.9404480256627278,1.0
4138.0,0.329429972774481,0.0
4139.0,0.9687145431795169,1.0
4140.0,7.021247652311295e-05,0.0
4141.0,0.9999221309628449,1.0
4142.0,0.9998941137066284,1.0
4143.0,0.9999999033437748,1.0
4144.0,0.7437771775071839,1.0
4145.0,0.0654830338820344,0.0
4146.0,0.27320168474938894,0.0
4147.0,0.999999999999658,1.0
4148.0,0.6628660001267285,1.0
4149.0,0.677483484608505,1.0
4150.0,0.0956793517629301,0.0
4151.0,0.9999996012796573,1.0
4152.0,0.9979941386213914,1.0
4153.0,0.2766424033792248,0.0
4154.0,0.9811691863955039,1.0
4155.0,0.9984999720889727,1.0
4156.0,0.9578239022910153,1.0
4157.0,0.6081154098428802,1.0
4158.0,0.9373555491765428,1.0
4159.0,0.9727199605385732,1.0
4160.0,0.03699921057139467,0.0
4161.0,0.9999998249272093,1.0
4162.0,0.2617922782181875,0.0
4163.0,0.00038473965635184114,0.0
4164.0,0.3814023992647224,0.0
4165.0,0.9999911876606854,1.0
4166.0,0.9999999590462366,1.0
4167.0,0.8765070031563893,1.0
4168.0,0.461726272122115,0.0
4169.0,0.8533878169386098,1.0
4170.0,0.9336936378745743,1.0
4171.0,0.5046184424985248,1.0
4172.0,0.9996871810882392,1.0
4173.0,0.140356486636111,0.0
4174.0,0.5679828689264589,1.0
4175.0,0.999897327880684,1.0
4176.0,0.44770408822274277,0.0
4177.0,0.875019774215884,1.0
4178.0,0.9996775533181518,1.0
4179.0,0.9942585825039845,1.0
4180.0,0.5679828689264589,1.0
4181.0,0.9280955922711353,1.0
4182.0,0.8315366686149459,1.0
4183.0,0.48634672279432617,0.0
4184.0,0.16528756617362328,0.0
4185.0,0.3813803115754154,0.0
4186.0,0.4933347737736057,0.0
4187.0,0.8778732692281718,1.0
4188.0,0.8597550185739715,1.0
4189.0,0.9978200826510579,1.0
4190.0,0.999681994643876,1.0
4191.0,0.5468346674521181,1.0
4192.0,0.5173877341171939,1.0
4193.0,0.9790335494139136,1.0
4194.0,6.38015541942545e-09,0.0
4195.0,0.38898436395966407,0.0
4196.0,0.9998327137037663,1.0
4197.0,0.998147158241812,1.0
4198.0,0.9264595471126662,1.0
4199.0,0.9915918808356498,1.0
4200.0,0.08874736358564654,0.0
4201.0,0.08013281245538378,0.0
4202.0,0.8281851213689989,1.0
4203.0,0.8215170133592742,1.0
4204.0,0.9168793060593241,1.0
4205.0,0.980717750005927,1.0
4206.0,0.9973055036374647,1.0
4207.0,0.9298790100179558,1.0
4208.0,0.0010236230296678166,0.0
4209.0,0.33202376666436617,0.0
4210.0,0.9515985069663953,1.0
4211.0,0.37335800673930536,0.0
4212.0,0.12555275757734408,0.0
4213.0,0.762361300162852,1.0
4214.0,0.7014296299751898,1.0
4215.0,0.8997197318005801,1.0
4216.0,0.4726659344271741,0.0
4217.0,0.9999999569466899,1.0
4218.0,0.4712248133678942,0.0
4219.0,0.00018320928508494864,0.0
4220.0,0.9998428930325048,1.0
4221.0,0.5679828689264589,1.0
4222.0,0.8665325262104858,1.0
4223.0,0.999999969204468,1.0
4224.0,0.9916495332499005,1.0
4225.0,0.9999569120922028,1.0
4226.0,0.5081046462590063,1.0
4227.0,0.34861552253803996,0.0
4228.0,0.9982405143772616,1.0
4229.0,0.9999999085198287,1.0
4230.0,0.9999883316143394,1.0
4231.0,0.4967868608367619,0.0
4232.0,0.9130355862446984,1.0
4233.0,0.9999981455484066,1.0
4234.0,0.08162138866407068,0.0
4235.0,0.5679828689264589,1.0
4236.0,0.9998715982878971,1.0
4237.0,0.9987429191513755,1.0
4238.0,0.5679828689264589,1.0
4239.0,0.696624194434161,1.0
4240.0,0.9999870570646892,1.0
4241.0,0.9999470436704522,1.0
4242.0,0.5679828689264589,1.0
4243.0,0.9959871439832056,1.0
4244.0,0.702496676064256,1.0
4245.0,0.9659639050409439,1.0
4246.0,0.013943281361523343,0.0
4247.0,0.9999975595865975,1.0
4248.0,0.9157865201805854,1.0
4249.0,0.9999999812376562,1.0
4250.0,0.013772715801175936,0.0
4251.0,0.9400365640036139,1.0
4252.0,0.554245507339508,1.0
4253.0,0.9999960136755957,1.0
4254.0,0.9731989036076203,1.0
4255.0,0.9999996168827943,1.0
4256.0,0.9999768702508741,1.0
4257.0,0.2972736963808618,0.0
4258.0,0.9998543225132528,1.0
4259.0,0.834949848309798,1.0
4260.0,0.9611032411176551,1.0
4261.0,0.8875793974629589,1.0
4262.0,0.5357640642882632,1.0
4263.0,0.22763149290773266,0.0
4264.0,0.9999974479502025,1.0
4265.0,0.9514644696615421,1.0
4266.0,0.8559282037258832,1.0
4267.0,0.4523002678622441,0.0
4268.0,0.950706072403385,1.0
4269.0,0.23555998617706397,0.0
4270.0,0.46716434126693673,0.0
4271.0,0.9939156668304897,1.0
4272.0,0.5281593003897735,1.0
4273.0,0.0014495315944665975,0.0
4274.0,0.05665468162643677,0.0
4275.0,0.8664701389570598,1.0
4276.0,6.696114915549726e-05,0.0
4277.0,0.041456559477473516,0.0
4278.0,0.09667478652591151,0.0
4279.0,0.9358946807814335,1.0
4280.0,0.7437771775071839,1.0
4281.0,0.9997157675076439,1.0
4282.0,0.9999975108628693,1.0
4283.0,0.3405824214634989,0.0
4284.0,0.8992231962609736,1.0
4285.0,0.39529070912625497,0.0
4286.0,0.8745185749731331,1.0
4287.0,0.9390129685709395,1.0
4288.0,0.6867097433006824,1.0
4289.0,0.9999999998907425,1.0
4290.0,0.46790844846192403,0.0
4291.0,0.5679828689264589,1.0
4292.0,0.881263119535224,1.0
4293.0,0.9999999800618848,1.0
4294.0,0.13897266720573712,0.0
4295.0,0.9961372762439932,1.0
4296.0,0.9950147809438893,1.0
4297.0,0.999999356954865,1.0
4298.0,0.0004299924826948553,0.0
4299.0,0.9929000629397188,1.0
4300.0,0.4280510642469695,0.0
4301.0,0.9999999999996974,1.0
4302.0,0.5679828689264589,1.0
4303.0,0.9828506861832018,1.0
4304.0,0.3417057077122689,0.0
4305.0,0.9998358085757788,1.0
4306.0,0.5085282175204887,1.0
4307.0,0.752393769216692,1.0
4308.0,0.9516883087847614,1.0
4309.0,0.3367907744138556,0.0
4310.0,0.9990932038130282,1.0
4311.0,0.9999979565170948,1.0
4312.0,0.2163537401013079,0.0
4313.0,0.9841357304525475,1.0
4314.0,0.809840275826545,1.0
4315.0,0.9732335113489852,1.0
4316.0,0.9535631364601188,1.0
4317.0,0.9998996734378522,1.0
4318.0,0.9618420673499046,1.0
4319.0,0.9674515980070467,1.0
4320.0,0.29361008460614674,0.0
4321.0,0.010363397148559762,0.0
4322.0,0.44337550484889493,0.0
4323.0,9.44372173110844e-05,0.0
4324.0,0.08816129174171204,0.0
4325.0,0.9230964997808444,1.0
4326.0,0.3090354418863351,0.0
4327.0,0.9999999295301166,1.0
4328.0,0.6734941162143626,1.0
4329.0,0.8957354841070776,1.0
4330.0,0.3907140072433833,0.0
4331.0,0.9055392318664075,1.0
4332.0,0.31203244592724255,0.0
4333.0,0.8180848329054261,1.0
4334.0,0.9999993955427527,1.0
4335.0,0.919500223042903,1.0
4336.0,0.24436811379856913,0.0
4337.0,0.8107854018164291,1.0
4338.0,0.9974117337853481,1.0
4339.0,0.9935494895687138,1.0
4340.0,0.9999956070800352,1.0
4341.0,5.255416032943849e-16,0.0
4342.0,0.31512335769949806,0.0
4343.0,0.9991808452210877,1.0
4344.0,0.9999768110380628,1.0
4345.0,0.05068375980635603,0.0
4346.0,0.8587409573977711,1.0
4347.0,0.9999583735924851,1.0
4348.0,0.997475661068738,1.0
4349.0,0.5679828689264589,1.0
4350.0,0.9989565583488721,1.0
4351.0,0.9912236577505972,1.0
4352.0,0.5316469363233145,1.0
4353.0,0.9911405395781228,1.0
4354.0,0.3069717943875537,0.0
4355.0,0.9997212194297683,1.0
4356.0,0.9970841347176637,1.0
4357.0,3.0459498727413863e-05,0.0
4358.0,0.9853376454693523,1.0
4359.0,0.9999274538448433,1.0
4360.0,0.06528196782173101,0.0
4361.0,0.9999841511333188,1.0
4362.0,0.7962276242788289,1.0
4363.0,0.14423188737718898,0.0
4364.0,0.5456626874847386,1.0
4365.0,0.0036650458032854347,0.0
4366.0,0.9945172111427776,1.0
4367.0,0.9945475318198743,1.0
4368.0,0.15887479253974376,0.0
4369.0,0.6111035711026249,1.0
4370.0,0.9999996913290157,1.0
4371.0,0.28214978030391935,0.0
4372.0,0.5377066367367535,1.0
4373.0,0.887435746723619,1.0
4374.0,7.25084729179726e-09,0.0
4375.0,0.36989913782173667,0.0
4376.0,0.9184910748000303,1.0
4377.0,0.6326473770406291,1.0
4378.0,0.972139338888465,1.0
4379.0,0.9958170887429969,1.0
4380.0,0.9999466893403911,1.0
4381.0,0.42160911250785443,0.0
4382.0,0.43283076219142486,0.0
4383.0,0.9999999785867459,1.0
4384.0,0.031302004402011994,0.0
4385.0,0.8388476074548727,1.0
4386.0,0.9890574211903895,1.0
4387.0,0.813514770715415,1.0
4388.0,0.5908940090979687,1.0
4389.0,0.9999999990257427,1.0
4390.0,0.9919801303406669,1.0
4391.0,0.0036857230606803545,0.0
4392.0,0.9999999508652342,1.0
4393.0,0.8070515077549987,1.0
4394.0,0.5679828689264589,1.0
4395.0,0.5154246269210789,1.0
4396.0,0.999329907478224,1.0
4397.0,0.8514719311394959,1.0
4398.0,0.9416873929785107,1.0
4399.0,0.057141324407836244,0.0
4400.0,0.9999998539211039,1.0
4401.0,0.9962892016951284,1.0
4402.0,0.9695076036122323,1.0
4403.0,0.01982849800977159,0.0
4404.0,0.14110895184677855,0.0
4405.0,0.8303354166857385,1.0
4406.0,0.9999992995467973,1.0
4407.0,0.390027160856814,0.0
4408.0,0.36898935896149526,0.0
4409.0,0.9990180299449815,1.0
4410.0,0.9999183649138645,1.0
4411.0,0.8075124152272416,1.0
4412.0,0.9988818770554311,1.0
4413.0,0.9999352671942874,1.0
4414.0,0.9831899947562065,1.0
4415.0,0.9999647908477509,1.0
4416.0,0.9885089683661064,1.0
4417.0,0.9999987607765559,1.0
4418.0,0.3464320460798628,0.0
4419.0,0.9999457969596588,1.0
4420.0,5.207443048698406e-07,0.0
4421.0,0.9999583732119091,1.0
4422.0,0.9937856983266096,1.0
4423.0,0.008034608919196072,0.0
4424.0,0.9841563870719432,1.0
4425.0,0.9532155433006524,1.0
4426.0,0.7802229301869276,1.0
4427.0,0.9941204094292215,1.0
4428.0,0.05600699422180859,0.0
4429.0,0.7509296850077001,1.0
4430.0,0.5103718360458862,1.0
4431.0,0.9740468422402474,1.0
4432.0,0.6066583571192501,1.0
4433.0,1.0730983572892007e-20,0.0
4434.0,0.986427498569929,1.0
4435.0,0.016419619763551357,0.0
4436.0,0.0005707888149389211,0.0
4437.0,0.9514020425633876,1.0
4438.0,0.9999995426830655,1.0
4439.0,0.009895811537456075,0.0
4440.0,0.4645192401854235,0.0
4441.0,0.8551685399372057,1.0
4442.0,0.8189081691822175,1.0
4443.0,4.623575069517964e-18,0.0
4444.0,0.0006242920535425516,0.0
4445.0,0.45233520144859884,0.0
4446.0,0.9994878614140594,1.0
4447.0,0.7276326702585324,1.0
4448.0,0.44146015540285444,0.0
4449.0,0.6964836588752612,1.0
4450.0,0.9986438408965155,1.0
4451.0,0.9927552255661107,1.0
4452.0,0.0031851440672733718,0.0
4453.0,0.7538408180502226,1.0
4454.0,0.030464200813287462,0.0
4455.0,0.9999872089140411,1.0
4456.0,0.8490782861195131,1.0
4457.0,0.9999828941543839,1.0
4458.0,0.9985418344962252,1.0
4459.0,0.9999999998949556,1.0
4460.0,0.8090606716937577,1.0
4461.0,0.9250014290982765,1.0
4462.0,0.7317769793838602,1.0
4463.0,0.5352468423892172,1.0
4464.0,0.7615499442269112,1.0
4465.0,0.3933978824812749,0.0
4466.0,0.9999999956419312,1.0
4467.0,0.94244194554412,1.0
4468.0,0.981453414630735,1.0
4469.0,0.9996665953799247,1.0
4470.0,0.999966924339995,1.0
4471.0,0.9939984797802771,1.0
4472.0,0.9999940719955733,1.0
4473.0,0.4072771781235608,0.0
4474.0,0.7333585002257891,1.0
4475.0,0.35689733634099213,0.0
4476.0,0.9941715498732192,1.0
4477.0,0.8835778141719286,1.0
4478.0,0.9954142755136468,1.0
4479.0,0.8278981080829728,1.0
4480.0,0.0034115562342510748,0.0
4481.0,0.8828334779814151,1.0
4482.0,0.40329139141807363,0.0
4483.0,0.4560096181061539,0.0
4484.0,0.564052008232697,1.0
4485.0,0.6503912837634689,1.0
4486.0,0.5692641914373829,1.0
4487.0,0.5483316975338558,1.0
4488.0,0.996928056222719,1.0
4489.0,0.11833083683572157,0.0
4490.0,0.9999905505146148,1.0
4491.0,0.5039382096967877,1.0
4492.0,0.43248874647934293,0.0
4493.0,0.9718185884964061,1.0
4494.0,0.1331932427589309,0.0
4495.0,0.9998710462722383,1.0
4496.0,0.9253645799897764,1.0
4497.0,0.9556819306933075,1.0
4498.0,0.34422458040896853,0.0
4499.0,0.3485386466217562,0.0
4500.0,0.9989517324119872,1.0
4501.0,0.004291866199083491,0.0
4502.0,0.5970096824622725,1.0
4503.0,0.8572774174186897,1.0
4504.0,0.5657753225213402,1.0
4505.0,0.6541002160879589,1.0
4506.0,0.12549257081794293,0.0
4507.0,1.0,1.0
4508.0,0.7052911614976608,1.0
4509.0,0.7372209800840708,1.0
4510.0,0.7436835579696043,1.0
4511.0,0.9969169099966645,1.0
4512.0,0.20581104074208217,0.0
4513.0,0.9677819620141447,1.0
4514.0,0.1215326801871404,0.0
4515.0,0.9999980712776729,1.0
4516.0,0.9264833623564062,1.0
4517.0,0.9055507597869763,1.0
4518.0,0.9999999998900095,1.0
4519.0,0.9995795999000373,1.0
4520.0,0.9999978656987647,1.0
4521.0,0.950760619765853,1.0
4522.0,0.0013397290516135038,0.0
4523.0,0.9947272210545777,1.0
4524.0,0.0004290814291751024,0.0
4525.0,0.7933574092314891,1.0
4526.0,0.9819552222187405,1.0
4527.0,0.8769549437537055,1.0
4528.0,0.09223573720832559,0.0
4529.0,0.876590682613432,1.0
4530.0,0.742530816281549,1.0
4531.0,0.992838367230792,1.0
4532.0,0.3059416668847391,0.0
4533.0,0.8844174162574259,1.0
4534.0,0.9572878422984231,1.0
4535.0,0.7854757544837856,1.0
4536.0,0.9775993402162239,1.0
4537.0,0.29548161619414853,0.0
4538.0,0.30274575437904294,0.0
4539.0,0.11831839945602303,0.0
4540.0,0.9999999999999991,1.0
4541.0,0.23788397606860454,0.0
4542.0,0.6522790834424956,1.0
4543.0,0.9243622515560632,1.0
4544.0,0.9937333047356345,1.0
4545.0,0.567408185603422,1.0
4546.0,0.9999809923234863,1.0
4547.0,0.47869554026799915,0.0
4548.0,0.8253001238131791,1.0
4549.0,0.6430789982043493,1.0
4550.0,0.9983193494167817,1.0
4551.0,0.9937333047356345,1.0
4552.0,0.04468083987307456,0.0
4553.0,0.10293982487222686,0.0
4554.0,0.7229336075962479,1.0
4555.0,0.99406212597079,1.0
4556.0,0.018914218350291556,0.0
4557.0,0.719626457370503,1.0
4558.0,0.4258563078599193,0.0
4559.0,0.9914139096997102,1.0
4560.0,0.5679828689264589,1.0
4561.0,0.5679828689264589,1.0
4562.0,0.8775368728485509,1.0
4563.0,0.24646044236284576,0.0
4564.0,0.5355710874634945,1.0
4565.0,0.9930856952272319,1.0
4566.0,0.9625924447665793,1.0
4567.0,0.5290465524892237,1.0
4568.0,0.48849893968006103,0.0
4569.0,0.993166041932493,1.0
4570.0,0.9999866266681986,1.0
4571.0,0.9999266583859454,1.0
4572.0,0.5393548139881134,1.0
4573.0,0.18382918599941406,0.0
4574.0,0.9721425640788149,1.0
4575.0,0.9999901310732616,1.0
4576.0,0.5679828689264589,1.0
4577.0,0.4287551276784677,0.0
4578.0,0.9999614264642951,1.0
4579.0,0.9993811202188586,1.0
4580.0,0.9998331883702707,1.0
4581.0,0.9122411603207221,1.0
4582.0,0.9652736054322515,1.0
4583.0,0.17043896895524882,0.0
4584.0,0.9989752772205419,1.0
4585.0,0.8210310469820602,1.0
4586.0,0.6605139275812106,1.0
4587.0,0.5225136382097058,1.0
4588.0,0.9999998728676813,1.0
4589.0,0.02016423293636553,0.0
4590.0,0.7395990950013711,1.0
4591.0,0.0407037979302453,0.0
4592.0,0.9999996925684443,1.0
4593.0,0.9963483840380225,1.0
4594.0,0.4230743618213999,0.0
4595.0,0.8709400340623608,1.0
4596.0,0.5139870909080696,1.0
4597.0,0.6142282895901943,1.0
4598.0,0.9999999999799407,1.0
4599.0,0.9999925912002021,1.0
4600.0,0.9999961116164943,1.0
4601.0,0.9799288699192664,1.0
4602.0,0.5679828689264589,1.0
4603.0,0.8061834359578124,1.0
4604.0,0.034127465917959794,0.0
4605.0,0.8176336597490084,1.0
4606.0,0.5679828689264589,1.0
4607.0,0.9209872962091992,1.0
4608.0,0.9985180756762609,1.0
4609.0,0.09356602004291237,0.0
4610.0,0.9996546742053558,1.0
4611.0,0.9993762996793849,1.0
4612.0,4.872796286569988e-05,0.0
4613.0,0.3594888765564751,0.0
4614.0,0.999883456867118,1.0
4615.0,0.9775877781292163,1.0
4616.0,0.5679828689264589,1.0
4617.0,0.7405610103593254,1.0
4618.0,0.3175311419085492,0.0
4619.0,0.7264546731117195,1.0
4620.0,2.673929364681085e-07,0.0
4621.0,0.862790909307858,1.0
4622.0,0.8399161533255467,1.0
4623.0,0.6814579240836127,1.0
4624.0,0.9999803725704223,1.0
4625.0,0.9998555744026131,1.0
4626.0,0.8200721232276217,1.0
4627.0,0.5776929169342231,1.0
4628.0,0.9998458135712185,1.0
4629.0,0.08166028592265098,0.0
4630.0,0.9969969003223297,1.0
4631.0,0.5131765769433165,1.0
4632.0,0.9999943694845772,1.0
4633.0,0.9999932426582564,1.0
4634.0,0.9999999982584649,1.0
4635.0,0.9999968616065428,1.0
4636.0,0.7684736756327855,1.0
4637.0,0.8695884566858353,1.0
4638.0,0.5679828689264589,1.0
4639.0,0.3279542585746165,0.0
4640.0,0.29695388446671983,0.0
4641.0,0.9999366383069261,1.0
4642.0,0.9999767080293752,1.0
4643.0,0.9756447312314326,1.0
4644.0,0.09239980372294494,0.0
4645.0,0.07884577857795387,0.0
4646.0,0.99553460962206,1.0
4647.0,0.7255518608676799,1.0
4648.0,0.5679828689264589,1.0
4649.0,0.992041824349447,1.0
4650.0,0.8315964366319033,1.0
4651.0,0.3051105397180768,0.0
4652.0,0.9999955373248636,1.0
4653.0,0.4760222691986262,0.0
4654.0,0.3794519376884108,0.0
4655.0,0.679775149739988,1.0
4656.0,0.9994195008861407,1.0
4657.0,2.3708833369485522e-05,0.0
4658.0,0.15612069759363426,0.0
4659.0,0.0528501834043169,0.0
4660.0,0.999999023510597,1.0
4661.0,0.9946386765597157,1.0
4662.0,0.6989251073174451,1.0
4663.0,0.08690000935956836,0.0
4664.0,0.9978454850492813,1.0
4665.0,0.44225400547464766,0.0
4666.0,0.38552350403070723,0.0
4667.0,0.4635475235745978,0.0
4668.0,0.9956628038638505,1.0
4669.0,0.13752911581296778,0.0
4670.0,0.9999999519838395,1.0
4671.0,0.10058962668924872,0.0
4672.0,0.9073110701662235,1.0
4673.0,0.999887224332178,1.0
4674.0,0.9999999864423037,1.0
4675.0,0.4385463950038727,0.0
4676.0,0.9960283300807178,1.0
4677.0,0.8659852506559677,1.0
4678.0,0.9999998950001884,1.0
4679.0,0.9998253069693043,1.0
4680.0,0.994920102899656,1.0
4681.0,0.5527457933513434,1.0
4682.0,0.5679828689264589,1.0
4683.0,0.4723305341863729,0.0
4684.0,0.00822675990390008,0.0
4685.0,0.3403833564703512,0.0
4686.0,0.5679828689264589,1.0
4687.0,0.9999999999927338,1.0
4688.0,0.7872029226127353,1.0
4689.0,0.4451527157606124,0.0
4690.0,0.9981630988397532,1.0
4691.0,0.545009227275719,1.0
4692.0,0.9219388670978469,1.0
4693.0,0.9999980735265894,1.0
4694.0,0.9999999957148982,1.0
4695.0,0.9999945392857089,1.0
4696.0,0.5679828689264589,1.0
4697.0,0.012955457087818359,0.0
4698.0,0.5391096450416958,1.0
4699.0,0.9616728578198711,1.0
4700.0,0.48868210618427776,0.0
4701.0,0.9927648935323148,1.0
4702.0,0.7933942949706376,1.0
4703.0,0.9753570383759708,1.0
4704.0,0.9509272902261519,1.0
4705.0,0.46446283464352445,0.0
4706.0,0.04470913984008555,0.0
4707.0,0.8859677941157736,1.0
4708.0,0.9999999999720381,1.0
4709.0,0.9999703203190049,1.0
4710.0,0.9998379460722296,1.0
4711.0,0.9993136001897356,1.0
4712.0,0.9997956745264198,1.0
4713.0,0.46821488207542933,0.0
4714.0,0.17010366381615422,0.0
4715.0,0.8943669702907542,1.0
4716.0,0.8475386523613442,1.0
4717.0,0.9999993934720539,1.0
4718.0,0.7554703525985087,1.0
4719.0,0.9999643393227199,1.0
4720.0,0.8824565743329238,1.0
4721.0,0.15346124803375977,0.0
4722.0,0.9978099736112315,1.0
4723.0,0.9730732965529285,1.0
4724.0,0.883694591541364,1.0
4725.0,0.9997317712042896,1.0
4726.0,0.08283573446861044,0.0
4727.0,0.9589044938483012,1.0
4728.0,0.8673270808445589,1.0
4729.0,0.45180278326994777,0.0
4730.0,0.77166234927109,1.0
4731.0,0.15896668841400605,0.0
4732.0,0.5160475404190186,1.0
4733.0,0.6415526652613475,1.0
4734.0,0.9998903588136396,1.0
4735.0,0.8927427663012997,1.0
4736.0,0.03847795092207685,0.0
4737.0,0.9845624722051985,1.0
4738.0,0.9997837654199799,1.0
4739.0,0.7799656319623414,1.0
4740.0,0.2728695007975121,0.0
4741.0,0.9999995447363436,1.0
4742.0,4.935028400705479e-09,0.0
4743.0,0.11431586842146842,0.0
4744.0,0.924308559185918,1.0
4745.0,0.9999999999319458,1.0
4746.0,0.9999990684839113,1.0
4747.0,0.9999863279036673,1.0
4748.0,0.985849505992898,1.0
4749.0,0.5574396748330712,1.0
4750.0,0.6307720697933679,1.0
4751.0,0.6788490220843149,1.0
4752.0,0.9913408196339513,1.0
4753.0,0.0038541550966637236,0.0
4754.0,1.0705730273940336e-06,0.0
4755.0,0.28577924032081287,0.0
4756.0,0.27096509525376783,0.0
4757.0,0.9999991599495914,1.0
4758.0,0.0036857230606803545,0.0
4759.0,0.6434142254810501,1.0
4760.0,0.9088487695979588,1.0
4761.0,0.5269203304813445,1.0
4762.0,0.9122868350627416,1.0
4763.0,0.009511307056676379,0.0
4764.0,0.2562843833080231,0.0
4765.0,0.32606429814248994,0.0
4766.0,0.8952428816122348,1.0
4767.0,0.9999374648881754,1.0
4768.0,0.9999994991894604,1.0
4769.0,0.9999677799577712,1.0
4770.0,0.9997379978185259,1.0
4771.0,0.9838728343233791,1.0
4772.0,0.9784642180034379,1.0
4773.0,0.9999798496180621,1.0
4774.0,0.9996794539446446,1.0
4775.0,0.8206896965604845,1.0
4776.0,0.5679828689264589,1.0
4777.0,0.7653606780300469,1.0
4778.0,0.4709206813392112,0.0
4779.0,0.7983188010602562,1.0
4780.0,0.4095924198132049,0.0
4781.0,0.6256523759746124,1.0
4782.0,0.73314664245496,1.0
