Sample Idx,Predicted Long-term Instability Chance,Predicted Long-term Stability Chance,Predicted Long-term High-Productivity Chance
0.0,0.00011046860163332894,0.025513118132948875,0.9743764400482178
1.0,0.0690193623304367,0.9298102855682373,0.0011703259078785777
2.0,0.029140247032046318,0.9708505272865295,9.269117981602903e-06
3.0,0.8410916924476624,0.15887856483459473,2.9704147891607136e-05
4.0,1.842732563761551e-12,0.9999980926513672,1.9102874375676038e-06
5.0,1.8162786880504718e-14,0.9999792575836182,2.077131466649007e-05
6.0,1.6946059133715607e-07,0.022890212014317513,0.9771096110343933
7.0,0.9999809265136719,1.906169200083241e-05,7.436967486285084e-09
8.0,2.1728167876045035e-10,0.9999951720237732,4.860969056608155e-06
9.0,5.803985625441044e-10,1.0,1.8749463093215013e-10
10.0,0.0001273575035156682,0.9998685121536255,4.1109083213086706e-06
11.0,1.378706110699568e-05,0.9999809265136719,5.29653607372893e-06
12.0,9.677515039330231e-11,0.9999998807907104,1.081811973335789e-07
13.0,1.6490960073195504e-12,0.9999958276748657,4.17674527852796e-06
14.0,2.2439517691902333e-12,0.9999976754188538,2.3435768525814638e-06
15.0,1.7867227697365706e-08,1.0,5.764209998204706e-09
16.0,1.0,7.005574505919432e-12,1.5061155878015597e-08
17.0,1.948758099334924e-10,1.0,2.4908113765986784e-11
18.0,0.0007294275565072894,0.9992457032203674,2.4880348064471036e-05
19.0,6.468313949881122e-05,0.9999328255653381,2.5421095415367745e-06
20.0,5.724326683775871e-07,0.9999934434890747,5.999403583700769e-06
21.0,0.7884857654571533,0.2113523781299591,0.0001618398673599586
22.0,5.3628828027285635e-05,0.9999432563781738,3.155411604893743e-06
23.0,0.9999996423721313,2.8385682071530027e-07,3.4678468097126824e-08
24.0,3.5059390938840806e-05,0.9999628663063049,2.0373713596200105e-06
25.0,0.007676007226109505,0.9921067953109741,0.00021718937205150723
26.0,6.755694636519094e-13,1.0,1.1183355630439706e-10
27.0,0.9956175088882446,0.004356933292001486,2.56064158747904e-05
28.0,2.66871391652046e-09,1.0,4.3064596333408645e-09
29.0,0.9270115494728088,0.07294924557209015,3.918342190445401e-05
30.0,0.014799695461988449,0.9851992726325989,1.0389362614660058e-06
31.0,0.999983012676239,1.1271529729128815e-05,5.682707069354365e-06
32.0,0.00033198815071955323,0.9996397495269775,2.8206073693581857e-05
33.0,2.5681130111365746e-08,0.9999999403953552,3.882015775502623e-08
34.0,0.9879918098449707,0.011951250024139881,5.696038351743482e-05
35.0,0.01284249871969223,0.985728919506073,0.0014286052901297808
36.0,3.126523040464235e-07,0.9999988079071045,8.459711011710169e-07
37.0,1.86587651995751e-08,0.7216034531593323,0.27839651703834534
38.0,1.4036099855729844e-05,0.9999358057975769,5.017375951865688e-05
39.0,0.9982188940048218,0.0017810944700613618,5.549022612932886e-12
40.0,0.0005216728895902634,0.9940295219421387,0.005448837298899889
41.0,0.0005144654423929751,0.9994302988052368,5.526736640604213e-05
42.0,3.338611165304428e-09,0.9999938607215881,6.15250610280782e-06
43.0,0.03227831795811653,0.9671321511268616,0.0005895054200664163
44.0,0.9172275066375732,0.08067423105239868,0.0020983146969228983
45.0,0.00016599260561633855,2.768388469576166e-07,0.9998337626457214
46.0,3.8066968954808544e-07,0.9999995827674866,2.619519934299319e-09
47.0,0.9270972013473511,0.07282175868749619,8.095310477074236e-05
48.0,5.354762189213602e-10,0.9999998807907104,1.0132725236644546e-07
49.0,2.110428720669688e-09,0.035104747861623764,0.9648953080177307
50.0,0.9959637522697449,0.0035764954518526793,0.0004597427905537188
51.0,1.0087149348692037e-05,0.9999668598175049,2.306474016222637e-05
52.0,0.23317286372184753,0.7667703628540039,5.675890133716166e-05
53.0,3.3980074931605486e-07,0.9999996423721313,2.880931226911798e-08
54.0,1.3974442047981483e-08,0.9999777674674988,2.2205887944437563e-05
55.0,3.354620901063754e-07,0.9999996423721313,4.378344797828504e-09
56.0,0.9997312426567078,0.0002414649643469602,2.7203428544453345e-05
57.0,2.8346896769997076e-13,0.999792754650116,0.0002072878705803305
58.0,0.9998877048492432,0.00011179890134371817,4.675310094626184e-07
59.0,0.9999989867210388,7.501951699850906e-07,2.745406106896553e-07
60.0,0.9990527033805847,0.000946147134527564,1.1987066272922675e-06
61.0,8.2353381003486e-06,0.9999889731407166,2.7481150937092025e-06
62.0,0.995775043964386,0.00420317891985178,2.174903238483239e-05
63.0,5.919158219125364e-11,0.9997707009315491,0.00022929447004571557
64.0,0.9999986290931702,9.748686125021777e-07,4.2644839481909e-07
65.0,3.1688336399327e-09,1.0,7.4356072410353136e-09
66.0,0.0005374925094656646,0.9993425607681274,0.00011999770504189655
67.0,0.00011453405022621155,0.9998835325241089,1.9561225599318277e-06
68.0,6.7424029396595445e-18,1.0,2.8318739714316976e-11
69.0,7.785867783827172e-11,0.9999992251396179,7.703231403866084e-07
70.0,7.05104038849734e-14,0.9999999403953552,9.396249112114674e-08
71.0,0.9999979734420776,1.0290929139955551e-06,1.0019606406785897e-06
72.0,0.9762429594993591,0.023606598377227783,0.00015051651280373335
73.0,5.718081008687648e-10,0.9996153116226196,0.0003847067418973893
74.0,3.721829489222728e-05,0.9999496340751648,1.3113077329762746e-05
75.0,0.9883328080177307,0.011481904424726963,0.00018530678062234074
76.0,0.011035905219614506,0.9889636635780334,4.207473125461547e-07
77.0,0.8706598281860352,0.1292669177055359,7.332749373745173e-05
78.0,0.0005588532658293843,0.9994100332260132,3.111386104137637e-05
79.0,0.6394214630126953,0.3593437969684601,0.001234755851328373
80.0,0.9418821334838867,0.05793863534927368,0.00017920113168656826
81.0,1.4439775533592845e-14,1.0,6.979347655367008e-10
82.0,0.8778388500213623,0.12206252664327621,9.866333130048588e-05
83.0,0.0004649910842999816,0.9994893670082092,4.5643726480193436e-05
84.0,0.044578298926353455,0.9554005265235901,2.1129968445166014e-05
85.0,0.9874879717826843,0.012052617967128754,0.0004593472694978118
86.0,0.13440589606761932,0.8655056953430176,8.844165859045461e-05
87.0,0.9998382329940796,0.0001615571673028171,2.437768671370577e-07
88.0,1.0114807764693978e-06,0.999998927116394,7.061678530817517e-08
89.0,2.881331783409491e-13,1.0,8.229929758518661e-12
90.0,0.9971156120300293,0.0028815066907554865,2.8702800136670703e-06
91.0,2.178056490720337e-08,1.0,1.1077730954767162e-09
92.0,0.9942663908004761,0.005733589641749859,5.247546147613136e-11
93.0,0.9927808046340942,0.007138515822589397,8.0713456554804e-05
94.0,0.9877577424049377,0.012215995229780674,2.6229932700516656e-05
95.0,1.8866219875235402e-07,0.9999983906745911,1.4314150575955864e-06
96.0,0.0002569180796854198,0.9997284412384033,1.4611020560550969e-05
97.0,3.36883437812574e-11,0.9999998807907104,1.377066354280032e-07
98.0,7.87376109201432e-07,0.9999975562095642,1.6094202237582067e-06
99.0,1.9835300918202847e-05,0.9999755620956421,4.609006737155141e-06
100.0,5.3057211402141036e-12,1.0,1.1354060920620856e-11
101.0,8.85867757460801e-06,0.9999803304672241,1.0775743248814251e-05
102.0,0.353065550327301,0.6464006900787354,0.0005337523180060089
103.0,0.44728201627731323,0.5525074005126953,0.00021051782823633403
104.0,0.9558398127555847,0.04363597556948662,0.0005242365878075361
105.0,0.9508378505706787,0.04825584217905998,0.0009063262841664255
106.0,0.9878605604171753,0.012132455594837666,6.986344487813767e-06
107.0,0.008253300562500954,0.9917015433311462,4.513052772381343e-05
108.0,0.9996505975723267,0.0003487944486550987,6.522878379655594e-07
109.0,5.773001612396911e-05,0.9999387860298157,3.452474402365624e-06
110.0,0.017286235466599464,0.9826884865760803,2.5272098355344497e-05
111.0,0.0021784272976219654,0.9978212714195251,2.639272622673161e-07
112.0,5.960108069302805e-07,0.9180479049682617,0.08195152133703232
113.0,7.273582014022395e-05,0.9999057650566101,2.1515003027161583e-05
114.0,0.0009950888343155384,0.9989941120147705,1.0774822840176057e-05
115.0,0.9813259243965149,0.018614724278450012,5.93725053477101e-05
116.0,0.0031678536906838417,0.9968284964561462,3.642700903583318e-06
117.0,0.0005922851269133389,0.9994072914123535,4.248411755725101e-07
118.0,7.846890639484627e-07,0.9999927878379822,6.411035428754985e-06
119.0,0.10663440823554993,0.8933200836181641,4.5562468585558236e-05
120.0,0.9673742651939392,0.03260266035795212,2.3041791791911237e-05
121.0,1.733063799619957e-14,0.9989538192749023,0.0010461944621056318
122.0,3.6725905374623835e-05,0.9999560713768005,7.2068833105731755e-06
123.0,0.9999914765357971,1.4848034197711968e-06,7.01348835718818e-06
124.0,2.3188311715216514e-08,1.0,1.2813093641650397e-10
125.0,0.979756772518158,0.020168539136648178,7.467093382729217e-05
126.0,2.01137281692354e-05,0.9999791979789734,7.222262752293318e-07
127.0,0.0016314886743202806,0.9983605742454529,7.926465514174197e-06
128.0,0.9992793202400208,0.0007207170128822327,2.6933269836604268e-08
129.0,0.9357020854949951,0.06426689773797989,3.104580900981091e-05
130.0,0.999144971370697,0.000855025602504611,1.2417629424721355e-10
131.0,0.9411193132400513,0.05878033488988876,0.00010037449101218954
132.0,6.0322974604787305e-05,0.9999377131462097,1.982329422389739e-06
133.0,0.02757495827972889,0.9723724722862244,5.256043732515536e-05
134.0,0.0009683946846053004,0.9989213943481445,0.000110213368316181
135.0,0.9999922513961792,7.764847396174446e-06,1.725159792798081e-09
136.0,0.9104244709014893,0.08957497030496597,5.343672455637716e-07
137.0,0.03703245893120766,0.9619492888450623,0.0010182256810367107
138.0,1.1805300346168224e-06,0.8801291584968567,0.1198696419596672
139.0,1.077113676029029e-10,1.0,2.052122205498108e-08
140.0,2.0297049374562448e-08,0.9964353442192078,0.003564635058864951
141.0,3.0325233990602385e-10,0.9999999403953552,8.3938765271796e-08
142.0,0.00012073419929947704,0.9998775720596313,1.7193492567457724e-06
143.0,2.2405339438142172e-14,0.9999989867210388,9.595081564839347e-07
144.0,0.9999997019767761,2.3094359846709267e-07,3.568722561908544e-08
145.0,0.9872725009918213,0.012638477608561516,8.907318988349289e-05
146.0,0.019082093611359596,0.9808903336524963,2.7517977287061512e-05
147.0,0.9721952676773071,0.027804594486951828,1.4769213407817006e-07
148.0,1.4928575637895847e-06,0.03928153216838837,0.960716962814331
149.0,2.401175369648456e-10,0.9999998211860657,2.2537290078616934e-07
150.0,6.426076197385555e-06,0.9999927282333374,8.362002290596138e-07
151.0,1.4984064535716858e-18,1.0,2.5350609791566356e-15
152.0,6.214672110260722e-10,0.9999972581863403,2.7169351142219966e-06
153.0,0.9986867904663086,0.0012710064183920622,4.220233313390054e-05
154.0,1.2355386935780643e-08,0.9999992251396179,7.475179018001654e-07
155.0,0.9985769391059875,0.0011856872588396072,0.00023740960750728846
156.0,1.6292358087643954e-11,1.0,2.2912548247600029e-10
157.0,4.678336884555989e-11,0.999999463558197,5.212646669860987e-07
158.0,0.9957948923110962,0.004203833173960447,1.2711662975561921e-06
159.0,9.050062921289737e-10,0.9999866485595703,1.3355651390156709e-05
160.0,0.9620838165283203,0.03785114362835884,6.509800005005673e-05
161.0,0.2674179673194885,0.7325569987297058,2.5045330403372645e-05
162.0,0.0016751186922192574,0.9983149766921997,9.87409021036001e-06
163.0,3.0800944728071045e-07,0.9999932646751404,6.423910690500634e-06
164.0,2.859280312517143e-10,0.9996994733810425,0.0003005225444212556
165.0,0.9999265670776367,7.221053238026798e-05,1.2525553074738127e-06
166.0,2.4758270086855383e-11,1.0,1.6270174096888468e-10
167.0,0.29890555143356323,0.701070249080658,2.4243034204118885e-05
168.0,0.9945884943008423,0.005404805764555931,6.711741662002169e-06
169.0,0.8536463975906372,0.14632131159305573,3.226130866096355e-05
170.0,0.0024978765286505222,0.9974857568740845,1.6408770534326322e-05
171.0,0.007274013012647629,0.9926435351371765,8.245037315646186e-05
172.0,1.0256470152347763e-11,1.0,2.528698361814463e-09
173.0,1.0738063587927917e-36,1.0,4.4418107057319235e-15
174.0,1.0,3.2019240942805745e-24,9.646717822370246e-19
175.0,0.0017763078212738037,0.998090922832489,0.00013272248907014728
176.0,3.409810960874893e-05,0.9999396204948425,2.633656913531013e-05
177.0,0.9999962449073792,3.5717976061278023e-06,2.2050109294013964e-07
178.0,0.01720665954053402,0.9827700853347778,2.3311742552323267e-05
179.0,0.0007156030624173582,0.9990604519844055,0.00022393601830117404
180.0,7.762652103338041e-07,0.999998927116394,3.10965077687797e-07
181.0,6.830238999100402e-05,0.9995938539505005,0.0003378828405402601
182.0,8.642714965390041e-05,0.9999135732650757,6.916714978544292e-10
183.0,1.3909612350815337e-10,1.0,6.369784699700176e-09
184.0,0.0190178994089365,0.9809820652008057,3.6481921483755286e-08
185.0,2.251308472978053e-09,0.9999989867210388,9.617879186407663e-07
186.0,0.9999341368675232,6.486410711659119e-05,1.0792637112899683e-06
187.0,0.00026556418742984533,0.9996989965438843,3.5399749322095886e-05
188.0,0.9505817294120789,0.04939678683876991,2.14124647754943e-05
189.0,4.0666461864624637e-10,1.0,1.6708833427969694e-08
190.0,0.0034061686601489782,0.996448814868927,0.00014500621182378381
191.0,6.709558510920033e-05,0.999931812286377,1.1088836799899582e-06
192.0,0.00014145782915875316,0.9997492432594299,0.00010928000119747594
193.0,0.9321788549423218,0.06674789637327194,0.001073229592293501
194.0,0.007311975583434105,0.9926264882087708,6.159220356494188e-05
195.0,4.083907697349787e-06,0.9999940991401672,1.7952469306692365e-06
196.0,3.9088476094474976e-17,1.0,2.594232066579355e-13
197.0,1.0,2.6520805551655258e-09,5.738765573859439e-10
198.0,0.00041216134559363127,0.9995878338813782,5.174946249297818e-09
199.0,0.028557313606142998,0.9703553915023804,0.00108729035127908
200.0,0.00010512558947084472,0.9988480806350708,0.0010467759566381574
201.0,0.0014022731920704246,0.9985923171043396,5.385916210798314e-06
202.0,1.4003166143083945e-05,0.999950647354126,3.5389053664403036e-05
203.0,1.8035444782071863e-07,0.9999995827674866,2.8279450248192006e-07
204.0,3.574721627649241e-14,1.0,1.3200589709869148e-12
205.0,1.8572449107523425e-06,0.00027275379397906363,0.999725341796875
206.0,0.7981313467025757,0.2017652690410614,0.00010339305299567059
207.0,0.9999995231628418,4.278549852188007e-07,1.0607775508680861e-12
208.0,4.335609901318094e-06,0.9999844431877136,1.1244731467741076e-05
209.0,0.9999622106552124,3.5395198210608214e-05,2.4023247533477843e-06
210.0,6.326160484348975e-09,0.9999997615814209,2.617271945837274e-07
211.0,8.104260632535443e-05,0.999905526638031,1.339239224762423e-05
212.0,1.4179776464118277e-08,0.9999998807907104,9.56966488274702e-08
213.0,4.548207925836323e-07,0.9997523427009583,0.0002471644547767937
214.0,2.996506736963056e-06,0.9999969601631165,1.7787345207853633e-10
215.0,3.6701563658425584e-05,0.9999625086784363,8.157823572219058e-07
216.0,6.393900662260421e-07,0.9999990463256836,2.5930160063580843e-07
217.0,2.9433362215058878e-05,0.9999675154685974,3.083614956267411e-06
218.0,0.02516031637787819,0.9747785329818726,6.114564894232899e-05
219.0,1.0,2.6448778930876493e-11,7.33404439609564e-13
220.0,0.998811662197113,0.0011883863480761647,2.929102649318338e-08
221.0,0.8107023239135742,0.18837396800518036,0.0009237189660780132
222.0,0.9999951124191284,9.70408324009464e-13,4.876745151705109e-06
223.0,1.600526229594834e-05,0.9999646544456482,1.9373659597476944e-05
224.0,0.6663992404937744,0.33322980999946594,0.00037093108403496444
225.0,0.008148200809955597,0.9918103218078613,4.142926991335116e-05
226.0,2.0542262335609962e-11,0.9999998211860657,1.515882388503087e-07
227.0,1.0,1.6696279914185652e-08,1.0308679604387194e-10
228.0,0.9998877644538879,0.000107297943031881,4.933203399559716e-06
229.0,3.4726221542769053e-07,0.9999831914901733,1.6440802937722765e-05
230.0,2.4578278043918544e-06,0.9999786615371704,1.8874054148909636e-05
231.0,2.3589137754242984e-08,0.9999999403953552,6.235842420210247e-08
232.0,2.6432751543126187e-09,0.9999992251396179,7.720325356785906e-07
233.0,4.5330080834793396e-13,0.9999998211860657,1.9109786819626606e-07
234.0,0.9999999403953552,4.05214084508998e-10,5.411612491457163e-08
235.0,0.0008346142712980509,0.9985237121582031,0.0006416835240088403
236.0,0.9952481389045715,0.004748809151351452,3.058395805055625e-06
237.0,0.9900884628295898,0.0098867891356349,2.475428300385829e-05
238.0,0.0057347603142261505,0.9942452311515808,1.996250830416102e-05
239.0,2.1433660180036895e-08,0.9998892545700073,0.00011071698827436194
240.0,0.9874722957611084,0.012507407926023006,2.0343484720797278e-05
241.0,1.1934018420252636e-17,0.0009252199088223279,0.9990747570991516
242.0,2.0198259731429857e-10,1.0,2.1763826296705702e-08
243.0,5.318724627390026e-12,1.0,4.909350703741211e-09
244.0,1.574344032917452e-08,0.9999942183494568,5.762067758041667e-06
245.0,0.9989063739776611,0.0010867025703191757,6.960861355764791e-06
246.0,0.992972731590271,0.007025440223515034,1.8953055587189738e-06
247.0,0.9860544800758362,0.013908933848142624,3.656537955976091e-05
248.0,1.234784718917581e-07,0.9999998807907104,5.483838272368757e-09
249.0,3.664548557935632e-06,0.999994695186615,1.6464625787193654e-06
250.0,3.4658792762848334e-12,1.0,2.7511552147529983e-08
251.0,0.006069052964448929,0.9938434958457947,8.747480023885146e-05
252.0,0.006872040219604969,0.993100643157959,2.7312211386743e-05
253.0,1.0,9.792843348298969e-14,5.7695547558273e-15
254.0,4.93353400088381e-05,0.9998205304145813,0.00013007617963012308
255.0,0.997800350189209,0.0021996258292347193,3.435872697465925e-10
256.0,0.9989644885063171,0.001024855300784111,1.0660546649887692e-05
257.0,0.9702156186103821,0.029767731204628944,1.6611096725682728e-05
258.0,2.7648465739105177e-09,0.9999909400939941,9.067149221664295e-06
259.0,1.432593563777118e-07,0.9999746680259705,2.5221963369403966e-05
260.0,0.001353084691800177,0.998641848564148,5.0825387916120235e-06
261.0,7.082410877558521e-19,1.0,6.688459465095664e-13
262.0,0.9849841594696045,0.014975455589592457,4.0375583921559155e-05
263.0,0.9999979138374329,2.0405227587616537e-06,7.963291182022658e-08
264.0,0.9816877245903015,0.018240295350551605,7.200719846878201e-05
265.0,3.3384316111551016e-07,0.9999993443489075,3.3265584420405503e-07
266.0,0.0018602950731292367,0.9958697557449341,0.002269913675263524
267.0,3.118247882127889e-10,0.9999998211860657,1.626944339250258e-07
268.0,0.00016753528325352818,0.9998274445533752,5.039092684455682e-06
269.0,0.002454041037708521,0.9975409507751465,4.948201876686653e-06
270.0,0.4571562111377716,0.539889395236969,0.002954430179670453
271.0,2.0899729946677326e-08,0.9999988079071045,1.1616442634476698e-06
272.0,5.951312793267549e-12,0.9991723299026489,0.0008276613662019372
273.0,1.408442784622821e-07,0.999883234500885,0.00011667643411783502
274.0,0.8743897676467896,0.12534275650978088,0.0002675147552508861
275.0,0.0020804547239094973,0.9978867173194885,3.284800550318323e-05
276.0,0.9862711429595947,0.013687485828995705,4.132241883780807e-05
277.0,5.554038580157794e-07,0.9999944567680359,4.949542926624417e-06
278.0,0.050145335495471954,0.9498159289360046,3.8740883610444143e-05
279.0,2.1878259634186027e-14,1.0,8.571699773585184e-12
280.0,2.0538853950924363e-10,1.0,1.4627885569495902e-08
281.0,0.9524884223937988,0.04748203232884407,2.9545280995080248e-05
282.0,3.914023636752972e-06,0.9999943375587463,1.7751517589204013e-06
283.0,0.19491446018218994,0.8050714135169983,1.4138932783680502e-05
284.0,1.3643264035884117e-12,1.0,7.645324928695629e-10
285.0,0.9999979734420776,1.3463222785503604e-06,6.901860842845053e-07
286.0,3.17958733830892e-06,0.9999961853027344,6.005567456668359e-07
287.0,1.0802762764189344e-12,0.9999990463256836,9.79700075731671e-07
288.0,2.0749253053509165e-06,0.20601947605609894,0.7939784526824951
289.0,2.4598136860731756e-08,0.9999999403953552,1.8824142244966424e-08
290.0,2.16092485061381e-06,0.9999969601631165,8.489334391015291e-07
291.0,8.171774970833212e-05,0.9998476505279541,7.059814379317686e-05
292.0,9.642794611863792e-05,0.9999035596847534,2.226177020503428e-09
293.0,0.8638007640838623,0.13619257509708405,6.663851763732964e-06
294.0,0.0005439123488031328,0.9994466304779053,9.41970483836485e-06
295.0,0.003208497539162636,0.9967914819717407,4.6343195947429194e-09
296.0,0.9028978943824768,0.0963689535856247,0.0007331744418479502
297.0,8.014617378648836e-06,0.9999873638153076,4.586407612805488e-06
298.0,0.7253370881080627,0.274644672870636,1.8243214071844704e-05
299.0,0.9999715685844421,2.785929427773226e-05,6.325659001049644e-07
300.0,0.9999434351921082,5.638353104586713e-05,2.040133892933227e-07
301.0,0.9992745518684387,0.0006336866063065827,9.179665357805789e-05
302.0,1.2396926818425413e-09,0.9999988079071045,1.1715349046426127e-06
303.0,0.0054724570363759995,0.994309663772583,0.00021792633924633265
304.0,1.0345095006331073e-12,1.0,4.098794081919266e-10
305.0,1.1128053301945329e-05,0.9980626106262207,0.0019262580899521708
306.0,7.958370104651602e-21,0.9999964237213135,3.599281399147003e-06
307.0,0.004879474174231291,0.9951179623603821,2.568780701039941e-06
308.0,7.922974873508792e-06,0.9999920129776001,8.793042405308427e-10
309.0,0.00032454245956614614,0.9996722340583801,3.17180774800363e-06
310.0,0.0041904207319021225,0.9957249760627747,8.462202822556719e-05
311.0,5.648610112984898e-07,0.9999887943267822,1.0621166438795626e-05
312.0,0.8607061505317688,0.1391378790140152,0.0001560097880428657
313.0,1.2376320057683188e-07,0.9999996423721313,2.7306552397021733e-07
314.0,1.4922808821982159e-10,0.9999954700469971,4.545254341792315e-06
315.0,2.002182794558216e-11,0.9999733567237854,2.6681589588406496e-05
316.0,1.5348008446380845e-06,0.9999984502792358,7.94613512766773e-08
317.0,0.7750973701477051,0.22443652153015137,0.00046610040590167046
318.0,0.5704588890075684,0.42904797196388245,0.0004930761642754078
319.0,0.999933123588562,6.147364911157638e-05,5.462909939524252e-06
320.0,2.7879293540422623e-08,1.0,5.423596682874177e-09
321.0,3.368179335438981e-08,0.9209647178649902,0.07903528958559036
322.0,0.9999059438705444,9.404876618646085e-05,8.436757958918406e-09
323.0,3.761636253329925e-05,0.999962329864502,2.2350651107672093e-08
324.0,9.054733417050709e-14,0.08373107761144638,0.9162688851356506
325.0,4.852678557654144e-06,0.9999929666519165,2.20037622966629e-06
326.0,3.9547799701722397e-07,0.9999988675117493,7.881476449256297e-07
327.0,5.053455875980717e-09,0.9999954104423523,4.5961046453157905e-06
328.0,8.173254961718612e-09,1.0,2.4775104190410957e-09
329.0,0.0065272413194179535,0.9934107661247253,6.19418133283034e-05
330.0,2.6705747347088356e-18,1.0,4.394110408867391e-09
331.0,3.3248293220822234e-06,0.9999963641166687,3.5264940834167646e-07
332.0,0.9501082897186279,0.04987168312072754,1.9997767594759353e-05
333.0,0.9999895095825195,1.045177941705333e-05,1.6142164938059977e-08
334.0,2.6422928840474924e-06,0.9999973177909851,3.1181488502340926e-09
335.0,2.2930628063022596e-08,0.9999996423721313,3.4552837746559817e-07
336.0,0.9999722838401794,2.6961395633406937e-05,7.545706353084825e-07
337.0,0.9905979633331299,0.009385766461491585,1.6182835679501295e-05
338.0,0.986943244934082,0.013026772066950798,2.9970988180139102e-05
339.0,1.5624727067731214e-09,0.9999752640724182,2.4749251679168083e-05
340.0,0.007242106832563877,0.9927313923835754,2.645384483912494e-05
341.0,4.675481977756135e-05,0.9999513030052185,1.973508005903568e-06
342.0,1.2136663473261838e-13,1.0,4.050526580812175e-11
343.0,1.3598246084711718e-07,0.9999991655349731,7.091398970260343e-07
344.0,2.5509329134365544e-05,0.9999725818634033,1.8911993038273067e-06
345.0,0.00013740823487751186,0.9998569488525391,5.582152880378999e-06
346.0,5.271587724564597e-06,0.9999885559082031,6.1809691942471545e-06
347.0,0.0008297956082969904,0.9989792108535767,0.00019097741460427642
348.0,0.8984301686286926,0.09970895200967789,0.0018609027611091733
349.0,0.00037574052112177014,0.9996169209480286,7.402269602607703e-06
350.0,4.402748998710848e-12,1.0,3.0995104260966855e-09
351.0,0.005419294815510511,0.9942795634269714,0.0003011967346537858
352.0,0.008125970140099525,0.9918727874755859,1.2048866437908146e-06
353.0,0.9281613826751709,0.07180848717689514,3.019539508386515e-05
354.0,5.6716743301876704e-08,0.9999998807907104,1.486765155434e-10
355.0,0.9961776733398438,0.0038127475418150425,9.572203452989925e-06
356.0,0.9993336200714111,0.000661661324556917,4.761568106914638e-06
357.0,1.4283004645676556e-07,0.9999997615814209,9.06516248733169e-08
358.0,3.0434259201683744e-07,0.9805417060852051,0.019457915797829628
359.0,0.9999971985816956,2.7707794743037084e-06,3.4749514377097057e-09
360.0,4.701150828623213e-06,0.9999864101409912,8.89924012881238e-06
361.0,7.149429936958995e-10,1.0,9.790712685031622e-10
362.0,0.9266646504402161,0.07332413643598557,1.1220588930882514e-05
363.0,0.0008424613042734563,0.9991506338119507,6.919065981492167e-06
364.0,0.995943546295166,0.004050633404403925,5.829140263813315e-06
365.0,7.340062069260966e-08,0.9999992251396179,6.754210630788293e-07
366.0,7.559549514146724e-11,0.9999822378158569,1.772313225956168e-05
367.0,0.9948536157608032,0.005137215368449688,9.174596016237047e-06
368.0,0.0006080953753553331,0.9993568658828735,3.503785774228163e-05
369.0,1.4771893802389968e-05,0.9999566078186035,2.8565305910888128e-05
370.0,0.00475990679115057,0.9951968193054199,4.325467307353392e-05
371.0,9.91265558525356e-09,0.9956433773040771,0.004356641322374344
372.0,2.035610435768831e-08,0.9999998807907104,1.056786516073771e-07
373.0,8.508014843755518e-07,0.9999964237213135,2.6705120035330765e-06
374.0,0.9953306913375854,0.004662306047976017,7.04802778273006e-06
375.0,4.25601837310427e-18,1.0,2.254084030539616e-08
376.0,0.9772360324859619,0.022359825670719147,0.0004041771753691137
377.0,0.9999950528144836,4.189494120510062e-06,7.318089956243057e-07
378.0,2.4312663299497217e-05,0.9999729990959167,2.6887032618105877e-06
379.0,1.950200001488156e-08,0.9999171495437622,8.283067290904e-05
380.0,1.7139841190783045e-07,0.9999992847442627,5.391872264226549e-07
381.0,8.607366339674627e-07,0.9999983310699463,7.471559229088598e-07
382.0,1.7244589116671705e-06,0.9999969601631165,1.2978017593923141e-06
383.0,0.0039014003705233335,0.996096134185791,2.4731991743465187e-06
384.0,4.305710262997309e-06,6.1156342781032436e-06,0.9999895095825195
385.0,0.001053440384566784,0.9989352822303772,1.125693779613357e-05
386.0,3.304831608375025e-08,0.9999999403953552,4.5869569476053584e-08
387.0,0.9999910593032837,6.0860299818440294e-15,8.990954484033864e-06
388.0,0.9938260316848755,0.006168766412883997,5.19803688803222e-06
389.0,0.9999969005584717,3.1159511308942456e-06,5.6196700626287566e-09
390.0,0.9986205697059631,0.0013778556603938341,1.4864855302221258e-06
391.0,9.795100197607098e-08,0.9999994039535522,5.345563067749026e-07
392.0,0.9680460095405579,0.0319172739982605,3.672738966997713e-05
393.0,1.1362528973268837e-10,1.0,1.0618878687604014e-13
394.0,4.757500209962018e-05,0.9999346137046814,1.7872243915917352e-05
395.0,0.005044822581112385,0.9948843121528625,7.083582750055939e-05
396.0,1.6061971109593287e-05,0.9999653697013855,1.855380651250016e-05
397.0,2.4762342783896107e-12,1.0,1.3455115910332438e-09
398.0,2.71392011086391e-08,0.9999998807907104,9.856260874130385e-08
399.0,0.00017824310634750873,0.999817430973053,4.28293924414902e-06
400.0,0.9997190237045288,0.00027382036205381155,7.189729331003036e-06
401.0,0.0003788534668274224,0.9996107220649719,1.0414687494630925e-05
402.0,0.33483970165252686,0.665065586566925,9.467992640566081e-05
403.0,2.394877992628608e-05,0.9999760389328003,3.6727314522977395e-08
404.0,1.2087022582818463e-07,0.9999992251396179,6.600214987884101e-07
405.0,6.85566701577045e-05,0.9998446106910706,8.683293708600104e-05
406.0,4.6512209905813506e-07,0.999999463558197,1.772350444184667e-08
407.0,0.9904634356498718,0.009476244449615479,6.0427999414969236e-05
408.0,5.499162323424622e-12,1.0,1.255891723950242e-09
409.0,1.2274870641704183e-05,0.9999666810035706,2.106454485328868e-05
410.0,0.02525476925075054,0.974527895450592,0.00021733046742156148
411.0,0.9998571276664734,0.00014265731442719698,2.3839434959427308e-07
412.0,9.878545093044977e-09,0.9999997019767761,2.925013973253954e-07
413.0,0.00016605312703177333,0.25422391295433044,0.7456099987030029
414.0,0.03300348296761513,0.9669619202613831,3.462459426373243e-05
415.0,0.9846439361572266,0.01535496674478054,1.046034640239668e-06
416.0,2.2597777869868413e-13,1.0,1.7195750379173091e-09
417.0,5.046854766987963e-06,0.9999628067016602,3.212356023141183e-05
418.0,1.7144677258329466e-05,0.9999820590019226,7.65408856295835e-07
419.0,0.9999991059303284,3.2943350447567354e-07,5.296813583299809e-07
420.0,8.163901412533425e-13,0.999998152256012,1.8476094965080847e-06
421.0,9.299602243117988e-05,0.999906599521637,3.5599504144556704e-07
422.0,3.230546141708146e-08,0.9999998211860657,1.6298743332754384e-07
423.0,2.800343463604804e-05,0.993253767490387,0.006718197371810675
424.0,7.424080881307527e-13,0.9999945163726807,5.502455678652041e-06
425.0,0.9915554523468018,0.008433928713202477,1.0576407476037275e-05
426.0,0.6308454871177673,0.3689652681350708,0.00018920670845545828
427.0,0.8050744533538818,0.19417685270309448,0.0007486130343750119
428.0,6.711740752507467e-06,0.999991774559021,1.519069769528869e-06
429.0,0.019787756726145744,0.9800643920898438,0.00014783164078835398
430.0,2.727935433100015e-09,1.0,3.367933709697013e-09
431.0,5.746993991806448e-09,0.9999997615814209,2.0910985654154501e-07
432.0,0.019750146195292473,0.9801982045173645,5.170122312847525e-05
433.0,1.4846987141936552e-05,0.9999815821647644,3.6111862300458597e-06
434.0,3.207999187473942e-12,1.0,1.0523095284042938e-08
435.0,2.5674605399605283e-14,0.9999998211860657,1.7487958814399462e-07
436.0,6.970353114144068e-13,1.0,9.162741676504993e-09
437.0,0.0016630098689347506,0.9983184933662415,1.849532054620795e-05
438.0,0.9934548735618591,0.006524280179291964,2.081901766359806e-05
439.0,0.9975837469100952,0.0024081598967313766,8.130354217428248e-06
440.0,2.134911092355196e-08,0.9999997615814209,2.476703855336382e-07
441.0,2.6683955045569974e-09,0.00020265535567887127,0.9997973442077637
442.0,1.6874215802431536e-08,0.9997442960739136,0.0002556575054768473
443.0,7.078315017450265e-11,0.9999991655349731,8.163268034877547e-07
444.0,6.620258508061028e-11,0.9999999403953552,4.922177510024994e-08
445.0,7.140474917832762e-05,0.9999251961708069,3.3593537409615237e-06
446.0,0.9998125433921814,0.00017234892584383488,1.5115951100597158e-05
447.0,5.2195654211533576e-14,0.9999743700027466,2.5649176677688956e-05
448.0,3.5754832254653035e-12,0.999996542930603,3.4139495710405754e-06
449.0,0.9999998807907104,1.062637409177114e-07,4.694173050268091e-09
450.0,2.818761800526577e-16,1.0,6.895090276515248e-09
451.0,0.3344268500804901,0.6655118465423584,6.12574876868166e-05
452.0,6.838253574503739e-11,0.9999934434890747,6.5683439061103854e-06
453.0,1.0360717638153115e-19,0.9999997019767761,3.179951306719886e-07
454.0,0.9667339324951172,0.03215201944112778,0.001114008016884327
455.0,0.11889418959617615,0.8810447454452515,6.1020979046588764e-05
456.0,1.2891436199424788e-05,0.9999861717224121,9.479135769652203e-07
457.0,0.0015154678840190172,0.9980072975158691,0.00047721792361699045
458.0,0.001481993356719613,0.998511552810669,6.466951617767336e-06
459.0,0.9216511845588684,0.0778149887919426,0.0005338135524652898
460.0,0.7588101029396057,0.24108245968818665,0.00010740997095126659
461.0,0.8737225532531738,0.12627114355564117,6.291782483458519e-06
462.0,0.007157481741160154,0.9918944835662842,0.0009479939471930265
463.0,3.43276587955188e-06,0.9999808669090271,1.5691488442826085e-05
464.0,0.11155574023723602,0.13598759472370148,0.7524566650390625
465.0,0.021373583003878593,0.9728562831878662,0.005770139861851931
466.0,0.9986720085144043,0.0012913716491311789,3.663000097731128e-05
467.0,0.028624212369322777,0.9693050980567932,0.002070685150101781
468.0,0.9779215455055237,0.022021250799298286,5.7183526223525405e-05
469.0,0.22044166922569275,0.7795243859291077,3.392027792870067e-05
470.0,0.9892852902412415,0.010643713176250458,7.091789302648976e-05
471.0,0.9315119385719299,0.06825140863656998,0.0002366241387790069
472.0,0.8829288482666016,0.11627355217933655,0.0007975845946930349
473.0,0.9999035000801086,9.524115012027323e-05,1.279890170735598e-06
474.0,6.69478822601377e-07,0.999998927116394,3.997065789462795e-07
475.0,4.67745448986534e-05,6.8561130319722e-06,0.9999463558197021
476.0,0.9948830604553223,0.005097506567835808,1.93920022866223e-05
477.0,9.290040264842148e-11,0.9999995827674866,3.511644308673567e-07
478.0,4.3828043999383226e-05,0.9996439814567566,0.0003121861373074353
479.0,4.0449017433275e-06,0.999995231628418,7.164360340539133e-07
480.0,0.9918895959854126,0.0081016318872571,8.739327313378453e-06
481.0,2.5117358193327277e-10,1.0,1.2176753827475295e-08
482.0,1.2280587725399528e-05,0.9999442100524902,4.349941809778102e-05
483.0,2.8209867650730303e-06,0.9999970197677612,1.6095273736027593e-07
484.0,4.2532374209258705e-06,0.9999934434890747,2.3016418708721176e-06
485.0,0.001232875045388937,0.9986963272094727,7.07342114765197e-05
486.0,0.00016415231220889837,0.9998356103897095,2.241718419782046e-07
487.0,5.057359531157601e-10,1.0,4.23282631167865e-10
488.0,6.188206956407594e-13,1.0,6.053096690550319e-09
489.0,0.00021603341156151146,0.9997782707214355,5.734082151320763e-06
490.0,6.362836575135589e-05,0.9998908042907715,4.561473906505853e-05
491.0,1.3853622476744931e-05,0.9999820590019226,4.096086286153877e-06
492.0,0.9999035000801086,9.631985449232161e-05,1.9458263977867318e-07
493.0,0.9732467532157898,0.02658710442483425,0.00016618661175016314
494.0,0.9879748225212097,0.011991108767688274,3.4089571272488683e-05
495.0,0.24566501379013062,0.7542768120765686,5.812821473227814e-05
496.0,3.2429674320155755e-05,0.9999614953994751,6.068076345400186e-06
497.0,6.283343845225886e-10,1.0,3.557494854256049e-10
498.0,0.00016662871348671615,0.9998045563697815,2.8833930628024973e-05
499.0,0.13873207569122314,0.8612183928489685,4.9540460167918354e-05
500.0,0.9999943375587463,5.3356270655058324e-06,3.9812945828998636e-07
501.0,0.006871288642287254,0.9930969476699829,3.1793140806257725e-05
502.0,1.5521462695851362e-13,0.9999986886978149,1.28945202959585e-06
503.0,1.0204247047340687e-07,0.9999958872795105,3.985554485552711e-06
504.0,3.6219259413883265e-07,0.999998927116394,7.36397851142101e-07
505.0,2.39619748754194e-05,0.9999757409095764,2.921423458701611e-07
506.0,3.5151067711951256e-13,1.0,1.5528339725179308e-10
507.0,0.0012093223631381989,0.9987687468528748,2.194565604440868e-05
508.0,5.951301229600858e-09,1.0,9.590922722679807e-09
509.0,5.634337867377326e-07,0.9999983906745911,9.860627869784366e-07
510.0,0.0002589567156974226,0.9997196793556213,2.1396763258962892e-05
511.0,0.9999305009841919,6.86125349602662e-05,8.971583156380802e-07
512.0,7.613080305057807e-12,0.9999995827674866,4.344244644016726e-07
513.0,1.3516919139533456e-08,1.0,1.801638949139317e-09
514.0,1.2554452041513287e-05,0.9999776482582092,9.79812739387853e-06
515.0,4.86478311358951e-05,0.9997766613960266,0.00017466567805968225
516.0,0.9999791979789734,4.2264144894943456e-07,2.0374662199174054e-05
517.0,1.176165028482501e-06,0.9999923706054688,6.43680004941416e-06
518.0,2.9034689319473728e-08,0.9999998211860657,1.9152881236550456e-07
519.0,0.0003384212905075401,0.999655544757843,6.024391495884629e-06
520.0,1.484052081224263e-08,0.9999998211860657,1.7088819959099055e-07
521.0,3.4151020145145594e-07,0.999998152256012,1.4717957128596026e-06
522.0,0.991645872592926,0.008350148797035217,4.006226390629308e-06
523.0,0.9907865524291992,0.009121982380747795,9.145955846179277e-05
524.0,1.3080928857190765e-14,0.9999697208404541,3.0236878956202418e-05
525.0,0.975221574306488,0.024762922897934914,1.544137739983853e-05
526.0,0.9986676573753357,0.0013192493934184313,1.3108403436490335e-05
527.0,0.9702156186103821,0.029767731204628944,1.6611096725682728e-05
528.0,0.001256001298315823,0.9986560940742493,8.789992716629058e-05
529.0,2.2088876505677035e-07,0.9999997019767761,2.8620309677762634e-08
530.0,0.11902716010808945,0.8770734071731567,0.003899442031979561
531.0,0.00017456903879065067,0.9864169359207153,0.013408534228801727
532.0,3.3867661453079734e-10,0.9999997615814209,2.1946293315977528e-07
533.0,1.757369864208158e-05,0.9999740123748779,8.420115591434296e-06
534.0,4.2719980331007434e-10,0.9999974370002747,2.524319370422745e-06
535.0,1.0014495099343063e-14,0.00028760076384060085,0.9997124075889587
536.0,3.2072315914177807e-09,0.9999999403953552,7.531698997809144e-08
537.0,0.9997147917747498,0.0002769518760032952,8.154618626576848e-06
538.0,3.4168472495821334e-09,1.0,3.4207334742575313e-09
539.0,1.0,4.6392747976575777e-10,5.105986744524671e-10
540.0,1.4526022606986544e-09,0.9999996423721313,3.8537481827916054e-07
541.0,0.9955103397369385,0.004476575180888176,1.3137314454070292e-05
542.0,0.006931838113814592,0.9929831027984619,8.503257413394749e-05
543.0,1.0134504790926258e-08,0.9999998807907104,1.0904600600269987e-07
544.0,4.603181125162337e-08,0.9999999403953552,3.4143791793894707e-08
545.0,0.027559665963053703,0.972422182559967,1.818031341827009e-05
546.0,0.0007752656820230186,0.9992116689682007,1.2998256352148019e-05
547.0,8.20102985521487e-10,0.9992613196372986,0.0007386658107861876
548.0,1.3997029313372877e-08,0.9999871253967285,1.2866015822510235e-05
549.0,7.028946757969834e-09,0.9999997615814209,2.245067634021325e-07
550.0,0.004488976672291756,0.9954938292503357,1.7169229977298528e-05
551.0,0.00017303225467912853,0.9997062683105469,0.00012072145182173699
552.0,7.088195275173348e-08,0.9999998807907104,2.3382639824376383e-08
553.0,0.000263799011008814,0.999733030796051,3.189721837770776e-06
554.0,0.9996993541717529,0.00029751245165243745,3.091133294219617e-06
555.0,4.549507866613567e-05,0.999941885471344,1.265076298295753e-05
556.0,0.0006566029042005539,0.9993309378623962,1.2433671145117842e-05
557.0,5.4970922064967453e-05,0.9999215006828308,2.3574937586090527e-05
558.0,0.0011456941720098257,0.9988359808921814,1.8336219000048004e-05
559.0,0.9998830556869507,0.0001064556636265479,1.0482493053132202e-05
560.0,1.078162016934581e-17,1.0,2.639995777542481e-09
561.0,3.827641558018513e-05,0.9999614357948303,2.8414788744157704e-07
562.0,0.00011271261610090733,0.9998823404312134,4.983036888006609e-06
563.0,8.446456867261531e-10,1.0,2.1773967073812628e-09
564.0,0.9583231210708618,0.04163755103945732,3.934989945264533e-05
565.0,6.1611108321812935e-06,0.999992847442627,1.0160196097785956e-06
566.0,1.292131512897754e-09,1.0,3.7145042597330757e-09
567.0,0.0005458752857521176,0.9994305968284607,2.35554816754302e-05
568.0,0.036203160881996155,0.9637874960899353,9.341983968624845e-06
569.0,7.477522767640465e-11,1.0,3.896622580157327e-09
570.0,5.563228988592073e-09,0.9999992847442627,7.22900836080953e-07
571.0,2.2297831983597582e-13,0.9999992847442627,7.196883302640344e-07
572.0,2.399493951088516e-06,0.9999975562095642,2.2262439897742688e-14
573.0,1.624993650750639e-08,0.9999999403953552,3.385556723856098e-08
574.0,0.010368135757744312,0.989608883857727,2.2984937459114008e-05
575.0,0.9764673709869385,0.023513253778219223,1.9419849195401184e-05
576.0,4.9492670432891434e-14,1.0,1.9702174114399895e-08
577.0,0.999973714351654,2.1471296349773183e-05,4.8729602895036805e-06
578.0,0.9999997615814209,1.9205147339107498e-07,1.0574171760424633e-08
579.0,3.986315562087839e-07,0.9999676942825317,3.191520590917207e-05
580.0,2.9243987231808433e-09,0.9962484240531921,0.003751514246687293
581.0,1.2188444998173509e-05,0.9999876618385315,1.376376417283609e-07
582.0,0.006685304455459118,0.9933130741119385,1.6190223277590121e-06
583.0,3.768736496567726e-05,0.999961256980896,1.0486077144378214e-06
584.0,0.9639087319374084,0.036086034029722214,5.259289991954574e-06
585.0,0.00020642050367314368,0.9997887015342712,4.844356681132922e-06
586.0,6.913511096939828e-09,1.0,6.632584703680777e-09
587.0,7.391207645923714e-10,1.0,3.549035287875313e-09
588.0,0.45423412322998047,0.5456353425979614,0.000130561733385548
589.0,0.0022514089941978455,0.9977449774742126,3.6282399378251284e-06
590.0,2.4172707071556943e-06,0.9999821782112122,1.5415536836371757e-05
591.0,4.999188996795967e-12,1.0,5.939679859068292e-10
592.0,0.03202638402581215,0.9679673910140991,6.171033874124987e-06
593.0,7.377583415291156e-07,0.9999991655349731,1.0429860708427441e-07
594.0,0.04747147485613823,0.9524201154708862,0.00010840371396625414
595.0,5.902800239709904e-06,0.999993622303009,4.771088129018608e-07
596.0,0.9999242424964905,6.1885490140412e-05,1.3861515071766917e-05
597.0,0.01582724042236805,0.9839729070663452,0.0001998572697630152
598.0,0.0003030118823517114,0.9996961951255798,8.155254818120738e-07
599.0,0.0015664693200960755,0.9984057545661926,2.772365405689925e-05
600.0,0.16689130663871765,0.8327975869178772,0.000311113748466596
601.0,6.229810196600738e-07,0.9999992251396179,1.9322060040849465e-07
602.0,8.49229545565322e-05,0.9996475577354431,0.0002675123978406191
603.0,0.0855020061135292,0.9141705632209778,0.0003274374466855079
604.0,7.34493660274893e-05,0.9999265670776367,1.5315258394821285e-08
605.0,9.056665140061426e-11,1.0,6.788649642430755e-09
606.0,6.292569243449009e-10,0.9999995231628418,4.4868284021504223e-07
607.0,0.9944155812263489,0.004535540007054806,0.0010488566476851702
608.0,0.8830786347389221,0.11258096247911453,0.0043403999879956245
609.0,0.0003236201882828027,0.9996293783187866,4.697513941209763e-05
610.0,0.000940824334975332,0.9990110993385315,4.8097655962919816e-05
611.0,4.6252287688730576e-07,0.9999989867210388,5.944764325249707e-07
612.0,0.9973755478858948,0.0026147786993533373,9.601643796486314e-06
613.0,7.539705961789878e-07,0.9999895095825195,9.722227332531475e-06
614.0,1.3498511641785171e-08,1.0,6.259200102665119e-11
615.0,0.9979868531227112,0.0020125785376876593,5.725318033000804e-07
616.0,0.00018245179671794176,0.9998172521591187,3.3884955996654753e-07
617.0,3.0245910238591023e-06,0.9999723434448242,2.4668595870025456e-05
618.0,0.00445545744150877,0.9954850673675537,5.9462305216584355e-05
619.0,0.9999998807907104,7.429211734688579e-08,3.123044223229954e-08
620.0,0.0003205776447430253,0.9994935989379883,0.00018583779456093907
621.0,0.006849803030490875,0.9931395649909973,1.0674148143152706e-05
622.0,5.2247483836254105e-05,0.9999089241027832,3.8808379031252116e-05
623.0,4.851720518672664e-07,0.9998974800109863,0.000102039281046018
624.0,2.7990705575575703e-07,0.9999995231628418,1.4210428389560548e-07
625.0,2.402243959309658e-10,1.0,1.532681204174935e-10
626.0,7.3323698224214695e-09,1.0,1.7562269694071375e-10
627.0,1.232108388649067e-06,0.999998152256012,6.2458343563776e-07
628.0,0.21514596045017242,0.7818735241889954,0.002980519086122513
629.0,2.8566884968661554e-10,1.0,5.395688340570359e-09
630.0,6.577962480269761e-11,0.9999998807907104,1.430324658713289e-07
631.0,1.2465026233421383e-10,1.0,2.3992009767770384e-11
632.0,0.02269892580807209,0.9772850275039673,1.5994020941434428e-05
633.0,9.48629531194456e-06,0.9967514872550964,0.003239015117287636
634.0,3.949351594201289e-05,0.9999596476554871,8.598623821853835e-07
635.0,0.00016239886463154107,0.9998347759246826,2.770046194200404e-06
636.0,0.9999082684516907,9.002553269965574e-05,1.733186991259572e-06
637.0,2.4884672100711214e-10,1.0,1.3637822426915136e-08
638.0,0.0034827403724193573,0.9965046644210815,1.2574873835546896e-05
639.0,0.9816656708717346,0.01833289861679077,1.463436774429283e-06
640.0,9.046884224517271e-05,0.9999037384986877,5.802837677038042e-06
641.0,0.01913057081401348,0.9808534979820251,1.5880508726695552e-05
642.0,0.00015358213568106294,0.9998298287391663,1.6576490452280268e-05
643.0,4.621499183343758e-09,0.9875378608703613,0.012462162412703037
644.0,0.023078972473740578,0.9769136309623718,7.453965281456476e-06
645.0,2.5778558665479068e-06,0.9999972581863403,1.9862400790771062e-07
646.0,0.0001581176620675251,0.9998294115066528,1.2467765373003203e-05
647.0,4.08716186939273e-06,0.9999905824661255,5.29609997101943e-06
648.0,0.9947166442871094,0.005273600574582815,9.744238013809081e-06
649.0,0.9512733817100525,0.048645228147506714,8.139011333696544e-05
650.0,4.745208392886724e-11,0.9999517798423767,4.824110510526225e-05
651.0,0.0032896106131374836,0.9962722659111023,0.0004381070320960134
652.0,3.04685776608693e-10,1.0,4.688975430156006e-09
653.0,0.979291558265686,0.02070331759750843,5.191442141949665e-06
654.0,3.20492144965101e-05,0.9999472498893738,2.071903509204276e-05
655.0,8.34923775983043e-06,0.9999915957450867,4.610258841353243e-08
656.0,0.6714905500411987,0.3284894526004791,1.996058927034028e-05
657.0,1.5471887309104204e-06,0.9999966621398926,1.7602105799596757e-06
658.0,0.9999966621398926,3.000056381097238e-08,3.3700787298585055e-06
659.0,5.3984340411261655e-06,0.9999921917915344,2.3833447357901605e-06
660.0,1.2689059004922232e-11,0.9999999403953552,8.925739081178108e-08
661.0,2.769399462629763e-14,0.9999997615814209,2.240038554646162e-07
662.0,1.7612081237849964e-10,0.9999945163726807,5.434420472738566e-06
663.0,0.9999933242797852,5.949986059405887e-10,6.662714895355748e-06
664.0,0.02485969103872776,0.9745056629180908,0.0006346515729092062
665.0,4.382828535653971e-07,0.9999995827674866,1.1270713529132337e-10
666.0,0.9592716097831726,0.04064757004380226,8.081654959823936e-05
667.0,0.00015018472913652658,0.9997445344924927,0.00010524902609176934
668.0,0.95220947265625,0.047761470079422,2.9032316888333298e-05
669.0,1.0,3.22008427185305e-22,7.68690579938669e-12
670.0,0.00017200126603711396,0.9998122453689575,1.573012923472561e-05
671.0,0.0041253166273236275,0.9957863688468933,8.834071195451543e-05
672.0,5.567554239860328e-07,0.999998152256012,1.25030953768146e-06
673.0,3.493499656226362e-10,0.9989635348320007,0.0010365013731643558
674.0,2.8440576560484487e-09,1.0,4.85096796065676e-10
675.0,0.04108237102627754,0.958895742893219,2.1838081011082977e-05
676.0,0.9999641180038452,3.376822860445827e-05,2.111293042617035e-06
677.0,1.0,1.9801392007766762e-20,2.8299394590567816e-16
678.0,0.0005649315426126122,0.9994344711303711,6.13537110893958e-07
679.0,1.079051708074985e-05,0.9998279809951782,0.00016120565123856068
680.0,6.3471996547548315e-09,0.9999992251396179,7.549581937382754e-07
681.0,2.1313746856321814e-06,0.9999974966049194,3.6748028264810273e-07
682.0,0.938668429851532,0.06130247935652733,2.9128075766493566e-05
683.0,1.3876962690062555e-08,1.0,9.020791058578226e-12
684.0,1.5637807493362743e-08,0.9999997615814209,2.0233746056419477e-07
685.0,0.9966756105422974,0.003301857504993677,2.2599497242481448e-05
686.0,1.9086779032284618e-11,1.0,4.711754097996845e-09
687.0,6.1015336541458964e-05,0.999835193157196,0.00010382287291577086
688.0,0.8487186431884766,0.15116940438747406,0.00011190398072358221
689.0,9.162833976006368e-07,0.9999963045120239,2.815148263834999e-06
690.0,1.632089333725162e-05,0.9999718070030212,1.1852250281663146e-05
691.0,2.902935699659973e-16,0.9999998211860657,1.8271811086378875e-07
692.0,6.739299607261273e-08,0.9999998211860657,6.83795065015147e-08
693.0,7.367256102952524e-07,0.999994695186615,4.564962182485033e-06
694.0,0.9957727193832397,0.004227322991937399,2.488649109011476e-08
695.0,7.309470674954355e-05,0.9999060034751892,2.0955025320290588e-05
696.0,0.18162328004837036,0.8182411789894104,0.00013551136362366378
697.0,0.9972097277641296,0.0027582496404647827,3.196751276846044e-05
698.0,0.999998927116394,4.1314356735711044e-07,6.296436367847491e-07
699.0,0.00014810696302447468,0.9998510479927063,8.841444127938303e-07
700.0,0.000913026335183531,0.9990823268890381,4.66865139969741e-06
701.0,0.21411824226379395,0.7854182124137878,0.0004635650257114321
702.0,1.600526229594834e-05,0.9999646544456482,1.9373659597476944e-05
703.0,0.5819116830825806,0.4177599549293518,0.00032837639446370304
704.0,2.991160650330643e-14,1.0,1.721263825915642e-10
705.0,0.005195325240492821,0.9948020577430725,2.6521622658037813e-06
706.0,1.0,4.1270138417814906e-09,4.6253229024628695e-10
707.0,0.0003888474020641297,0.9995994567871094,1.1695687135215849e-05
708.0,0.008738303557038307,0.9912269711494446,3.467794522293843e-05
709.0,0.9936011433601379,0.0062979585491120815,0.00010094665049109608
710.0,4.265792540536495e-06,0.9999917149543762,4.0662971514393575e-06
711.0,0.9023241400718689,0.0968228206038475,0.0008530496852472425
712.0,0.9999285340309143,6.798247341066599e-05,3.4399442938592983e-06
713.0,7.859087269856957e-10,0.9985740780830383,0.0014258997980505228
714.0,2.4564749310229672e-06,0.9999819397926331,1.5597130186506547e-05
715.0,0.996826171875,0.002954035997390747,0.00021979869052302092
716.0,3.2188211207540007e-07,0.9999935626983643,6.0941297306271736e-06
717.0,0.86977618932724,0.13022294640541077,8.671985369801405e-07
718.0,1.2820676602132153e-05,0.9999869465827942,2.2835337176729809e-07
719.0,0.9995260238647461,0.00047220196574926376,1.7662739537627203e-06
720.0,0.9999691843986511,3.0311044611153193e-05,4.96274083161552e-07
721.0,3.3414426070521586e-07,0.9999995231628418,1.3151787925380631e-07
722.0,0.0003071796672884375,0.999675989151001,1.6853631677804515e-05
723.0,0.19631457328796387,0.8035966753959656,8.881559188012034e-05
724.0,0.00024728523567318916,0.9997453093528748,7.444382390531246e-06
725.0,1.9386493477213662e-06,0.9999978542327881,2.133308356633279e-07
726.0,0.9987753629684448,0.0012216584291309118,2.9830528092134045e-06
727.0,1.0893976423176355e-06,0.9999988079071045,6.071407199215173e-08
728.0,0.9985056519508362,0.0014853031607344747,8.983402949525043e-06
729.0,0.9960514903068542,0.003912899177521467,3.5600558476289734e-05
730.0,0.00040148687548935413,0.9995959997177124,2.4866440071491525e-06
731.0,0.9999939203262329,5.391002105170628e-06,7.282595220203802e-07
732.0,1.2005542657789192e-06,0.3134603500366211,0.6865384578704834
733.0,1.1868553899009117e-18,1.0,3.620901911638441e-10
734.0,5.838312472361551e-11,0.9999964237213135,3.5953876249550376e-06
735.0,1.467459709303398e-09,0.9999887943267822,1.1197780622751452e-05
736.0,2.5254455522372155e-06,0.9999970197677612,4.6266382014437113e-07
737.0,1.2829937077185605e-05,0.9999869465827942,1.658283537153693e-07
738.0,0.010752539150416851,0.9892407655715942,6.65150173517759e-06
739.0,0.0010210275650024414,0.9989779591560364,1.006988100016315e-06
740.0,0.0007121768430806696,0.9992837905883789,4.071056991961086e-06
741.0,0.011046833358705044,0.9889351725578308,1.7959699107450433e-05
742.0,2.3193878762040043e-10,0.9999990463256836,9.120177537624841e-07
743.0,0.002182090189307928,0.9976698756217957,0.00014799903146922588
744.0,1.2526804766821442e-06,0.9999982118606567,5.592908109974815e-07
745.0,0.00022696472296956927,0.9997696280479431,3.338368060212815e-06
746.0,0.7902896404266357,0.2096530646085739,5.7359415222890675e-05
747.0,1.474308959359405e-07,0.9999960064888,3.86268766305875e-06
748.0,0.9991291761398315,0.0008707939996384084,1.1175914949035359e-07
749.0,0.9999999403953552,6.607602642816346e-08,2.673748866754977e-08
750.0,0.9999882578849792,1.130476903199451e-05,3.855736281366262e-07
751.0,6.511795072583482e-05,0.9998179078102112,0.00011699006427079439
752.0,0.35525140166282654,0.6445406079292297,0.0002080332051264122
753.0,0.011356214992702007,0.9885843992233276,5.936786692473106e-05
754.0,2.9543885560201488e-08,0.9999977946281433,2.1945725166006014e-06
755.0,0.9997175931930542,0.00028013178962282836,2.266801402583951e-06
756.0,8.947632218481161e-11,1.0,2.3965780471257858e-08
757.0,0.9579490423202515,0.040829356759786606,0.0012216329341754317
758.0,0.9008253812789917,0.09886801242828369,0.00030662916833534837
759.0,0.9998927116394043,0.00010717976692831144,6.611875846829207e-08
760.0,0.0019662510603666306,0.9639757871627808,0.03405800834298134
761.0,3.716902210726403e-05,0.9999622702598572,6.183680625326815e-07
762.0,2.4929593112066328e-11,1.0,3.742616527802056e-08
763.0,1.7874695501518545e-08,0.9999989867210388,9.672654641690315e-07
764.0,0.00047753227408975363,0.9994363784790039,8.606717165093869e-05
765.0,4.400307673790849e-09,0.04243196174502373,0.9575680494308472
766.0,5.193401264591557e-08,0.9999643564224243,3.558948083082214e-05
767.0,0.00044014715240336955,0.9995537400245667,6.093177944421768e-06
768.0,0.7248573899269104,0.2748490571975708,0.0002935930679086596
769.0,2.3310320687586206e-11,0.9987178444862366,0.0012821417767554522
770.0,7.30173421725766e-10,1.0,7.09093339601452e-10
771.0,4.9116980704866364e-08,0.9999985694885254,1.421858655703545e-06
772.0,4.1025279529094405e-07,0.9999995827674866,1.4621803930397331e-13
773.0,0.9998037815093994,0.0001962127280421555,2.508004470769265e-09
774.0,0.0005535083473660052,0.9994313716888428,1.5076049749040976e-05
775.0,0.0010783133329823613,0.9989215731620789,1.0619342560858058e-07
776.0,0.9710649847984314,0.028909824788570404,2.5123439627350308e-05
777.0,4.518494461080991e-05,0.9999523758888245,2.4235159798990935e-06
778.0,1.503514991002021e-14,1.0,3.8232932375592554e-09
779.0,9.06305729131418e-07,0.9999980926513672,1.0009728157456266e-06
780.0,0.0001367445511277765,0.999791145324707,7.211874617496505e-05
781.0,1.7721631593303755e-05,0.9999187588691711,6.349467730615288e-05
782.0,1.1803598681581207e-05,0.9999877214431763,4.3133604776812717e-07
783.0,5.413293813205655e-09,0.9999999403953552,2.5912564538543847e-08
784.0,2.2640799102191522e-07,0.9999990463256836,6.870706101835822e-07
785.0,0.9704175591468811,0.029500003904104233,8.23806258267723e-05
786.0,1.4494062894332416e-10,0.9999999403953552,6.581183242815314e-08
787.0,1.998072605147172e-07,0.9999992251396179,5.905891953261744e-07
788.0,1.0,7.800110417863302e-16,1.4818254262527475e-11
789.0,0.9540783166885376,0.045723091810941696,0.00019859317399095744
790.0,1.2743593957864618e-09,0.9999999403953552,5.6045916352331915e-08
791.0,1.8949807781609707e-05,0.9999784827232361,2.5420838483114494e-06
792.0,3.038931239984777e-08,0.9999999403953552,1.0282978912812268e-08
793.0,0.001256001298315823,0.9986560940742493,8.789992716629058e-05
794.0,0.01221082266420126,0.98634272813797,0.0014464403502643108
795.0,5.99018733282719e-07,0.9999890327453613,1.034254273690749e-05
796.0,0.218865767121315,0.7809953093528748,0.00013890585978515446
797.0,1.2846594472648576e-06,0.9999902844429016,8.39271888253279e-06
798.0,0.003534073242917657,0.9962471127510071,0.00021886559261474758
799.0,1.0279120488121407e-06,0.9999988675117493,1.214470586319294e-07
800.0,4.4756770876119845e-06,0.9999922513961792,3.2536472645006143e-06
801.0,0.00021642127831000835,0.9997783303260803,5.208151833357988e-06
802.0,0.9999775290489197,2.2426525902119465e-05,3.4003253546188716e-08
803.0,6.111575657996582e-06,0.999987781047821,6.148563443275634e-06
804.0,8.416022012625035e-08,0.9999998807907104,3.815603477619334e-08
805.0,7.383242461855843e-08,0.9999998807907104,4.197939773575854e-08
806.0,3.8643069300015043e-10,1.0,6.007182529188526e-10
807.0,0.0035353009589016438,0.9964590072631836,5.672517090715701e-06
808.0,0.060739871114492416,0.9392247200012207,3.534734787535854e-05
809.0,5.740804359666285e-11,0.9964488744735718,0.0035510901361703873
810.0,0.17916527390480042,0.8208270072937012,7.719192581134848e-06
811.0,5.982819857308641e-07,0.9999984502792358,9.607963420421584e-07
812.0,0.828157901763916,0.1715186983346939,0.00032340429606847465
813.0,0.07349883019924164,0.9265008568763733,2.6543904141362873e-07
814.0,5.806681246944834e-10,0.06356895714998245,0.9364310503005981
815.0,0.9842164516448975,0.01575581729412079,2.765634053503163e-05
816.0,1.3148427569831256e-05,0.9999845623970032,2.246016038043308e-06
817.0,4.11623744867029e-07,0.999999463558197,1.2076631605850707e-07
818.0,2.7211193810217083e-05,0.9999727010726929,8.750441793381469e-08
819.0,0.0027800926472991705,0.9972197413444519,1.48163323387962e-07
820.0,1.414077019035176e-06,0.9999980330467224,5.945765906290035e-07
821.0,0.0010078129125759006,0.9989760518074036,1.617338421056047e-05
822.0,0.07421407103538513,0.9257821440696716,3.810809857895947e-06
823.0,1.613954109247473e-11,1.0,2.9973188375720383e-09
824.0,1.7455768102081493e-05,0.9999824166297913,1.6872628805231216e-07
825.0,6.210191215438865e-12,0.9999995231628418,4.492348182338901e-07
826.0,0.279922753572464,0.7200343608856201,4.2843974370043725e-05
827.0,0.9994316101074219,0.0004671595524996519,0.00010122045205207542
828.0,0.0001254806702490896,0.9998691082000732,5.410151970863808e-06
829.0,2.2857402616157686e-14,1.0,2.0322655017168678e-11
830.0,4.0720646798074467e-13,1.0,5.362763011440563e-10
831.0,3.2975019621517276e-06,0.999990701675415,5.969973699393449e-06
832.0,4.589823561218509e-07,0.9999979734420776,1.6074617406047764e-06
833.0,0.9735236763954163,0.02647562511265278,6.924016133780242e-07
834.0,6.634368610036745e-09,0.9999955296516418,4.497003828873858e-06
835.0,2.6352059423473406e-10,0.9999997615814209,2.612234482057829e-07
836.0,0.0023870926816016436,0.9976059794425964,6.941178071429022e-06
837.0,0.9999957084655762,3.7801983125973493e-06,5.933156330684142e-07
838.0,0.9857333898544312,0.014183164574205875,8.342522050952539e-05
839.0,0.009929337538778782,0.9900435209274292,2.7160014724358916e-05
840.0,0.11692643910646439,0.8830366134643555,3.693800317705609e-05
841.0,0.0005085151642560959,0.999488115310669,3.3526596325827995e-06
842.0,3.0439222253875187e-09,0.9996113777160645,0.00038866812246851623
843.0,5.062609034212073e-07,0.9999962449073792,3.2877114790608175e-06
844.0,0.9990869164466858,0.0004964828840456903,0.00041657581459730864
845.0,1.6625344301246514e-07,0.9999986886978149,1.1357939229128533e-06
846.0,0.004602394066751003,0.9953858256340027,1.185827477456769e-05
847.0,0.9625838398933411,0.03740450367331505,1.1605459803831764e-05
848.0,5.5986209446245994e-08,0.9999990463256836,9.00439772522077e-07
849.0,0.0004134535847697407,0.9995834231376648,3.0845581022731494e-06
850.0,2.1277169262590157e-11,1.0,9.539045109363542e-10
851.0,0.9862537384033203,0.013722649775445461,2.3593845980940387e-05
852.0,0.9529714584350586,0.0468054860830307,0.00022309682390186936
853.0,1.0589769772195723e-05,0.9999880790710449,1.30263458686386e-06
854.0,6.94328036843217e-07,0.9999992847442627,8.422608388514163e-09
855.0,0.00423059519380331,0.9957619905471802,7.466936494893162e-06
856.0,0.008898891508579254,0.9909912943840027,0.00010979500075336546
857.0,1.0269190012235363e-11,0.9998599886894226,0.00013996509369462729
858.0,6.187209464769694e-07,0.9999994039535522,1.5655160723326844e-08
859.0,0.9973540902137756,0.002637605182826519,8.326356692123227e-06
860.0,0.9998877048492432,0.00011138378613395616,8.925057954911608e-07
861.0,1.1406854838469371e-07,0.9999997615814209,8.501221770984557e-08
862.0,0.5303358435630798,0.46956774592399597,9.638610936235636e-05
863.0,0.013988181948661804,0.9860101938247681,1.5689546444264124e-06
864.0,0.9880895614624023,0.011893350630998611,1.7008724171319045e-05
865.0,0.00120403035543859,0.9985042214393616,0.00029174156952649355
866.0,0.8451176881790161,0.15404357016086578,0.0008386942208744586
867.0,0.12936286628246307,0.8705406785011292,9.648294508224353e-05
868.0,0.00022551586152985692,0.9997650384902954,9.3834105427959e-06
869.0,0.9999997615814209,2.8038962796017586e-07,1.8930139233930277e-08
870.0,0.9999555945396423,3.9048463804647326e-05,5.38137919647852e-06
871.0,0.9993022084236145,0.0006969722453504801,8.095994417089969e-07
872.0,5.0389166716133596e-14,1.0,9.540560563792155e-10
873.0,0.0027469610795378685,0.9972490072250366,4.0186423575505614e-06
874.0,0.9486173987388611,0.050853267312049866,0.0005293940776027739
875.0,1.3732611705563613e-06,0.9999986290931702,8.340360402314673e-09
876.0,0.002069998998194933,0.9972677826881409,0.0006622340879403055
877.0,9.562053492118139e-06,0.9999866485595703,3.7733823319285875e-06
878.0,0.3011168837547302,0.6986409425735474,0.0002421585377305746
879.0,0.000324436608934775,0.9995180368423462,0.00015752343460917473
880.0,4.899141003988916e-06,0.9999900460243225,5.069099188403925e-06
881.0,2.1112182366778143e-06,0.9999940991401672,3.802368155447766e-06
882.0,2.926759529175982e-11,1.0,1.908401388306391e-12
883.0,0.030537251383066177,0.9687806367874146,0.0006820779526606202
884.0,0.00034036548458971083,0.999648928642273,1.0715498319768813e-05
885.0,0.0001287387713091448,0.9998427629470825,2.8493337595136836e-05
886.0,1.0681355888664257e-06,0.999987006187439,1.1923596503038425e-05
887.0,0.9998915195465088,0.0001027796242851764,5.725629762309836e-06
888.0,1.0,3.590043426146484e-21,3.595534423597317e-16
889.0,5.6287604820681736e-05,0.999943733215332,1.6517235579271983e-08
890.0,0.9937320351600647,0.006267940159887075,1.1346890788077602e-10
891.0,5.4917437784796075e-12,0.9999997019767761,2.822073099650879e-07
892.0,0.9973431825637817,0.0026559249963611364,8.553519137421972e-07
893.0,4.974923285772093e-06,0.9999917149543762,3.3028493362508016e-06
894.0,0.024006223306059837,0.9759232401847839,7.052282307995483e-05
895.0,0.8914044499397278,0.1084064468741417,0.00018903885211329907
896.0,9.367427992401645e-05,0.999897837638855,8.53860274219187e-06
897.0,1.2013966852464364e-06,0.9999980926513672,6.514663937196019e-07
898.0,6.480708747425012e-10,1.0,7.322216444283214e-11
899.0,0.9988994598388672,0.0010950001887977123,5.57519751964719e-06
900.0,0.9998176097869873,0.00018136146536562592,1.0320482033421285e-06
901.0,5.390565638663247e-05,0.9999406933784485,5.381160917750094e-06
902.0,3.698328873724677e-05,0.9999220967292786,4.091512528248131e-05
903.0,0.9817482233047485,0.018216535449028015,3.5205848689656705e-05
904.0,0.999939501285553,3.915015622624196e-05,2.13813782465877e-05
905.0,9.163995287053694e-07,0.9999991059303284,8.00757860019985e-09
906.0,6.136467334272311e-08,0.9999995231628418,4.4282444378040964e-07
907.0,6.390426960933837e-07,0.9999566078186035,4.2734332964755595e-05
908.0,1.0,7.283786238271393e-15,3.743989059751263e-12
909.0,0.9846924543380737,0.015280352905392647,2.720014344959054e-05
910.0,1.8638178289620555e-07,0.9999988079071045,1.0300753956471453e-06
911.0,0.002366832457482815,0.9975830912590027,5.0081835070159286e-05
912.0,0.004812103230506182,0.9951863288879395,1.5626793583578547e-06
913.0,5.981905633234419e-05,0.999939501285553,6.461899033638474e-07
914.0,0.902835488319397,0.09714210778474808,2.2418022126657888e-05
915.0,0.9999998211860657,2.1455248244706127e-08,1.6347159714769077e-07
916.0,0.9999417662620544,5.807180059491657e-05,1.0688908957945387e-07
917.0,1.2058975471518352e-06,0.999998152256012,6.880368346173782e-07
918.0,0.8023173213005066,0.19766594469547272,1.674646591709461e-05
919.0,0.0006788141909055412,0.9993003606796265,2.079869773297105e-05
920.0,0.9991615414619446,0.0008383429376408458,1.0103804015670903e-07
921.0,4.515919638237165e-09,0.9999995827674866,4.2218860585307993e-07
922.0,0.9929116368293762,0.007046580780297518,4.182545671937987e-05
923.0,0.957210123538971,0.04273008555173874,5.989275814499706e-05
924.0,2.5854960767901503e-05,0.9999539256095886,2.0204477550578304e-05
925.0,5.101125481765147e-15,0.9999997019767761,3.2452757636747265e-07
926.0,1.2762936485444243e-08,1.0,1.1218334705631605e-08
927.0,0.03794389218091965,0.9619653224945068,9.079378651222214e-05
928.0,0.9989721775054932,0.001023066695779562,4.801405793841695e-06
929.0,0.0712655708193779,0.928680956363678,5.352544758352451e-05
930.0,1.0,1.229105012212628e-10,2.7518717971020124e-08
931.0,0.9999139904975891,8.547207835363224e-05,5.451888682728168e-07
932.0,7.822987851326355e-18,1.0,8.888971102152116e-14
933.0,2.1890209609409794e-05,0.9999666810035706,1.1454444575065281e-05
934.0,6.424698995033395e-07,0.9999994039535522,1.07321973530361e-09
935.0,0.0008803987293504179,0.00013845303328707814,0.9989811778068542
936.0,0.02602444589138031,0.9739264845848083,4.908804112346843e-05
937.0,3.459327491128761e-09,0.9998132586479187,0.00018672899750526994
938.0,0.9984689354896545,0.0015134492423385382,1.75969471456483e-05
939.0,3.542905037271296e-15,1.0,7.405308033447966e-10
940.0,0.0007010925910435617,0.9992494583129883,4.949772483087145e-05
941.0,3.014919457200449e-05,0.9999677538871765,2.1287114577717148e-06
942.0,0.00014693076082039624,0.9891251921653748,0.01072791125625372
943.0,5.238594003031949e-09,0.9999995827674866,4.1475786360933853e-07
944.0,1.3884260408048021e-09,1.0,1.0684838791519269e-08
945.0,2.740864069039617e-08,0.9999998807907104,8.685082519832577e-08
946.0,0.002198757603764534,0.9972898960113525,0.0005113379447720945
947.0,1.210873688251013e-05,0.9999517202377319,3.620658389991149e-05
948.0,4.7265686475839175e-08,0.9999949336051941,4.978697234037099e-06
949.0,0.9992883205413818,0.0007107668207027018,9.291988476434199e-07
950.0,0.998003363609314,0.001996086910367012,5.660467081725074e-07
951.0,7.464559352576838e-12,0.9999988675117493,1.1348284942869213e-06
952.0,8.788753621047363e-05,0.9999063611030579,5.80826917939703e-06
953.0,8.264788159406677e-11,1.0,7.451973760286279e-11
954.0,0.36397624015808105,0.635973334312439,5.036936636315659e-05
955.0,3.5313423722982407e-06,0.9999942779541016,2.2008741780155106e-06
956.0,0.00025310326600447297,0.9997442960739136,2.5568554065102944e-06
957.0,0.0657428652048111,0.9339327812194824,0.00032437805202789605
958.0,4.894046924164286e-06,0.9999895691871643,5.544182840822032e-06
959.0,0.929944634437561,0.06998652964830399,6.882960587972775e-05
960.0,0.9999918341636658,7.52010191718e-06,6.358744144563389e-07
961.0,0.9912945628166199,0.00865911040455103,4.628254828276113e-05
962.0,9.520985599920095e-07,0.9999989867210388,4.631170469338031e-08
963.0,6.299587403191254e-05,0.9999345541000366,2.427559138595825e-06
964.0,3.459327491128761e-09,0.9998132586479187,0.00018672899750526994
965.0,0.6183277368545532,0.3812307119369507,0.000441540963947773
966.0,9.962591862588965e-10,0.9982476234436035,0.0017523750429973006
967.0,0.9986245632171631,0.0013670927146449685,8.330475793627556e-06
968.0,1.260126367697012e-07,0.9999988079071045,1.08672986698366e-06
969.0,1.2364256690489128e-05,0.9999876022338867,1.7784065775572344e-08
970.0,0.003957325592637062,0.9960424900054932,1.9807276885330793e-07
971.0,7.039397587504936e-06,0.9999832510948181,9.680473340267781e-06
972.0,0.00014773591828998178,0.9954448938369751,0.00440734438598156
973.0,0.000825569499284029,0.9991154670715332,5.895382855669595e-05
974.0,9.908239562150811e-09,0.9999997615814209,2.515517962820013e-07
975.0,0.000973972724750638,0.9990240931510925,1.956992718987749e-06
976.0,7.7793899322387e-08,0.9999980926513672,1.8215280306321802e-06
977.0,1.797363299860244e-11,1.0,1.9179766663768305e-09
978.0,0.9995007514953613,0.0004986601998098195,6.183707910167868e-07
979.0,6.203479279065505e-05,0.9999256730079651,1.2321680515015032e-05
980.0,0.9558333158493042,0.04415946826338768,7.140544767025858e-06
981.0,0.9999995827674866,3.6114067825110396e-07,9.127080602411297e-08
982.0,2.928824960335419e-10,0.9999437928199768,5.626730126095936e-05
983.0,0.6176131367683411,0.3823293447494507,5.752129072789103e-05
984.0,0.046953968703746796,0.9529774188995361,6.858936831122264e-05
985.0,0.9931244254112244,0.0068753790110349655,1.2114276159991277e-07
986.0,0.01586717925965786,0.9835931658744812,0.0005396640044637024
987.0,1.5543128029094078e-05,0.9999813437461853,3.104496727246442e-06
988.0,0.7418617606163025,0.25805020332336426,8.798421185929328e-05
989.0,0.38317960500717163,0.6168093085289001,1.1037753210985102e-05
990.0,2.7546691853785887e-05,0.9999551773071289,1.7286722140852362e-05
991.0,6.167728770378744e-06,0.9999611377716064,3.268915315857157e-05
992.0,0.0005648318910971284,0.9993762969970703,5.883518315386027e-05
993.0,1.2064706178538387e-10,0.9999988079071045,1.2030742482238566e-06
994.0,0.0003639917995315045,0.9995889067649841,4.707481275545433e-05
995.0,5.696884199392327e-17,1.0,4.5343007235194854e-13
996.0,0.004905789624899626,0.9950487017631531,4.546618220047094e-05
997.0,6.170274957639776e-08,0.9999615550041199,3.841115903924219e-05
998.0,0.9954043030738831,0.004591742530465126,3.951819053327199e-06
999.0,1.4646212775915046e-06,0.9999935030937195,5.030133706895867e-06
1000.0,4.7271892346725797e-14,0.9999097585678101,9.027581108966842e-05
1001.0,0.9796237945556641,0.02036386914551258,1.230358611792326e-05
1002.0,5.303181893623332e-08,0.9999997019767761,2.6044733658636687e-07
1003.0,1.9480143009786843e-07,0.9999996423721313,1.405921636887797e-07
1004.0,0.0012425994500517845,0.9987392425537109,1.8123948393622413e-05
1005.0,0.00019946471729781479,0.9997963309288025,4.246029220666969e-06
1006.0,1.56440606247088e-07,0.9999974966049194,2.307171598658897e-06
1007.0,0.9973429441452026,0.002603427739813924,5.3586023568641394e-05
1008.0,0.9713789820671082,0.02860882692039013,1.2162151506345253e-05
1009.0,0.9825690984725952,0.017430730164051056,1.0422235874329999e-07
1010.0,8.9062203792456e-12,1.0,6.375715067008514e-09
1011.0,1.4349701871196885e-08,0.024466540664434433,0.9755334258079529
1012.0,0.004661748185753822,0.9953320026397705,6.1957407524459995e-06
1013.0,2.509364094294142e-07,0.9999905824661255,9.173448233923409e-06
1014.0,0.08506673574447632,0.9148293733596802,0.0001039247217704542
1015.0,0.027722423896193504,0.9721949100494385,8.261790208052844e-05
1016.0,0.04562428593635559,0.9542557597160339,0.00011998255649814382
1017.0,1.98482403845901e-08,0.9999986886978149,1.2822343933294178e-06
1018.0,1.9727596736629494e-05,0.9985812902450562,0.0013989399885758758
1019.0,0.0011456855572760105,0.9988197088241577,3.454876787145622e-05
1020.0,0.9226325750350952,0.0773620456457138,5.427759788290132e-06
1021.0,1.336091015602392e-09,1.0,4.750941862141644e-09
1022.0,4.692027211206096e-09,1.0,9.104015874505933e-10
1023.0,1.02412841442856e-05,0.9999875426292419,2.16779631045938e-06
1024.0,4.2050403862958774e-05,0.9999570846557617,8.884902626959956e-07
1025.0,0.003952501341700554,0.9957942366600037,0.00025328435003757477
1026.0,0.012547639198601246,0.9872836470603943,0.00016876825247891247
1027.0,0.00039937649853527546,0.9995965361595154,4.157793682679767e-06
1028.0,7.171399829530856e-07,0.9999990463256836,2.4121368369378615e-07
1029.0,0.02764642797410488,0.9723437428474426,9.87826661003055e-06
1030.0,9.117903654320969e-11,1.0,4.401798925357525e-09
1031.0,7.122907118173316e-05,0.9999253153800964,3.4383629099465907e-06
1032.0,0.959631621837616,0.04031345248222351,5.480676918523386e-05
1033.0,0.9999973177909851,2.695458533708006e-06,2.019553135834684e-10
1034.0,1.6959764934654231e-06,0.9999893307685852,8.965279448602814e-06
1035.0,0.00011354106391081586,0.9998799562454224,6.44962483420386e-06
1036.0,4.1158918406836165e-07,0.9999905824661255,8.988808986032382e-06
1037.0,2.2762764274375513e-05,0.999977171421051,9.223468566688098e-08
1038.0,0.006234515458345413,0.9937319159507751,3.352938074385747e-05
1039.0,0.02134590782225132,0.9785407781600952,0.00011335487215546891
1040.0,0.002781311748549342,0.9972183108329773,3.9428425679943757e-07
1041.0,0.0008421165402978659,0.9991537928581238,4.088463356310967e-06
1042.0,4.190120606040182e-08,0.9999995231628418,4.315056685300078e-07
1043.0,0.9999842643737793,1.2876592153654443e-12,1.5690267900936306e-05
1044.0,0.04671468958258629,0.9532814025878906,3.944927811971866e-06
1045.0,0.9884441494941711,0.011457408778369427,9.845296881394461e-05
1046.0,1.837241967450609e-07,0.9999998211860657,9.247414389790265e-09
1047.0,0.001006654230877757,0.9989907145500183,2.6308364340366097e-06
1048.0,1.784137566573918e-05,0.9999715089797974,1.0620013199513778e-05
1049.0,0.0007244676235131919,0.9992748498916626,7.009896307863528e-07
1050.0,4.794905521521287e-07,0.999803900718689,0.00019557606719899923
1051.0,3.81943010552277e-07,0.9999995827674866,4.2542509959275776e-08
1052.0,4.7636156352837133e-08,0.9999980926513672,1.819007934500405e-06
1053.0,1.7606851088203257e-07,0.9999858140945435,1.4023741641722154e-05
1054.0,7.638017109017879e-20,0.0024592061527073383,0.9975408315658569
1055.0,0.08339928090572357,0.9165996313095093,1.135927618634014e-06
1056.0,2.071805909054092e-07,0.999999463558197,3.16096190999815e-07
1057.0,1.1117633480495215e-09,1.0,4.356159183371844e-11
1058.0,1.5731124736184654e-10,0.9960184097290039,0.0039816079661250114
1059.0,0.000525405746884644,0.9994725584983826,1.9831718418572564e-06
1060.0,0.9553846120834351,0.044605087488889694,1.0300173016730696e-05
1061.0,2.8820286388508976e-05,0.999964714050293,6.459463747887639e-06
1062.0,0.9994978904724121,0.00033898602123372257,0.0001631683699088171
1063.0,3.3636365914802013e-10,1.0,1.4923891011875412e-09
1064.0,0.9682869911193848,0.03169190138578415,2.111453613906633e-05
1065.0,4.738833922601771e-06,0.9997118711471558,0.0002833743637893349
1066.0,0.002092190319672227,0.9978886246681213,1.9179755327058956e-05
1067.0,0.9999990463256836,9.477163871451921e-07,1.3013569111208767e-09
1068.0,1.474340297136223e-05,0.9995165467262268,0.0004687403270509094
1069.0,0.9700233936309814,0.029974335804581642,2.2475014702649787e-06
1070.0,0.9999996423721313,3.042353284854471e-07,8.482202673576467e-08
1071.0,0.0009062603348866105,0.9990912079811096,2.555693299655104e-06
1072.0,0.9321398735046387,0.06779724359512329,6.280231173150241e-05
1073.0,1.0,3.7815708897603884e-10,1.2934982862589095e-08
1074.0,0.01693868264555931,0.9830517768859863,9.518068509350996e-06
1075.0,0.359921395778656,0.6396154165267944,0.00046315600047819316
1076.0,0.9999715089797974,1.929939753608778e-05,9.181747373077087e-06
1077.0,1.0,2.73755965563398e-26,2.2527231816060755e-11
1078.0,0.00015644262020941824,0.9995788931846619,0.0002646923821885139
1079.0,1.8575387755737083e-11,0.9999998807907104,1.355090830656991e-07
1080.0,0.9995961785316467,0.00039881118573248386,5.003737442166312e-06
1081.0,0.9940716028213501,0.005912509746849537,1.5927849744912237e-05
1082.0,0.9999997615814209,2.432794303786068e-07,2.2677438052398635e-11
1083.0,7.875124163891911e-13,0.9944877624511719,0.005512252915650606
1084.0,1.9081859647940291e-07,0.9999982118606567,1.5944804090395337e-06
1085.0,2.8994640889623557e-12,0.9998102784156799,0.00018974112754222006
1086.0,1.1545103006938007e-07,0.9999995827674866,3.0763393965571595e-07
1087.0,1.0922220639031366e-07,0.9982010126113892,0.001798914629034698
1088.0,3.595243833842687e-05,0.9999616146087646,2.4782884793239646e-06
1089.0,6.395319170071634e-12,1.0,1.5146743581606614e-10
1090.0,1.0,4.1624279023544375e-10,2.4395438558144633e-08
1091.0,2.1139854652574286e-05,0.9999783039093018,6.254313689169066e-07
1092.0,0.0015071533853188157,0.9984544515609741,3.83591977879405e-05
1093.0,1.1012254476361338e-12,1.0,5.349231613216432e-10
1094.0,6.535842112498358e-05,0.9999258518218994,8.810289727989584e-06
1095.0,0.00018492656818125397,0.9998143911361694,6.704506176902214e-07
1096.0,1.1407267948015942e-06,0.9999985694885254,3.1135465405895957e-07
1097.0,2.9789577471461826e-09,1.0,5.889741583331443e-09
1098.0,2.0058872962636087e-07,0.9999997615814209,5.432809402350358e-08
1099.0,3.388003317528314e-19,1.0,3.573965845493632e-10
1100.0,1.3890034677999097e-09,0.9999999403953552,6.68945361326223e-08
1101.0,2.1025368823757162e-06,0.8070549964904785,0.19294291734695435
1102.0,1.2011774225013233e-13,1.0,1.7536256938211446e-14
1103.0,2.855419154457195e-07,0.9999990463256836,7.069068601595063e-07
1104.0,0.004071504808962345,0.9958813786506653,4.711682413471863e-05
1105.0,4.13892230426427e-05,0.9999551773071289,3.379691406735219e-06
1106.0,0.015289069153368473,0.9847108125686646,9.585868809836029e-08
1107.0,0.9943199157714844,0.005563891958445311,0.00011619896395131946
1108.0,0.09527666866779327,0.9046050310134888,0.00011828967399196699
1109.0,0.007354591973125935,0.9926424026489258,3.042752268811455e-06
1110.0,4.8612665004554856e-09,0.9999964237213135,3.5605287393991603e-06
1111.0,0.009951203130185604,0.9900155067443848,3.3260708732996136e-05
1112.0,0.9395947456359863,0.06022779643535614,0.00017745362129062414
1113.0,1.4086815047775758e-10,0.9999980926513672,1.8846288867280236e-06
1114.0,6.919616862433031e-05,0.9999250173568726,5.814639735035598e-06
1115.0,3.820437370904983e-07,0.9999990463256836,5.339144877325452e-07
1116.0,0.6645182967185974,0.3354647755622864,1.6925177988014184e-05
1117.0,0.0057496498338878155,0.994242787361145,7.570203706563916e-06
1118.0,0.1876385658979416,0.8117568492889404,0.0006046445923857391
1119.0,1.1105481118045546e-10,0.999999463558197,5.50935510545969e-07
1120.0,1.9971148346176193e-10,1.0,1.4733710251846333e-08
1121.0,0.6438813805580139,0.3560975193977356,2.1068677597213537e-05
1122.0,0.09735845774412155,0.9025429487228394,9.853310621110722e-05
1123.0,7.823924534022808e-06,0.9999557137489319,3.643251693574712e-05
1124.0,4.0979602999868803e-07,0.9999949932098389,4.59280590803246e-06
1125.0,0.001445836154744029,0.9985432624816895,1.0912203833868261e-05
1126.0,9.207960088852829e-11,0.9911444783210754,0.008855507709085941
1127.0,1.221427169184608e-06,0.999992847442627,5.933511602052022e-06
1128.0,0.999968945980072,2.2377536879503168e-05,8.691067705512978e-06
1129.0,8.47044211695902e-05,0.9998711943626404,4.408738459460437e-05
1130.0,0.0003709898446686566,0.9996275901794434,1.419770228494599e-06
1131.0,0.18636707961559296,0.8135384321212769,9.449155913898721e-05
1132.0,1.395954025150989e-15,1.0,1.5793497620819608e-09
1133.0,0.9860692024230957,0.01392610464245081,4.725477083411533e-06
1134.0,1.6867601759784634e-09,1.0,3.030634632139595e-09
1135.0,1.9118553851171782e-08,0.9999974966049194,2.5099882350332337e-06
1136.0,1.8904924114603993e-15,1.0,3.33524341478153e-09
1137.0,0.00038043371750973165,0.9996170997619629,2.4867031243047677e-06
1138.0,7.944020441463806e-12,1.0,1.917376923898928e-09
1139.0,4.737484005090664e-08,0.9998507499694824,0.00014919652312528342
1140.0,0.007684934418648481,0.9922593832015991,5.567581320065074e-05
1141.0,2.2261130538936413e-07,0.9999988079071045,9.756547569850227e-07
1142.0,1.941291365940151e-13,0.9999794363975525,2.0548790416796692e-05
1143.0,0.08617928624153137,0.9137446284294128,7.606389408465475e-05
1144.0,4.33033937952132e-06,0.9999948143959045,8.590631068727816e-07
1145.0,2.3925918867462315e-05,0.999972403049469,3.671579179354012e-06
1146.0,0.0016358845168724656,0.9983503818511963,1.3737192603002768e-05
1147.0,4.509228688220901e-07,0.9999995231628418,5.976577455157894e-08
1148.0,7.359290776776106e-08,0.9990800619125366,0.0009198522311635315
1149.0,6.085848346216403e-17,1.0,1.070808330894124e-09
1150.0,2.0829535318789283e-10,1.0,2.1171600583791417e-10
1151.0,0.9773350954055786,0.022538861259818077,0.0001259696582565084
1152.0,0.007675888482481241,0.9922695755958557,5.457576844491996e-05
1153.0,0.0006529078236781061,0.9993403553962708,6.758900326531148e-06
1154.0,2.1668803640295664e-07,0.9999973773956299,2.40902477344207e-06
1155.0,5.613790199276991e-05,0.9999359846115112,7.89891419117339e-06
1156.0,8.895844416656473e-08,0.9999992847442627,6.162517252050748e-07
1157.0,0.003143483540043235,0.9968565106391907,3.1826614677044063e-09
1158.0,0.00011267447553109378,0.9998863339424133,9.813036285777343e-07
1159.0,0.9997715353965759,0.00021701969671994448,1.1444677511462942e-05
1160.0,0.999991238117218,9.53503018763513e-08,8.623244866612367e-06
1161.0,0.09569515287876129,0.9041918516159058,0.0001129872543970123
1162.0,0.02448253706097603,0.9755174517631531,5.152532622787476e-08
1163.0,0.0014337894972413778,0.9985404014587402,2.5785404432099313e-05
1164.0,0.002507955301553011,0.997441828250885,5.0222824938828126e-05
1165.0,0.9998488426208496,6.657974154222757e-05,8.45204122015275e-05
1166.0,0.9999998807907104,1.5710709533323097e-07,5.090161070420152e-10
1167.0,8.166725962155397e-09,0.9999973177909851,2.704759936023038e-06
1168.0,5.4491116480148705e-11,1.0,5.9718794354068905e-09
1169.0,0.0011276045115664601,0.9988721013069153,2.8480590685830975e-07
1170.0,5.640776635118527e-06,0.999972403049469,2.1998659576638602e-05
1171.0,0.002556311432272196,0.9951229095458984,0.0023207897320389748
1172.0,4.481051263383051e-08,0.9999999403953552,2.884669392244632e-09
1173.0,0.8939890265464783,0.10594022274017334,7.070615538395941e-05
1174.0,0.9970044493675232,0.002978699980303645,1.680030436546076e-05
1175.0,0.0022769179195165634,0.9977197647094727,3.3136298043245915e-06
1176.0,5.550341938942438e-06,0.9999944567680359,2.6448576662119194e-08
1177.0,0.980451226234436,0.019431274384260178,0.00011752996215363964
1178.0,0.9996265769004822,0.0003664903633762151,7.039675892883679e-06
1179.0,9.115109925530995e-13,0.9999999403953552,3.852095886713869e-08
1180.0,0.025040611624717712,0.9747190475463867,0.00024030318309087306
1181.0,0.052745521068573,0.9470239877700806,0.00023048637376632541
1182.0,2.7614742090231736e-11,1.0,3.2244798497949034e-10
1183.0,0.00030275850440375507,0.9996930956840515,4.123764938412933e-06
1184.0,3.2581046980340034e-06,0.9999654293060303,3.1310155463870615e-05
1185.0,0.0008240848546847701,0.9991225004196167,5.3448660764843225e-05
1186.0,5.988105840515345e-05,0.9999006390571594,3.9493159420089796e-05
1187.0,0.9863077998161316,0.013647143729031086,4.4996548240305856e-05
1188.0,0.922747790813446,0.0771893709897995,6.294003833318129e-05
1189.0,3.7489186865968804e-07,0.9999977946281433,1.7966134464586503e-06
1190.0,1.2004253631232799e-15,1.0,1.2053392138555719e-12
1191.0,0.00038547036820091307,0.9996145367622375,4.152146182434535e-09
1192.0,6.65209199723904e-06,0.999978244304657,1.5123570847208612e-05
1193.0,0.016745293512940407,0.9832485318183899,6.138529897725675e-06
1194.0,3.906415102505889e-08,0.9999995231628418,4.634146364423941e-07
1195.0,0.9909660816192627,0.009031914174556732,1.9769133814406814e-06
1196.0,4.0098086628859164e-07,0.9999964237213135,3.205279881512979e-06
1197.0,0.9998642802238464,6.5102860389743e-05,7.067883416311815e-05
1198.0,0.8991307616233826,0.10086236149072647,6.913464858371299e-06
1199.0,0.9726997017860413,0.027133269235491753,0.00016704050358384848
1200.0,0.98805832862854,0.01193810161203146,3.5295995530759683e-06
1201.0,0.01099875196814537,0.9889814257621765,1.9826655261567794e-05
1202.0,0.0005463778506964445,0.9994339942932129,1.962745409400668e-05
1203.0,1.412826211577567e-08,0.9999990463256836,9.327105203738029e-07
1204.0,7.315021832710045e-08,0.9999997019767761,2.319429341923751e-07
1205.0,0.0007176538929343224,0.9992697238922119,1.2610180419869721e-05
1206.0,0.9999999403953552,6.414885689309813e-08,2.5709031348242206e-08
1207.0,5.439298547571525e-05,0.9999119639396667,3.3666801755316556e-05
1208.0,1.7268725338581703e-09,0.9999690055847168,3.09724455291871e-05
1209.0,0.006641088519245386,0.9933585524559021,3.1702708724878903e-07
1210.0,0.0074333311058580875,0.9921056628227234,0.0004610131436493248
1211.0,2.4245042189059484e-18,1.0,2.8701305776479558e-09
1212.0,1.7683701934158994e-27,1.0,3.4345145888118877e-22
1213.0,0.00014182640006765723,0.9997907876968384,6.740378739777952e-05
1214.0,2.80537981733886e-10,1.0,3.8857050910223734e-10
1215.0,0.9999978542327881,2.1380737962317653e-06,2.643295182735983e-08
1216.0,1.0917470945059904e-06,0.9999943971633911,4.512339273787802e-06
1217.0,0.95551997423172,0.04447595775127411,4.073380296176765e-06
1218.0,0.050438035279512405,0.9494918584823608,7.013758295215666e-05
1219.0,2.5842496143013705e-06,0.9999936819076538,3.764602752198698e-06
1220.0,0.9872928857803345,0.012706683948636055,4.394568975385482e-07
1221.0,4.607163983649798e-09,0.9999898076057434,1.0185766768699978e-05
1222.0,0.00012540453462861478,0.9998637437820435,1.081277059711283e-05
1223.0,0.9921154975891113,0.007860301993787289,2.4236253011622466e-05
1224.0,2.6380996587249683e-06,0.9999973177909851,7.193453654963378e-08
1225.0,0.9273254871368408,0.07259227335453033,8.228659862652421e-05
1226.0,1.5478536852242541e-07,0.9999997615814209,1.0444098563766602e-07
1227.0,0.00027019259869121015,0.999729573726654,2.1988428500208101e-07
1228.0,8.954270214189819e-08,0.9999998807907104,7.023754466928267e-09
1229.0,0.08462448418140411,0.9152877926826477,8.768563566263765e-05
1230.0,2.2382949660393336e-11,1.0,5.1551070079369765e-09
1231.0,6.473534449469298e-05,0.9999319911003113,3.2773768907645717e-06
1232.0,0.0003989399701822549,0.9995965957641602,4.436587460077135e-06
1233.0,1.0,2.7143486991631294e-32,5.2724391692848815e-12
1234.0,0.003370796563103795,0.9965955018997192,3.371790444361977e-05
1235.0,6.533729219881934e-07,0.9997798204421997,0.0002195038105128333
1236.0,1.0906588132630901e-11,0.9999938011169434,6.230633516679518e-06
1237.0,2.7907988420228236e-11,1.0,1.8231481879737998e-09
1238.0,1.3969492229648495e-10,1.0,2.0911188336469877e-09
1239.0,2.150375166820595e-06,0.9999897480010986,8.118203368212562e-06
1240.0,1.8247243993574358e-11,0.9999998211860657,1.9451120181201986e-07
1241.0,0.9668440818786621,0.03315260633826256,3.391534846741706e-06
1242.0,0.09568332135677338,0.9042247533798218,9.19295780477114e-05
1243.0,8.173971222102949e-11,1.0,7.963434772717548e-11
1244.0,4.721328878076747e-05,0.9999513030052185,1.4810912034590729e-06
1245.0,1.015087150335603e-06,0.9999973773956299,1.5741594552309834e-06
1246.0,0.00022414399427361786,0.9997712969779968,4.557428837870248e-06
1247.0,1.0,1.0641760361806973e-08,7.2048065291596686e-09
1248.0,0.006915064994245768,0.9930521845817566,3.2789244869491085e-05
1249.0,1.409040972788489e-08,0.9999998211860657,1.5267050912370905e-07
1250.0,0.005562424659729004,0.994413435459137,2.4077449779724702e-05
1251.0,1.7259453559070556e-15,1.0,1.0639344516505389e-08
1252.0,0.9993768930435181,0.0006207175320014358,2.446210828566109e-06
1253.0,0.0025660411920398474,0.9974052309989929,2.873302400985267e-05
1254.0,0.011933945119380951,0.9880543351173401,1.1699130482156761e-05
1255.0,0.0004786802164744586,0.9995075464248657,1.3742323972110171e-05
1256.0,0.006299703381955624,0.9936882853507996,1.2027042430418078e-05
1257.0,0.9894033670425415,0.010560452938079834,3.615314926719293e-05
1258.0,5.419751687441021e-05,0.9999393224716187,6.484204732259968e-06
1259.0,2.754203478616546e-06,0.9999972581863403,6.570187505161584e-09
1260.0,1.1791885299317073e-06,0.9999979734420776,8.915833973333065e-07
1261.0,1.2273455467948224e-05,0.9999791383743286,8.596428415330593e-06
1262.0,4.9131453124573454e-05,0.9999426007270813,8.269419595308136e-06
1263.0,0.21296511590480804,0.7869319319725037,0.0001029189515975304
1264.0,0.00211278791539371,0.9978168606758118,7.029382686596364e-05
1265.0,3.0694023711586027e-12,1.0,8.569098319810564e-09
1266.0,0.03518258407711983,0.9647434949874878,7.387690857285634e-05
1267.0,2.8192342682586968e-08,0.9999993443489075,6.047938541087206e-07
1268.0,0.9325693249702454,0.06734298914670944,8.769280248088762e-05
1269.0,0.999962329864502,3.35561198880896e-05,4.049952167406445e-06
1270.0,2.051574057304606e-07,0.9999929070472717,6.861222118459409e-06
1271.0,8.552596022885772e-14,1.0,5.44602037078068e-11
1272.0,0.9893643260002136,0.010634953156113625,8.087709488791006e-07
1273.0,6.908777994141246e-09,1.0,2.2375560959631002e-08
1274.0,0.006742371711879969,0.9931671619415283,9.049907384905964e-05
1275.0,0.9999679923057556,2.970012246805709e-05,2.327074525965145e-06
1276.0,0.9839041829109192,0.016050681471824646,4.506989716901444e-05
1277.0,1.0,1.8537265472629016e-11,9.267767109299996e-11
1278.0,5.722189962398261e-05,0.9999416470527649,1.1481681667646626e-06
1279.0,7.171860261223628e-08,0.9999998211860657,1.4483023846878496e-07
1280.0,3.489268783596344e-05,0.9999620914459229,3.014501317011309e-06
1281.0,2.279169572934033e-15,1.0,1.1477707673179793e-08
1282.0,0.9959047436714172,0.004056441597640514,3.881086013279855e-05
1283.0,7.14441848685965e-05,0.9999237060546875,4.8489364417036995e-06
1284.0,4.397031261760276e-06,2.849515068348296e-10,0.9999955892562866
1285.0,5.0593715883451296e-08,0.9999997615814209,2.1473726974363672e-07
1286.0,1.6451587725896388e-05,0.9999535083770752,2.9987329980940558e-05
1287.0,1.2591781342052855e-05,0.9999831318855286,4.281193469068967e-06
1288.0,0.9613526463508606,0.03860295191407204,4.4375614379532635e-05
1289.0,0.999866783618927,0.00013223513087723404,9.698295571070048e-07
1290.0,1.4670212294731755e-05,0.9999716877937317,1.3644842510984745e-05
1291.0,4.86195332882744e-08,0.9999998211860657,1.3730144132750866e-07
1292.0,3.997062927765371e-15,0.9999087452888489,9.127703378908336e-05
1293.0,1.046664806381159e-06,0.9999978542327881,1.0791195563797373e-06
1294.0,1.2969961971975863e-05,0.999977707862854,9.295626114180777e-06
1295.0,0.9985809326171875,0.001417334540747106,1.7219958863279317e-06
1296.0,0.0011944762663915753,0.9988017082214355,3.804197376666707e-06
1297.0,0.003336626570671797,0.996654748916626,8.618882020527963e-06
1298.0,0.007876960560679436,0.9920951724052429,2.790155485854484e-05
1299.0,9.048983338288963e-05,0.9999079704284668,1.502434770372929e-06
1300.0,0.001856717630289495,0.9975017309188843,0.0006415831157937646
1301.0,1.1418355825298931e-06,0.9999938011169434,5.0115845624532085e-06
1302.0,1.277334649785189e-05,0.99995356798172,3.364662188687362e-05
1303.0,7.705320967943408e-06,0.9999914765357971,8.022335578061757e-07
1304.0,0.008116158656775951,0.9918131232261658,7.07459039404057e-05
1305.0,8.957302610553792e-17,0.9999972581863403,2.7697187761077657e-06
1306.0,0.9701459407806396,0.029744578525424004,0.00010941542132059112
1307.0,4.490195806283737e-06,0.9999951124191284,3.647240873760893e-07
1308.0,0.9998605251312256,0.00010726213804446161,3.218140045646578e-05
1309.0,2.83166511072519e-11,0.9999998807907104,1.095137136530866e-07
1310.0,0.016290128231048584,0.9833164811134338,0.00039344842662103474
1311.0,3.444419229003959e-13,0.9994185566902161,0.0005814077449031174
1312.0,1.0,2.5775459891463903e-11,2.0226757768693204e-11
1313.0,3.595810768096359e-16,1.0,5.962599303188654e-09
1314.0,0.998934268951416,0.0010643514106050134,1.363342562399339e-06
1315.0,0.011037168093025684,0.9889117479324341,5.105600575916469e-05
1316.0,0.0004911027499474585,0.9995017647743225,7.143538368836744e-06
1317.0,0.9999642968177795,3.1542032957077026e-05,4.188188086118316e-06
1318.0,0.9881389141082764,0.011807957664132118,5.3121086239116266e-05
1319.0,0.966092050075531,0.033857736736536026,5.0172115152236074e-05
1320.0,6.153654517372653e-13,0.9999796152114868,2.034438875853084e-05
1321.0,3.2289773344018613e-07,0.9940603971481323,0.005939265713095665
1322.0,0.000331362709403038,0.999641478061676,2.717770985327661e-05
1323.0,7.989722772272501e-10,1.0,1.2055524634124737e-10
1324.0,0.002594691701233387,0.9973477721214294,5.7576871768105775e-05
1325.0,0.0008509354083798826,0.9990839958190918,6.505515921162441e-05
1326.0,0.0011886521242558956,0.9988084435462952,2.9189013730501756e-06
1327.0,3.839421424345346e-06,0.9999953508377075,8.040909733608714e-07
1328.0,6.525274511659518e-05,0.9999336004257202,1.0973275266223936e-06
1329.0,4.696978361806714e-09,1.0,5.104194400473716e-09
1330.0,0.9907979369163513,0.009160979650914669,4.1110277379630134e-05
1331.0,3.7197819824363876e-10,0.9999995231628418,4.667178359341051e-07
1332.0,0.9881176352500916,0.011742406524717808,0.00013999189832247794
1333.0,1.5192176973980605e-18,1.0,2.9182019214285537e-12
1334.0,1.9421640899963677e-05,0.9999805092811584,4.9712273408886176e-08
1335.0,0.018928727135062218,0.9810675978660583,3.655846285255393e-06
1336.0,0.0003838662232737988,0.9996058344841003,1.0232415661448613e-05
1337.0,0.012872627936303616,0.987125039100647,2.352186584175797e-06
1338.0,0.9934678077697754,0.006512014660984278,2.0144605514360592e-05
1339.0,2.267477317019484e-10,0.9999732971191406,2.675540599739179e-05
1340.0,9.452639915252803e-08,0.9999988079071045,1.0664261935744435e-06
1341.0,0.0022075313609093428,0.9977908730506897,1.5735561191831948e-06
1342.0,2.1971791053232437e-09,0.999631404876709,0.00036862827255390584
1343.0,0.008514201268553734,0.9803926348686218,0.011093158274888992
1344.0,2.5132359951385297e-05,0.9999738335609436,1.0648840316207497e-06
1345.0,7.257301331264898e-05,0.9999126195907593,1.4810449101787526e-05
1346.0,0.9264898896217346,0.07294522225856781,0.0005649171653203666
1347.0,2.876071469870567e-08,1.0,2.8411917263326814e-09
1348.0,0.00011387732956791297,0.9998788833618164,7.232602456497261e-06
1349.0,2.2695867301081307e-05,0.9999746680259705,2.65080211647728e-06
1350.0,0.0010619547683745623,0.9989379644393921,4.09050855409987e-08
1351.0,9.81449383569144e-12,0.9999985694885254,1.481584490647947e-06
1352.0,0.005268665496259928,0.9947283864021301,2.9681020805583103e-06
1353.0,8.751791938266251e-06,0.9809896349906921,0.019001619890332222
1354.0,0.0001048457997967489,0.9998932480812073,1.953293121914612e-06
1355.0,3.718197277846613e-11,1.0,5.978351591551245e-09
1356.0,5.900645646761404e-06,0.9999924302101135,1.7084012142731808e-06
1357.0,0.001456968137063086,0.998542308807373,7.6411674854171e-07
1358.0,0.9986535906791687,0.0013425694778561592,3.847968400805257e-06
1359.0,1.0292473717754547e-07,0.9999999403953552,1.0275208239818312e-08
1360.0,5.105325584509046e-08,0.9999986886978149,1.2390872825562838e-06
1361.0,0.002201781840994954,0.997746467590332,5.174182297196239e-05
1362.0,3.915514298569178e-06,0.999971330165863,2.4710043362574652e-05
1363.0,0.005857725627720356,0.9940758943557739,6.634247256442904e-05
1364.0,1.155981799172423e-08,0.9999990463256836,9.59690623858478e-07
1365.0,1.0158542756988354e-10,0.9999988675117493,1.1252216154389316e-06
1366.0,0.8555037975311279,0.14393669366836548,0.0005594993708655238
1367.0,4.73339059681166e-06,0.9999618530273438,3.3373791666235775e-05
1368.0,6.189335545059294e-05,0.999920666217804,1.7443688193452545e-05
1369.0,0.000252602796535939,0.9957804083824158,0.0039669363759458065
1370.0,6.443295569624752e-05,0.9998412728309631,9.427269833395258e-05
1371.0,0.0009783690329641104,0.9990212917327881,3.0912372039892944e-07
1372.0,0.0006329573807306588,0.9992300868034363,0.0001369340461678803
1373.0,0.7971711754798889,0.20273683965206146,9.198248881148174e-05
1374.0,0.9775606393814087,0.0223825816065073,5.678230809280649e-05
1375.0,0.02698100358247757,0.9728122353553772,0.00020672890241257846
1376.0,8.309336330114547e-09,1.0,8.440398602260757e-09
1377.0,9.087907670846107e-08,0.999995231628418,4.674006049754098e-06
1378.0,3.007417743099383e-16,0.9999796152114868,2.0399085769895464e-05
1379.0,0.3195412755012512,0.6799704432487488,0.0004882911453023553
1380.0,3.4302196638691385e-08,0.9811009168624878,0.018898967653512955
1381.0,0.999999463558197,4.846834258387389e-07,5.685399720456452e-11
1382.0,0.026918310672044754,0.9730725884437561,9.125378710450605e-06
1383.0,8.67866756237845e-09,0.9999500513076782,4.9902559112524614e-05
1384.0,0.9617694616317749,0.03816699609160423,6.349702016450465e-05
1385.0,3.865940012559577e-09,0.9996076226234436,0.0003923139302060008
1386.0,0.005580292083323002,0.9943503141403198,6.935946294106543e-05
1387.0,1.933828097655521e-10,0.9999992847442627,7.338040290960635e-07
1388.0,0.011193384416401386,0.9887628555297852,4.373986303107813e-05
1389.0,1.3562105557244819e-24,1.0,2.057828386858862e-11
1390.0,0.14829738438129425,0.8517017960548401,8.275043796857062e-07
1391.0,8.756706471046982e-09,0.9999072551727295,9.269414294976741e-05
1392.0,0.016446761786937714,0.9835518002510071,1.4053291579330107e-06
1393.0,0.9796586036682129,0.0202945563942194,4.683422594098374e-05
1394.0,0.9999997615814209,2.436042905173963e-07,2.2825039636131805e-08
1395.0,0.0042937323451042175,0.9956657886505127,4.051444921060465e-05
1396.0,1.3096128895995207e-05,0.9999681711196899,1.8730745068751276e-05
1397.0,1.6024778233258985e-05,0.9999793767929077,4.628521764971083e-06
1398.0,3.4005759319555295e-10,0.9977092146873474,0.002290769712999463
1399.0,7.742878693761668e-08,0.9999979734420776,1.9279618754808325e-06
1400.0,1.0,3.436065043604941e-10,1.5083373786084486e-11
1401.0,9.030306813428979e-08,0.9999997019767761,2.46584363594593e-07
1402.0,0.002158432500436902,0.9977951645851135,4.6374967496376485e-05
1403.0,2.9011028246372916e-08,0.9999997019767761,2.813820572100667e-07
1404.0,2.0035077596958217e-08,0.9999990463256836,9.261693776352331e-07
1405.0,0.04567952826619148,0.9542063474655151,0.00011412389721954241
1406.0,3.996330997324549e-05,0.999959409236908,5.812055974274699e-07
1407.0,3.5750764570963156e-09,1.0,1.0189628030232711e-09
1408.0,1.3832820222603459e-08,0.9999998807907104,1.3070828686068126e-07
1409.0,5.826084361615358e-07,0.9999985098838806,8.888019920050283e-07
1410.0,8.874838385963812e-05,0.9998717904090881,3.946873403037898e-05
1411.0,2.708194699607702e-07,0.9999986886978149,1.0372023098170757e-06
1412.0,9.958136797649786e-05,0.9998963475227356,4.059214916196652e-06
1413.0,1.969994445971679e-05,0.9999797940254211,4.986421231478744e-07
1414.0,8.93784745130688e-05,0.9999094605445862,1.1660401924018515e-06
1415.0,0.9852390885353088,0.014755187556147575,5.767777565779397e-06
1416.0,3.8081757338659372e-06,0.9999873042106628,8.885351235221606e-06
1417.0,9.983608606489724e-07,0.9999985694885254,4.090867662398523e-07
1418.0,1.3667388618424092e-12,0.9999982714653015,1.7128883200712153e-06
1419.0,2.806178144965088e-06,0.9999779462814331,1.9252598576713353e-05
1420.0,1.7476649816217105e-07,0.9999511241912842,4.867372626904398e-05
1421.0,4.756825728691183e-05,0.9999474883079529,4.915355475532124e-06
1422.0,7.181883461271354e-07,5.095891538076103e-06,0.9999942183494568
1423.0,0.9998772144317627,0.00010983025276800618,1.2931462151755113e-05
1424.0,5.982712991681183e-06,0.999993085861206,9.190795253744e-07
1425.0,5.320605198133998e-18,0.9999994039535522,6.051051855138212e-07
1426.0,8.469060048810206e-07,0.9896895289421082,0.01030965056270361
1427.0,0.00010644716530805454,0.9998838305473328,9.702927854959853e-06
1428.0,0.978872537612915,0.02106771618127823,5.9741767472587526e-05
1429.0,0.01830260641872883,0.9815726280212402,0.00012472349044401199
1430.0,0.987395703792572,0.012299854308366776,0.00030438730027526617
1431.0,1.1100088626037063e-09,1.0,2.8355127135171188e-09
1432.0,0.0010267137549817562,0.9989641904830933,9.115561624639668e-06
1433.0,0.0288919098675251,0.9710875153541565,2.058584323094692e-05
1434.0,0.0006109745590947568,0.999382495880127,6.510057119157864e-06
1435.0,3.935331878077153e-13,1.0,1.4713126716969782e-08
1436.0,3.149025360471569e-07,0.9999974370002747,2.2447486571763875e-06
1437.0,0.00038892339216545224,0.9995716214179993,3.9411690522683784e-05
1438.0,3.841187663056189e-06,0.9999957084655762,5.203593218539027e-07
1439.0,1.5311778042814694e-05,0.9999842047691345,5.300511816130893e-07
1440.0,0.6311757564544678,0.3685744106769562,0.00024986136122606695
1441.0,3.923043578879515e-08,0.9999994039535522,5.382156018640671e-07
1442.0,1.7426646931051337e-11,0.4627888798713684,0.5372110605239868
1443.0,0.999679446220398,0.00032042246311903,1.1689854773067054e-07
1444.0,0.015110011212527752,0.9848525524139404,3.748464587260969e-05
1445.0,3.2367316293857584e-07,0.9999979138374329,1.787549535947619e-06
1446.0,1.1745563824661076e-05,0.9967589974403381,0.00322922645136714
1447.0,2.7144403702550335e-07,0.9999997019767761,7.1811712132330285e-09
1448.0,7.96303940755333e-13,1.0,1.7139279578914923e-11
1449.0,4.563651736513245e-15,0.9999998211860657,1.7552748943217011e-07
1450.0,3.150914551497408e-08,0.9999999403953552,7.344742591897102e-09
1451.0,1.1437603461672552e-05,0.9999885559082031,2.706094903714984e-09
1452.0,3.586017247036999e-11,1.0,2.3158952533464117e-10
1453.0,0.9985188245773315,0.0014800317585468292,1.1366854550942662e-06
1454.0,0.9986923336982727,0.0012129213428124785,9.473369573242962e-05
1455.0,3.63633116673423e-11,1.0,6.25566098921837e-10
1456.0,2.7394768039812334e-05,0.9999300241470337,4.2616673454176635e-05
1457.0,0.002361647319048643,0.9964030981063843,0.0012352335033938289
1458.0,0.9870122671127319,0.012939509935677052,4.821748734684661e-05
1459.0,0.9776747822761536,0.022050688043236732,0.00027454455266706645
1460.0,2.4930814106483012e-06,0.9999867677688599,1.0716945325839333e-05
1461.0,4.575624188873917e-05,0.9999526143074036,1.645038310016389e-06
1462.0,2.2614636552287237e-10,0.9998741745948792,0.00012585560034494847
1463.0,2.962861733735167e-09,0.999999463558197,5.098514748169691e-07
1464.0,5.060945795776206e-08,0.9999989867210388,9.410351822225493e-07
1465.0,9.522375421511242e-07,0.9999990463256836,2.1300737174101414e-08
1466.0,4.40026524302084e-05,2.3032341687212465e-06,0.9999537467956543
1467.0,0.00036985313636250794,0.9995822310447693,4.7964735131245106e-05
1468.0,4.717239335150225e-06,0.9999944567680359,7.881219517003046e-07
1469.0,0.9629723429679871,0.03512977808713913,0.0018978685839101672
1470.0,2.631381903483998e-06,0.9999889135360718,8.431386049778666e-06
1471.0,0.8286023736000061,0.17139023542404175,7.383166121144313e-06
1472.0,0.9999842643737793,1.531931229692418e-05,4.5249396407598397e-07
1473.0,0.9999995827674866,1.4799929284084164e-15,4.018805555006111e-07
1474.0,0.011739574372768402,0.9873664975166321,0.0008939632098190486
1475.0,0.00033609927049838006,0.9996449947357178,1.8924592950497754e-05
1476.0,2.3698412405792624e-06,0.999993622303009,3.994159669673536e-06
1477.0,2.7824003951543164e-12,1.0,1.9650968852147344e-08
1478.0,2.722226333240485e-10,1.0,2.168492407861322e-08
1479.0,1.468830335138449e-10,0.9999999403953552,4.1567179920320996e-08
1480.0,0.12936286628246307,0.8705406785011292,9.648294508224353e-05
1481.0,8.689573786544412e-15,1.0,3.1065692553122748e-12
1482.0,0.019309576600790024,0.9806493520736694,4.104425534023903e-05
1483.0,8.734207107563563e-11,0.9999997019767761,2.7371814326215826e-07
1484.0,1.2291496886973619e-07,0.9999998807907104,1.0527676508331751e-08
1485.0,1.4479833998493064e-10,1.0,1.32189459378651e-09
1486.0,4.333041033532936e-06,0.9999954700469971,2.5392520797140605e-07
1487.0,0.9985589385032654,0.001438948675058782,2.093832790706074e-06
1488.0,8.497620029856989e-08,0.9999993443489075,6.035147634975147e-07
1489.0,2.439000854792539e-05,0.9999690651893616,6.558163022418739e-06
1490.0,5.287908240621253e-13,1.0,2.4796781294966763e-10
1491.0,8.012762803831822e-16,0.9999998211860657,1.8654165501175157e-07
1492.0,1.7914556948994687e-08,0.9999998211860657,1.731201706434149e-07
1493.0,2.841861294899939e-12,0.9999999403953552,7.163597359749474e-08
1494.0,3.521942971929093e-06,0.9999964833259583,1.950392913840915e-08
1495.0,7.344648778051521e-10,0.9999983906745911,1.626196421966597e-06
1496.0,9.31156096672936e-10,1.0,8.033045340027911e-09
1497.0,3.039522562175989e-05,0.9999590516090393,1.0528743587201461e-05
1498.0,1.4748999888070102e-07,0.9999995231628418,3.536292183525802e-07
1499.0,0.006336741615086794,0.9936333298683167,2.9959375751786865e-05
1500.0,2.834568300566498e-12,1.0,1.8394981371461228e-10
1501.0,7.427015447092344e-08,0.9999997019767761,2.480676926097658e-07
1502.0,2.8696285347962203e-09,0.9999991655349731,8.083664511104871e-07
1503.0,0.00011987405741820112,0.9998770356178284,3.0924213660910027e-06
1504.0,6.354922277296282e-08,0.999998152256012,1.7976926756091416e-06
1505.0,2.2380895643436816e-06,0.9999963045120239,1.481312096984766e-06
1506.0,4.569048178382218e-05,0.9999402761459351,1.4094674952502828e-05
1507.0,4.133185410493432e-16,1.0,2.468140802847074e-09
1508.0,0.9228319525718689,0.07707247883081436,9.562330524204299e-05
1509.0,1.4728257156093605e-05,0.9999659061431885,1.9388771761441603e-05
1510.0,1.3683138888609392e-07,0.9999977946281433,2.0584172943927115e-06
1511.0,0.0040149204432964325,0.995825469493866,0.0001596087822690606
1512.0,7.671584171475843e-06,0.9999901652336121,2.156987648049835e-06
1513.0,0.7715491652488708,0.22825084626674652,0.00019996742776129395
1514.0,6.2710892052564304e-06,0.9999854564666748,8.272353625216056e-06
1515.0,2.2115161755209556e-06,0.9999971389770508,6.741969400536618e-07
1516.0,0.07660938054323196,0.9233877658843994,2.803871211654041e-06
1517.0,8.526558303856291e-07,0.9999985694885254,5.96840834532486e-07
1518.0,0.9999977946281433,1.2270545539649902e-06,9.74780732576619e-07
1519.0,0.032905444502830505,0.967093288898468,1.250129002983158e-06
1520.0,0.9999847412109375,4.9454606596555095e-06,1.0272427971358411e-05
1521.0,3.4897107070719358e-06,0.9999962449073792,2.6971130751007877e-07
1522.0,2.5711503238989852e-12,0.9939062595367432,0.006093759089708328
1523.0,0.9964413046836853,0.0035562042612582445,2.4827550078043714e-06
1524.0,5.4870761232450604e-06,0.9999939799308777,5.2218422297301e-07
1525.0,3.9847215804744707e-11,1.0,3.6816223403235426e-09
1526.0,6.147274689283222e-07,0.9999973773956299,2.0483032585616456e-06
1527.0,3.325501651829654e-08,1.0,2.3894861644890852e-09
1528.0,8.595706924019453e-10,1.0,1.5489287630288118e-10
1529.0,0.009451993741095066,0.9904730319976807,7.496271427953616e-05
1530.0,4.403544195952236e-08,0.9999744892120361,2.5489134714007378e-05
1531.0,0.9999858736991882,1.4106938579061534e-05,6.17417317272384e-09
1532.0,0.18020562827587128,0.8196026086807251,0.00019177686772309244
1533.0,9.820801238902277e-08,0.9999984502792358,1.4836946320428979e-06
1534.0,6.272162136156112e-05,0.9999359250068665,1.346324097539764e-06
1535.0,1.7292106804234209e-06,0.9999979138374329,3.6891202626065933e-07
1536.0,0.0009803845314309,0.9990144968032837,5.0751368689816445e-06
1537.0,0.014286444522440434,0.9845085740089417,0.0012049406068399549
1538.0,6.338266302918782e-07,0.9999990463256836,3.5688171351466735e-07
1539.0,0.00021254511375445873,0.9997873902320862,8.396793305109895e-08
1540.0,5.3476428547583055e-06,0.9999931454658508,1.4978281797084492e-06
1541.0,0.7741518616676331,0.2257993221282959,4.880963751929812e-05
1542.0,4.889291631116066e-06,0.9999950528144836,3.5718464297396224e-10
1543.0,0.014193681068718433,0.9857955574989319,1.0767286767077167e-05
1544.0,1.999793539653183e-06,0.9999955296516418,2.484908918631845e-06
1545.0,0.10194876790046692,0.8980455994606018,5.623946435662219e-06
1546.0,0.0003092062543146312,0.5168297290802002,0.48286110162734985
1547.0,4.541422185866395e-06,0.9999940395355225,1.3935180049884366e-06
1548.0,9.104435594053939e-05,0.9998883605003357,2.057041274383664e-05
1549.0,0.003895483212545514,0.9960951209068298,9.367298844153993e-06
1550.0,5.246528905766823e-12,1.0,3.8607481656072196e-09
1551.0,0.886996865272522,0.11292959004640579,7.35414432710968e-05
1552.0,6.854292782531061e-16,1.0,2.804011634428144e-13
1553.0,2.9229084930193494e-07,0.9999949932098389,4.699900728155626e-06
1554.0,0.0029117942322045565,0.9970631003379822,2.5123237719526514e-05
1555.0,3.9049292228574006e-13,0.9999997615814209,2.3104172441890114e-07
1556.0,1.8163633797030343e-07,0.9999904036521912,9.384156328451354e-06
1557.0,4.0834532977207516e-10,1.0,5.625883758852979e-09
1558.0,0.005999810993671417,0.9939749836921692,2.5189183361362666e-05
1559.0,2.1389957964856876e-06,0.9999935030937195,4.341708972788183e-06
1560.0,2.5885103127620823e-07,0.999138355255127,0.000861415930557996
1561.0,8.419637859372284e-17,1.0,1.2324162957516593e-12
1562.0,6.066442903573943e-09,0.9999998807907104,9.48010594470361e-08
1563.0,0.0009859091369435191,0.9990110993385315,3.0138080546748824e-06
1564.0,1.5935165720293298e-07,0.9999982714653015,1.5526286460953997e-06
1565.0,2.927283162534877e-07,0.9999990463256836,6.972563255658315e-07
1566.0,5.149041637508844e-09,0.9999998807907104,1.1855426862439344e-07
1567.0,2.0555485207296442e-06,0.9999978542327881,5.6548625337882186e-08
1568.0,2.647039946168661e-05,0.9999698400497437,3.726815293703112e-06
1569.0,7.293415819731308e-06,0.9999915957450867,1.06635900465335e-06
1570.0,1.0360411833998384e-10,0.999793291091919,0.00020673895778600127
1571.0,0.0004910543793812394,0.9994627833366394,4.619086757884361e-05
1572.0,2.640241802964738e-07,0.9999914765357971,8.225646524806507e-06
1573.0,0.8822132349014282,0.11778034269809723,6.455030415963847e-06
1574.0,0.25896570086479187,0.7410330176353455,1.2557214859043597e-06
1575.0,0.9953603148460388,3.8912194355589236e-08,0.004639603663235903
1576.0,0.0007393092382699251,0.9992310404777527,2.9635613827849738e-05
1577.0,0.0016605997225269675,0.9983320832252502,7.323146746784914e-06
1578.0,0.0007187779410742223,0.999200165271759,8.104673906927928e-05
1579.0,0.17037279903888702,0.8295938372612,3.3369800803484395e-05
1580.0,1.5078388537759224e-09,0.9999991059303284,8.641314934720867e-07
1581.0,1.1280239959887695e-06,1.3046198432675737e-07,0.9999987483024597
1582.0,7.819613880022391e-12,0.9994534254074097,0.0005465359427034855
1583.0,8.807000684285526e-10,1.0,8.781458227247185e-09
1584.0,0.06688513606786728,0.9331066012382507,8.23866776045179e-06
1585.0,7.525834462285275e-07,0.9859313368797302,0.01406788732856512
1586.0,8.439231464762997e-07,0.9999983906745911,8.062823440013744e-07
1587.0,6.471686356235296e-05,0.9999339580535889,1.3532504681279534e-06
1588.0,0.9955365061759949,0.004458276089280844,5.189337116462411e-06
1589.0,2.563981098019797e-14,0.9999999403953552,5.736934483024925e-08
1590.0,4.063356939809637e-08,0.9999995827674866,3.856689829717652e-07
1591.0,7.842992744144794e-08,0.9999958276748657,4.09991980632185e-06
1592.0,0.9999849796295166,1.4071568330109585e-05,8.742965746932896e-07
1593.0,0.9999918341636658,8.139335477608256e-06,2.7301273729533806e-15
1594.0,0.00023613322991877794,0.9997588992118835,4.889289357379312e-06
1595.0,4.253829288813904e-09,1.0,1.2406649041452056e-09
1596.0,1.1356544177276717e-11,0.9999974966049194,2.532626240281388e-06
1597.0,2.4465746269186628e-12,0.9998109340667725,0.00018909547361545265
1598.0,2.9095408748958107e-08,0.9999974966049194,2.498000867490191e-06
1599.0,4.8193945308052516e-14,1.0,1.8690360370499093e-10
1600.0,0.9998752474784851,0.00012470062938518822,6.457867574027887e-11
1601.0,1.375198982467296e-10,1.0,1.283201322976879e-10
1602.0,5.279033743477157e-08,0.9999881982803345,1.1734833606169559e-05
1603.0,0.5165231227874756,0.4825756549835205,0.0009012641967274249
1604.0,2.1407339900747502e-08,0.9999963045120239,3.642903948275489e-06
1605.0,9.151962331088725e-06,0.999990701675415,1.6039054173688783e-07
1606.0,2.936797471875252e-08,0.9726063013076782,0.027393680065870285
1607.0,4.886470196652226e-05,0.9999489784240723,2.151117541870917e-06
1608.0,8.184782018361147e-06,0.9999865293502808,5.253863037069095e-06
1609.0,0.9999991655349731,7.068097716000921e-07,8.496922276890473e-08
1610.0,4.410926339915022e-05,0.9999532103538513,2.700208824535366e-06
1611.0,0.06780670583248138,0.9321843385696411,8.960773811850231e-06
1612.0,0.9908004403114319,0.009199508465826511,1.3086240535642446e-08
1613.0,1.6787085769465193e-05,0.9999771118164062,6.135186595201958e-06
1614.0,0.9762675166130066,0.023722365498542786,1.0178049706155434e-05
1615.0,0.9785853028297424,0.020556556060910225,0.0008580915746279061
1616.0,0.07203823328018188,0.9278379678726196,0.00012383967987261713
1617.0,2.316224794185473e-07,0.9999997019767761,4.6341064319221914e-08
1618.0,1.0754376555954792e-11,0.9999998807907104,6.022393250759706e-08
1619.0,7.300611700735652e-15,0.9999984502792358,1.533314957669063e-06
1620.0,5.816043631057255e-05,0.9972734451293945,0.00266835605725646
1621.0,0.0014452389441430569,0.9985467195510864,8.019158485694788e-06
1622.0,1.3974115518067265e-06,0.9999974966049194,1.1087685152233462e-06
1623.0,1.4487654409478523e-09,1.0,9.346321938608071e-09
1624.0,3.8755985087846057e-07,0.999998927116394,6.768348157493165e-07
1625.0,8.876216952558025e-07,0.9999974370002747,1.671987774898298e-06
1626.0,0.24067114293575287,0.7592800855636597,4.871861165156588e-05
1627.0,0.9999853372573853,1.2037921806040686e-05,2.605175268399762e-06
1628.0,0.015648724511265755,0.9842672944068909,8.399384387303144e-05
1629.0,1.0447977254407839e-13,1.0,4.0748598939543967e-10
1630.0,5.924407631141548e-10,1.0,1.0324342492040728e-09
1631.0,0.9987923502922058,0.0012028844794258475,4.714841452369001e-06
1632.0,6.5204694976728206e-09,0.9790331125259399,0.020966891199350357
1633.0,7.65353070164565e-06,0.9999910593032837,1.269366180167708e-06
1634.0,0.00039998115971684456,0.9042441248893738,0.09535591304302216
1635.0,0.0006317407824099064,0.9993621706962585,6.081590981921181e-06
1636.0,0.019408004358410835,0.9804918169975281,0.00010015725274570286
1637.0,1.518310255299582e-09,0.9999998211860657,1.6534185931504908e-07
1638.0,2.7629501346382312e-05,0.9999712705612183,1.147067450801842e-06
1639.0,4.425593667033677e-14,1.0,1.6925330928452276e-11
1640.0,0.9999995827674866,4.255117005413922e-07,7.955986092156309e-09
1641.0,1.6798948365703836e-07,0.9999688267707825,3.097967419307679e-05
1642.0,2.0543697587527276e-07,0.9999997019767761,7.089050058084467e-08
1643.0,0.985139787197113,0.014577738009393215,0.0002824326220434159
1644.0,0.17702488601207733,0.8226572275161743,0.00031789109925739467
1645.0,1.5461490932011657e-07,0.9999985694885254,1.2768146007147152e-06
1646.0,1.0116109061542033e-09,1.0,8.865654876899498e-09
1647.0,1.255046754522482e-06,0.9999973177909851,1.4732237332282239e-06
1648.0,3.1214924308547998e-12,1.0,2.7036650696032893e-11
1649.0,0.11032196134328842,0.889417290687561,0.0002607128699310124
1650.0,2.5745493985596113e-06,0.9999969005584717,4.943088924846961e-07
1651.0,3.6921021091984585e-05,0.999963104724884,2.864031900529085e-09
1652.0,4.5644264901056886e-05,0.9999458193778992,8.524696568201762e-06
1653.0,3.43480127153184e-14,1.0,2.5276582910072065e-11
1654.0,0.04895373061299324,0.9509932994842529,5.293473077472299e-05
1655.0,2.6508229205440825e-12,0.9999993443489075,6.301850135059794e-07
1656.0,0.00556586030870676,0.9944244027137756,9.685864824859891e-06
1657.0,0.0005159645806998014,0.9994655847549438,1.8430911950417794e-05
1658.0,2.8514867267404043e-07,0.9999996423721313,9.735447115133411e-09
1659.0,0.9999875426292419,1.435612289853519e-13,1.2424299711710773e-05
1660.0,0.8224325776100159,0.17741817235946655,0.00014929402095731348
1661.0,0.0019447109661996365,0.9980548620223999,3.758167963496817e-07
1662.0,0.056057997047901154,0.9430265426635742,0.0009154279250651598
1663.0,0.036496683955192566,0.963473916053772,2.9343835194595158e-05
1664.0,6.316716462606564e-05,0.9998325705528259,0.00010424235370010138
1665.0,0.0009809384355321527,0.9990113973617554,7.610919055878185e-06
1666.0,0.0029200881253927946,0.18743151426315308,0.8096483945846558
1667.0,0.9907071590423584,0.009030855260789394,0.0002620502782519907
1668.0,0.0029384915251284838,0.9970285892486572,3.289291271357797e-05
1669.0,0.9989201426506042,0.0010684346780180931,1.1460631867521442e-05
1670.0,0.004693108145147562,0.9952955842018127,1.1282198101980612e-05
1671.0,0.18785855174064636,0.8120467066764832,9.473709360463545e-05
1672.0,2.650914765478518e-10,0.9906874299049377,0.009312544018030167
1673.0,2.36192903457777e-07,0.17814746499061584,0.8218522667884827
1674.0,2.6523647167486786e-10,0.9999942779541016,5.773369139205897e-06
1675.0,1.0,3.929680609778344e-14,1.009643271765448e-10
1676.0,6.746530289092334e-06,0.9999929070472717,2.84056625332596e-07
1677.0,0.00015792807971592993,0.9998154044151306,2.6630345018929802e-05
1678.0,1.2163710316759335e-10,0.9999246001243591,7.536493649240583e-05
1679.0,1.577670355468186e-10,1.0,4.457711977323697e-11
1680.0,4.50992702099029e-05,0.9999412894248962,1.362632610835135e-05
1681.0,3.8346228969921015e-11,1.0,1.4481014477818466e-11
1682.0,1.1339263437548652e-05,0.9999855160713196,3.167205704812659e-06
1683.0,0.010627968236804008,0.9889633655548096,0.0004086777043994516
1684.0,0.02505946345627308,0.9749133586883545,2.7219262847211212e-05
1685.0,0.004196275491267443,0.9957941174507141,9.610883353161626e-06
1686.0,2.2560817214412054e-08,0.9999998211860657,1.7832145715601655e-07
1687.0,0.0018612757558003068,0.9981275796890259,1.1125453966087662e-05
1688.0,0.00039665948133915663,0.9995938539505005,9.501384738541674e-06
1689.0,0.6299989819526672,0.36546507477760315,0.004535960499197245
1690.0,0.009629377163946629,0.9903327226638794,3.7862700992263854e-05
1691.0,0.9975053071975708,0.002454573754221201,4.0141254430636764e-05
1692.0,1.0333894850944603e-09,1.0,7.43832884175788e-10
1693.0,3.9114725950639695e-05,0.9999595880508423,1.3274751609060331e-06
1694.0,0.016864273697137833,0.9830178618431091,0.00011783427908085287
1695.0,1.7338759789709002e-05,0.9999805092811584,2.205868895543972e-06
1696.0,1.2838388840918924e-07,0.9999990463256836,8.157114166351676e-07
1697.0,1.5690253349021077e-05,0.9999766945838928,7.629138508491451e-06
1698.0,0.9988502860069275,0.0011494362261146307,2.6368957151134964e-07
1699.0,8.468109768955401e-08,0.9999989867210388,9.484798511039116e-07
1700.0,0.003148550633341074,0.9968298077583313,2.1649571863235906e-05
1701.0,0.0016237220261245966,0.9983732104301453,3.066019417019561e-06
1702.0,9.293814400734846e-06,0.9999848008155823,5.899948519072495e-06
1703.0,0.010435337200760841,0.989448606967926,0.000116038674605079
1704.0,0.009105381555855274,0.9907008409500122,0.00019374630937818438
1705.0,1.2280587725399528e-05,0.9999442100524902,4.349941809778102e-05
1706.0,0.00976067129522562,0.9902370572090149,2.270105596835492e-06
1707.0,0.00014199082215782255,0.9998397827148438,1.8206992535851896e-05
1708.0,5.222427716944367e-07,0.9999987483024597,7.326531203943887e-07
1709.0,7.641389743184845e-10,1.0,6.149878384320573e-09
1710.0,3.9222280179274094e-07,0.999999463558197,9.966182545895208e-08
1711.0,1.4461791124631418e-06,0.9999926686286926,5.858276381331962e-06
1712.0,7.592009907543987e-17,1.0,6.995788670582925e-11
1713.0,3.6873188946628943e-06,0.9999958872795105,4.016253853933449e-07
1714.0,0.022559754550457,0.971479594707489,0.005960647016763687
1715.0,0.01817704364657402,0.9817361235618591,8.680824976181611e-05
1716.0,6.743566700606607e-07,0.9999992847442627,2.299723432519496e-11
1717.0,1.9932780426223928e-10,0.9999997019767761,2.7270675673207734e-07
1718.0,1.8451792129781097e-05,0.9995076656341553,0.00047389743849635124
1719.0,1.0318709655621205e-06,0.999998927116394,3.078168120396185e-08
1720.0,0.009321226738393307,0.9906656742095947,1.3131656487530563e-05
1721.0,4.732641173177399e-06,0.9999891519546509,6.103262421675026e-06
1722.0,2.523605644455529e-07,0.9449047446250916,0.055094994604587555
1723.0,1.0,7.05635638809099e-09,2.8564091092420085e-09
1724.0,2.1342028144744063e-09,1.0,1.0459917654248585e-10
1725.0,3.9688453398412094e-05,0.9999482035636902,1.2098843399144243e-05
1726.0,0.9997125864028931,0.00028148622368462384,5.898764356970787e-06
1727.0,3.3215218309123884e-07,0.9999978542327881,1.8552012761574588e-06
1728.0,0.0001883079530671239,0.9998080730438232,3.5814243801723933e-06
1729.0,0.9999118447303772,8.818362402962521e-05,1.924479775539112e-08
1730.0,4.86987915271353e-11,1.0,2.4271709975209887e-08
1731.0,8.724218014677376e-10,1.0,1.5363706751259087e-08
1732.0,7.482863667136789e-31,1.0,7.38473431710629e-12
1733.0,3.898786235367879e-05,0.9999598860740662,1.0613985068630427e-06
1734.0,3.543637916436637e-08,1.0,1.1972713098717946e-10
1735.0,1.2769164641213138e-05,0.999985933303833,1.265571540898236e-06
1736.0,0.0008627688512206078,2.459049574099481e-05,0.9991126656532288
1737.0,3.614876732171979e-06,0.9999918341636658,4.522650669969153e-06
1738.0,3.851985184155637e-06,0.9999935626983643,2.5726360490807565e-06
1739.0,0.9941535592079163,0.0058396365493535995,6.808750185882673e-06
1740.0,2.3433976821252145e-05,0.999971866607666,4.679502126236912e-06
1741.0,5.91957768847351e-06,0.9999910593032837,3.0312785384012386e-06
1742.0,3.1286988360079704e-06,0.9999955892562866,1.2833270375267603e-06
1743.0,0.9994745850563049,0.0005246448563411832,7.529285994678503e-07
1744.0,0.00010069672134704888,0.9998831748962402,1.6095786122605205e-05
1745.0,4.152183425646522e-13,1.0,2.9909408283401717e-12
1746.0,4.407014785101637e-05,0.9999552369117737,6.821571787440917e-07
1747.0,0.003753906348720193,0.9961335062980652,0.00011258765880484134
1748.0,0.9999996423721313,3.4780413216140005e-07,2.6477280812287063e-08
1749.0,0.02527192048728466,0.9745650887489319,0.00016295995737891644
1750.0,1.080477795767365e-05,0.9999876022338867,1.5969379774105619e-06
1751.0,6.87527332843274e-08,0.9999992251396179,6.904375027261267e-07
1752.0,0.00010144904808839783,0.9998776316642761,2.0945206415490247e-05
1753.0,0.00025638024089857936,0.9994935393333435,0.0002501262060832232
1754.0,3.724712587427348e-05,0.9998177886009216,0.00014494099013973027
1755.0,0.0217693243175745,0.978082001209259,0.00014869170263409615
1756.0,9.24630594312248e-09,0.9999987483024597,1.2797842146028415e-06
1757.0,1.0453641863250596e-07,0.9999415874481201,5.829190922668204e-05
1758.0,8.068747336942295e-10,1.0,8.832174991368902e-09
1759.0,1.6103650632762461e-15,1.0,1.7312044020556527e-09
1760.0,0.9995328187942505,0.0004671380447689444,1.0658491333970233e-07
1761.0,0.15754581987857819,0.8424443602561951,9.838359801506158e-06
1762.0,1.0,1.7129609952704072e-09,4.258035590787301e-11
1763.0,0.9984316229820251,0.0015588459791615605,9.564283573126886e-06
1764.0,3.5184809803467942e-06,0.9999955296516418,9.353782957077783e-07
1765.0,2.050340128789685e-07,0.9999979138374329,1.8917222632808262e-06
1766.0,0.9472579956054688,0.05262714624404907,0.00011487384472275153
1767.0,5.337348341072357e-10,1.0,5.77491787723261e-09
1768.0,3.267075726398616e-06,0.9999911785125732,5.5732025430188514e-06
1769.0,4.5933339415069627e-20,1.0,2.26920143510086e-14
1770.0,8.96543642738834e-05,0.9999096989631653,6.680977548967348e-07
1771.0,0.9998217225074768,0.00016665947623550892,1.1646954590105452e-05
1772.0,7.442377443489523e-12,1.0,5.97497572252248e-12
1773.0,0.0013763414463028312,0.998613178730011,1.04047740023816e-05
1774.0,9.796233513270636e-08,0.9999949932098389,4.8985862122208346e-06
1775.0,0.9999844431877136,1.5430421626660973e-05,1.7755782266704045e-07
1776.0,0.0002815578773152083,0.9996918439865112,2.6633410016074777e-05
1777.0,8.51480632557038e-15,0.9999918341636658,8.202223398257047e-06
1778.0,3.423195096274867e-07,0.9999990463256836,6.270068411140528e-07
1779.0,3.573305730242282e-05,0.999953031539917,1.125251583289355e-05
1780.0,0.9999157190322876,8.413603063672781e-05,6.566693855347694e-08
1781.0,1.0939205822069198e-05,0.9999367594718933,5.229357702773996e-05
1782.0,0.0003502483305055648,0.9996400475502014,9.722738468553871e-06
1783.0,7.193542983507939e-11,0.9999998211860657,2.0130190137024329e-07
1784.0,2.071562903438462e-06,0.9999979734420776,1.356961543130808e-09
1785.0,0.9982041716575623,0.0017941922415047884,1.6436094938399037e-06
1786.0,0.9100422859191895,0.08966855704784393,0.00028916026349179447
1787.0,0.00603449996560812,0.9939631223678589,2.339225375180831e-06
1788.0,3.5237320873682254e-12,0.9999146461486816,8.53592500789091e-05
1789.0,0.0003299665404483676,0.9996635317802429,6.47364322503563e-06
1790.0,0.05968284234404564,0.9402648210525513,5.2283270633779466e-05
1791.0,1.7208660096912354e-07,0.9999997019767761,1.3427563771983841e-07
1792.0,7.03402126042002e-13,1.0,6.669458041397291e-11
1793.0,0.9650218486785889,0.034880444407463074,9.77162562776357e-05
1794.0,0.002583772176876664,0.9973723292350769,4.388253728393465e-05
1795.0,4.571405645519e-14,0.9999915957450867,8.371313015231863e-06
1796.0,2.298520485055633e-07,0.9998835921287537,0.00011619600263657048
1797.0,0.001185142551548779,0.9987760782241821,3.882839155266993e-05
1798.0,3.131448225723865e-11,0.9999994039535522,6.071538791729836e-07
1799.0,0.996298611164093,0.00362628186121583,7.510717841796577e-05
1800.0,1.1855395776194655e-08,0.9999999403953552,3.5602553793978586e-08
1801.0,0.003344645258039236,0.9965740442276001,8.134324889397249e-05
1802.0,0.05417869612574577,0.9457972645759583,2.4046368707786314e-05
1803.0,2.2910269763087854e-05,0.9999513030052185,2.581252556410618e-05
1804.0,0.0002749927225522697,0.9997133612632751,1.1635604096227325e-05
1805.0,1.9462715883378223e-08,0.9999995231628418,5.062921673015808e-07
1806.0,3.1202421268972103e-06,0.999994695186615,2.204528527727234e-06
1807.0,6.576807543012819e-09,0.9784700870513916,0.0215299054980278
1808.0,2.7273648584014154e-07,0.9999886751174927,1.1068180356232915e-05
1809.0,2.1815858039335445e-13,1.0,8.079351410117397e-09
1810.0,4.191882396753499e-09,0.9999983310699463,1.6551165344935725e-06
1811.0,2.4302505607920466e-07,0.9999997615814209,1.827201145943036e-08
1812.0,0.0009189718402922153,0.9990765452384949,4.522518338490045e-06
1813.0,0.00014236129936762154,0.9998416900634766,1.592463013366796e-05
1814.0,0.0006095003336668015,0.9993633031845093,2.7172940463060513e-05
1815.0,0.9992592334747314,0.0007259329431690276,1.4873388863634318e-05
1816.0,0.00015119182353373617,0.9998418688774109,6.926730293344008e-06
1817.0,1.280918981994006e-10,0.9999998211860657,1.5308464185181947e-07
1818.0,8.922510460251942e-06,0.9999493360519409,4.171099863015115e-05
1819.0,7.904216545284726e-06,0.9999920129776001,8.437754672740994e-08
1820.0,1.0,2.2829595991424867e-09,3.751728705481128e-09
1821.0,3.4816950483709114e-14,0.9999958276748657,4.125042323721573e-06
1822.0,2.9687615210605145e-07,0.9999997019767761,1.2493001425029071e-12
1823.0,5.871493159326105e-16,1.0,2.514538056941351e-11
1824.0,4.352824817033252e-06,0.9999956488609314,1.6686801274090612e-08
1825.0,5.336760750651592e-06,0.9999927282333374,1.94145991372352e-06
1826.0,7.349462705086296e-11,0.9999999403953552,5.7349332394096564e-08
1827.0,2.761957763192102e-12,0.9999999403953552,3.995010544599609e-08
1828.0,0.9795777201652527,0.02035452425479889,6.774601206416264e-05
1829.0,0.10041826218366623,0.8995261788368225,5.553678056458011e-05
1830.0,0.00015588039241265506,0.9998391270637512,5.056854206486605e-06
1831.0,1.2201699064462446e-06,0.9992778301239014,0.0007209643954411149
1832.0,2.6190952618493357e-13,1.0,2.34745417548865e-10
1833.0,0.8624672889709473,0.13687890768051147,0.0006537540466524661
1834.0,1.758324515321874e-06,0.9999967813491821,1.4872841802571202e-06
1835.0,3.9007377949928923e-07,0.9999974966049194,2.122795194736682e-06
1836.0,3.0366140890691895e-07,0.9999997019767761,2.0697992653140318e-08
1837.0,6.934266139069223e-08,0.9999992251396179,6.985934533076943e-07
1838.0,0.9983592629432678,0.0015938591677695513,4.6906723582651466e-05
1839.0,0.00013468142424244434,0.9997556209564209,0.00010971178562613204
1840.0,0.6440219283103943,0.3559219241142273,5.612302265944891e-05
1841.0,2.5299397066191887e-07,0.9999992251396179,5.081196832179558e-07
1842.0,3.580561541705052e-11,0.9999999403953552,3.7357413162908415e-08
1843.0,0.0002952695358544588,0.9996011853218079,0.00010357143764849752
1844.0,5.0648031901801005e-06,0.9999844431877136,1.0512922926864121e-05
1845.0,1.2286815945117269e-05,0.9996848106384277,0.0003028445935342461
1846.0,0.991807758808136,0.008005364798009396,0.00018686977273318917
1847.0,9.384215218233294e-07,0.999998927116394,1.1939867761157075e-07
1848.0,0.9920375943183899,0.007935095578432083,2.728911022131797e-05
1849.0,7.607636742790191e-10,1.0,7.006224489458646e-10
1850.0,1.4586729176965796e-12,1.0,2.2342089289750788e-10
1851.0,4.4513971175774714e-08,0.9999998807907104,6.459892176735593e-08
1852.0,1.941569394148246e-08,0.9999999403953552,2.7421126702620313e-08
1853.0,1.4989041036261711e-15,1.0,6.432532891759157e-12
1854.0,4.344897206465248e-07,0.999999463558197,7.261149903570185e-08
1855.0,0.0772668793797493,0.922429621219635,0.0003035249828826636
1856.0,0.9994043111801147,0.0005891996552236378,6.562989256053697e-06
1857.0,5.5028798669809476e-05,0.9995758533477783,0.0003691207093652338
1858.0,3.4965051298740946e-08,0.9999961853027344,3.7711424738517962e-06
1859.0,9.146684298855234e-09,1.0,8.829613484806487e-09
1860.0,0.47242847084999084,0.5272769927978516,0.00029455788899213076
1861.0,0.9951375126838684,0.004809786099940538,5.2691830205731094e-05
1862.0,0.0006873687379993498,0.999305009841919,7.6142246143717784e-06
1863.0,0.8275861740112305,0.17169934511184692,0.0007144790142774582
1864.0,0.00047907177940942347,0.9799015522003174,0.01961938664317131
1865.0,0.00019946471729781479,0.9997963309288025,4.246029220666969e-06
1866.0,7.333055123126542e-07,0.9999935626983643,5.685956693923799e-06
1867.0,7.822835073056922e-07,0.9999992251396179,2.671221821515246e-08
1868.0,4.466710334938284e-11,1.0,5.638632227800144e-09
1869.0,9.243324893759564e-05,0.9999051690101624,2.397713842583471e-06
1870.0,0.0001514706527814269,0.9253493547439575,0.07449913024902344
1871.0,0.9994154572486877,0.0005791484145447612,5.3939802455715835e-06
1872.0,1.4362663058875569e-08,0.9443238973617554,0.055676087737083435
1873.0,0.9999985694885254,1.2939314046889194e-06,1.46036171599917e-07
1874.0,0.9990872740745544,0.0009109634556807578,1.660440830164589e-06
1875.0,8.998192060971633e-05,0.9998865723609924,2.3452286768588237e-05
1876.0,4.614016506820917e-05,0.9999527931213379,1.113126018026378e-06
1877.0,9.882060447718999e-11,1.0,1.9134217821292765e-10
1878.0,5.989616138985453e-16,1.0,6.722574497075584e-09
1879.0,1.4643539714143117e-07,0.9999998211860657,2.390535769336566e-08
1880.0,0.5018685460090637,0.4979272484779358,0.00020424829563125968
1881.0,1.0,1.4032585857193247e-11,2.3040581942357363e-10
1882.0,9.535153999706836e-09,0.9999902248382568,9.779668289411347e-06
1883.0,0.9631137251853943,0.0368766151368618,9.578250683262013e-06
1884.0,0.9999760389328003,1.2421207429724745e-05,1.154301207861863e-05
1885.0,3.56792412503637e-07,0.999996542930603,3.1362023946712725e-06
1886.0,1.704854753370455e-06,0.9999978542327881,4.1401165162824327e-07
1887.0,1.3024661711824592e-05,0.9999819397926331,5.04876152263023e-06
1888.0,1.4032801118446514e-05,0.9999853372573853,6.376724854817439e-07
1889.0,5.574249950512922e-09,0.9939061403274536,0.006093794479966164
1890.0,5.008316747989738e-07,0.9999959468841553,3.5839725569530856e-06
1891.0,0.020697182044386864,0.9781858325004578,0.001117004663683474
1892.0,0.001070579164661467,0.99892657995224,2.85327428173332e-06
1893.0,0.005514523480087519,0.9944630265235901,2.239406603621319e-05
1894.0,0.9995614290237427,0.0004363057087175548,2.225521939180908e-06
1895.0,2.9100142434623777e-11,1.0,8.331189470939249e-13
1896.0,0.00034399950527586043,0.9996227622032166,3.3241372875636443e-05
1897.0,0.00012115343997720629,0.999811053276062,6.779620889574289e-05
1898.0,3.094756175414659e-05,0.9999467730522156,2.227925870101899e-05
1899.0,0.00016443265485577285,0.9998334646224976,2.08322217076784e-06
1900.0,3.2748673675087048e-06,0.9999960660934448,6.328978656711115e-07
1901.0,0.019578536972403526,0.9802543520927429,0.00016714348748791963
1902.0,5.356611723073001e-07,0.999971330165863,2.816609230649192e-05
1903.0,0.00026244146283715963,0.999732255935669,5.342239091987722e-06
1904.0,7.555336765108223e-07,0.999996542930603,2.694882823561784e-06
1905.0,0.14431940019130707,0.8556166887283325,6.3893232436385e-05
1906.0,0.011926879175007343,0.9880727529525757,3.564686608115153e-07
1907.0,0.9999933838844299,2.503432369849179e-06,4.094111318408977e-06
1908.0,2.761849180344528e-13,0.9999997019767761,2.9915753430032055e-07
1909.0,5.204955186854932e-07,0.9999976754188538,1.8200562408310361e-06
1910.0,0.0288919098675251,0.9710875153541565,2.058584323094692e-05
1911.0,0.0015462158480659127,0.9984140992164612,3.96452633140143e-05
1912.0,6.891605607961537e-06,0.9999889731407166,4.145979801251087e-06
1913.0,0.008157703094184399,0.9914762377738953,0.0003660243237391114
1914.0,0.961405336856842,0.03855999931693077,3.46593078575097e-05
1915.0,0.9999998211860657,1.0456017918158977e-07,6.683713138500025e-08
1916.0,8.730034473103387e-09,0.9999998807907104,1.251737415941534e-07
1917.0,8.681270285970655e-11,0.9999997615814209,1.9887581004240928e-07
1918.0,1.2805483606825874e-07,0.999998927116394,9.319366540694318e-07
1919.0,6.5362058876417e-08,0.9999973773956299,2.5828205707512097e-06
1920.0,0.02694724313914776,0.9730428457260132,9.912444511428475e-06
1921.0,0.018683187663555145,0.9812834858894348,3.33139396389015e-05
1922.0,2.717215963343733e-08,0.9999993443489075,6.301552275544964e-07
1923.0,0.9681791067123413,0.031775567680597305,4.531686136033386e-05
1924.0,0.7843023538589478,0.21569131314754486,6.317611223494168e-06
1925.0,9.037512405107861e-11,0.9997890591621399,0.00021095442934893072
1926.0,1.097541917260969e-05,0.999980092048645,8.941246960603166e-06
1927.0,2.5308336155938083e-13,1.0,1.4155701055784675e-09
1928.0,0.02348824217915535,0.9764960408210754,1.573433655721601e-05
1929.0,6.640232114163425e-11,1.0,4.519969815097724e-11
1930.0,1.0887572443607496e-06,0.9999945759773254,4.366447228676407e-06
1931.0,1.3398035036971123e-07,0.999999463558197,3.738180964774074e-07
1932.0,0.001169142546132207,0.9988256692886353,5.2146142479614355e-06
1933.0,2.7261543436907232e-05,0.99996018409729,1.2563664313347545e-05
1934.0,0.24151189625263214,0.758310854434967,0.0001772451214492321
1935.0,3.827739774447947e-12,1.0,6.702566279770394e-10
1936.0,0.024180322885513306,0.9757567048072815,6.301253597484902e-05
1937.0,4.961344529874623e-06,0.9999923706054688,2.7050946300732903e-06
1938.0,6.752627623729524e-11,1.0,2.6513255590998597e-08
1939.0,8.481452482556051e-07,0.9999983310699463,8.065260317380307e-07
1940.0,0.9844266176223755,0.015364428050816059,0.00020889961160719395
1941.0,1.84081690862703e-11,1.0,1.8063548878899383e-08
1942.0,0.401834636926651,0.5981448292732239,2.0515602955128998e-05
1943.0,0.023789221420884132,0.976200520992279,1.0265915989293717e-05
1944.0,2.2531678496306995e-06,0.9999966621398926,1.1317143844280508e-06
1945.0,3.8990481954215284e-08,0.9999991059303284,8.694729558555991e-07
1946.0,3.633620963228168e-06,0.999991774559021,4.599951353156939e-06
1947.0,0.0005770105635747313,0.9994134306907654,9.588654393155593e-06
1948.0,0.032071709632873535,0.9678034782409668,0.00012482375313993543
1949.0,0.009499380365014076,0.9904105067253113,9.009185305330902e-05
1950.0,5.508633876161184e-06,0.9996823072433472,0.00031215857597999275
1951.0,0.9932073354721069,0.00677298940718174,1.96214114112081e-05
1952.0,1.4017126348520037e-09,0.9999995231628418,4.6502404416060017e-07
1953.0,1.1859308415296255e-06,0.9999982714653015,5.427295377558039e-07
1954.0,2.8629838197957724e-06,0.9999703764915466,2.6754114514915273e-05
1955.0,1.633253248201072e-07,0.999998927116394,9.374108458359842e-07
1956.0,3.820433448709082e-06,0.9999923706054688,3.7679599245166173e-06
1957.0,2.501772769392119e-06,0.9999974966049194,2.265691101399625e-08
1958.0,2.962644248327706e-05,0.9999657273292542,4.648953108699061e-06
1959.0,2.4969968855179797e-14,0.9999995827674866,4.215781359562243e-07
1960.0,3.177186158609402e-07,0.9999920129776001,7.63391381042311e-06
1961.0,1.0434634926947961e-11,1.0,2.630340389941921e-08
1962.0,1.176466753349814e-06,0.9999967813491821,2.02493629331002e-06
1963.0,0.9885779023170471,0.01100264210253954,0.0004193976055830717
1964.0,8.74812831170857e-05,0.9999109506607056,1.5363252714450937e-06
1965.0,4.795592900563861e-08,0.99998939037323,1.0564545846136753e-05
1966.0,0.00026096648070961237,0.9997169375419617,2.2091768187237903e-05
1967.0,1.6907912570029993e-11,1.0,1.3246755914408936e-09
1968.0,1.2735381460515782e-06,0.9999966621398926,2.074318217637483e-06
1969.0,1.3718974845033927e-09,1.0,5.63212809723268e-09
1970.0,0.9178946018218994,0.08204491436481476,6.047988426871598e-05
1971.0,0.9992716908454895,0.00046330990153364837,0.00026496686041355133
1972.0,3.267106421844801e-06,0.999987781047821,8.904733476811089e-06
1973.0,0.9383091330528259,0.06159741058945656,9.347339073428884e-05
1974.0,2.6486816295800963e-06,0.9999973773956299,5.8181544027036125e-09
1975.0,0.9605339765548706,0.03936859965324402,9.741912799654528e-05
1976.0,2.0992913505324395e-06,0.9999950528144836,2.852257921404089e-06
1977.0,0.00016487414541188627,0.9998288750648499,6.3154957388178445e-06
1978.0,0.00039937649853527546,0.9995965361595154,4.157793682679767e-06
1979.0,0.982587993144989,0.01729661412537098,0.00011542463471414521
1980.0,1.8502742022974417e-06,0.9999980926513672,3.039188456455122e-08
1981.0,2.12175232938705e-09,0.9999998807907104,1.460187775137456e-07
1982.0,1.3019795745000673e-12,1.0,7.420579706263197e-09
1983.0,2.4469443360430887e-07,0.9999982714653015,1.4827394352323608e-06
1984.0,0.052586354315280914,0.9472963809967041,0.00011725785589078441
1985.0,0.0004673642397392541,0.9995288848876953,3.7335946672101272e-06
1986.0,0.3341876268386841,0.665807843208313,4.566023562802002e-06
1987.0,1.526468196288988e-07,0.9999997615814209,5.8764733523730683e-08
1988.0,1.9732497094082646e-05,0.9998351335525513,0.00014514580834656954
1989.0,0.006702693644911051,0.9930827617645264,0.0002145832550013438
1990.0,0.9999997019767761,1.5835968270039302e-07,1.2957238482158573e-07
1991.0,0.007743180263787508,0.992247462272644,9.401887837157119e-06
1992.0,2.4632943254609962e-12,0.9999911785125732,8.870651981851552e-06
1993.0,2.4425489408841372e-11,0.9953214526176453,0.004678554367274046
1994.0,9.819168553804047e-07,0.9999990463256836,1.2597957399496096e-11
1995.0,5.0238264069635274e-12,1.0,1.3930191222755184e-08
1996.0,0.9639666080474854,0.03566906973719597,0.0003643046657089144
1997.0,0.9994586706161499,0.0005413039471022785,8.188680311604912e-08
1998.0,0.0003643161617219448,0.9981307983398438,0.001504888292402029
1999.0,8.666866293615896e-20,1.0,1.0172643977179874e-11
2000.0,1.2495397641032469e-06,0.9999921321868896,6.572378879354801e-06
2001.0,1.7867169965768426e-09,1.0,9.447302939946667e-10
2002.0,3.2165459531996454e-12,1.0,2.3067490972916715e-10
2003.0,1.3490681011543715e-12,0.9998780488967896,0.00012195753515698016
2004.0,1.8204575759177277e-13,1.0,3.094671329091636e-13
2005.0,1.1543890678460882e-18,1.0,2.0501342845591353e-09
2006.0,6.57032114759204e-06,0.9999815225601196,1.1915642062376719e-05
2007.0,2.976961241074605e-06,0.999992311000824,4.728504336526385e-06
2008.0,1.1891953590748017e-06,0.9999827146530151,1.6113152014440857e-05
2009.0,2.5950410531550006e-07,0.9999948143959045,4.870955763180973e-06
2010.0,0.7844648361206055,0.21541759371757507,0.00011756933236028999
2011.0,0.9723366498947144,0.027659490704536438,3.879583800880937e-06
2012.0,0.0009298586519435048,0.9990501999855042,1.9869938114425167e-05
2013.0,1.4119670987966515e-09,1.0,1.886925993233035e-08
2014.0,0.08489686995744705,0.9150549173355103,4.821438415092416e-05
2015.0,0.0033149055670946836,0.996527373790741,0.00015770801110193133
2016.0,8.236802386818454e-07,0.9999968409538269,2.305243242517463e-06
2017.0,0.9765824675559998,0.02329496294260025,0.00012262523523531854
2018.0,1.7556458260514773e-06,0.9999977946281433,4.326925591158215e-07
2019.0,0.9792485237121582,0.020641464740037918,0.00011003419785993174
2020.0,5.649413159503069e-10,0.999999463558197,5.412962309492286e-07
2021.0,1.1011944707206567e-06,0.9999907612800598,8.134465133480262e-06
2022.0,1.422001486830679e-13,1.0,3.59265706073586e-09
2023.0,1.4088245734455995e-06,0.999997079372406,1.534641000944248e-06
2024.0,2.66009760707675e-06,2.4286511688842438e-05,0.9999730587005615
2025.0,0.0038539222441613674,0.9960121512413025,0.0001339364389423281
2026.0,0.0010255363304167986,0.9989714622497559,3.0411986244871514e-06
2027.0,3.8352001865860075e-05,0.9999566078186035,5.075879471405642e-06
2028.0,1.3988815531287835e-13,1.0,7.637744880995001e-10
2029.0,1.6799507648102008e-05,0.9999760389328003,7.137994998629438e-06
2030.0,0.9511647820472717,0.04862421751022339,0.00021100086451042444
2031.0,0.0006895445403642952,0.9993053674697876,5.060014700575266e-06
2032.0,0.9468465447425842,0.05302269384264946,0.00013075060269329697
2033.0,7.336309863603674e-06,0.9999925494194031,1.5583941603836138e-07
2034.0,0.011468219570815563,0.9885079860687256,2.377020791755058e-05
2035.0,6.899034588059294e-07,0.9999900460243225,9.255648365069646e-06
2036.0,2.9011083825025707e-05,0.9999690055847168,1.9861595319525804e-06
2037.0,0.9994894862174988,0.0005020075477659702,8.445579624094535e-06
2038.0,2.49997538048774e-05,0.9999728798866272,2.1162290977372322e-06
2039.0,1.333756927124341e-06,0.9999983310699463,3.3144175404231646e-07
2040.0,3.717809704539832e-08,0.9999999403953552,1.9424293284941996e-09
2041.0,0.15270771086215973,0.8472250699996948,6.72292590024881e-05
2042.0,0.9881853461265564,0.01180577278137207,8.948595677793492e-06
2043.0,2.150532862899013e-09,0.9999996423721313,3.617142283474095e-07
2044.0,0.8301317691802979,0.1695149838924408,0.00035322975600138307
2045.0,0.7601575255393982,0.2396724373102188,0.00017002980166580528
2046.0,0.008957651443779469,0.9910422563552856,1.154559683413936e-07
2047.0,0.9726755023002625,0.027103347703814507,0.00022111216094344854
2048.0,0.01834031380712986,0.9815235137939453,0.0001362101174890995
2049.0,1.7469757949584164e-05,0.9999810457229614,1.4918496162863448e-06
2050.0,1.3939813192642703e-10,1.0,2.372156915342316e-09
2051.0,3.796739811434691e-09,0.9999998807907104,8.940046569705373e-08
2052.0,1.6277022041322198e-06,0.9999964237213135,1.9641959170257905e-06
2053.0,1.3877019533481416e-08,0.9999251961708069,7.481977809220552e-05
2054.0,7.61427145334892e-07,0.9999958872795105,3.3815260849223705e-06
2055.0,6.672379981864651e-08,0.9999943375587463,5.572406280407449e-06
2056.0,6.489848658475239e-09,0.9998838305473328,0.00011614572576945648
2057.0,4.524857155630002e-10,1.0,4.0359141029178147e-10
2058.0,0.001371112884953618,0.9986100792884827,1.8798813471221365e-05
2059.0,0.051658954471349716,0.9482863545417786,5.470401811180636e-05
2060.0,4.917545538773993e-06,0.999992847442627,2.211312221334083e-06
2061.0,0.0006183587247505784,0.9993636608123779,1.8024145902018063e-05
2062.0,2.1290003360263654e-07,0.999651312828064,0.00034848309587687254
2063.0,1.0,3.030689588179314e-10,1.1725041944299353e-11
2064.0,1.651146952497129e-08,0.9999997019767761,3.0702622666467505e-07
2065.0,4.130909871946642e-07,0.9999932646751404,6.3097645579546224e-06
2066.0,0.9999985694885254,3.677690964265512e-12,1.4266080370362033e-06
2067.0,1.5158650967350695e-05,0.9999566674232483,2.8195709091960452e-05
2068.0,0.3750708997249603,0.6247527003288269,0.00017639428551774472
2069.0,6.222673931688405e-09,1.0,1.2221554497593434e-11
2070.0,1.4891877071931958e-05,0.999983549118042,1.5672569588787155e-06
2071.0,1.934842260367664e-12,0.9999995231628418,4.824343022846733e-07
2072.0,2.0145175767538603e-06,0.9999909400939941,7.004468443483347e-06
2073.0,0.9657537341117859,0.034230057150125504,1.6133872122736648e-05
2074.0,7.606550411765056e-08,0.9999995827674866,3.2423349693999626e-07
2075.0,1.546821871978299e-11,1.0,1.1120110041118458e-11
2076.0,0.000541404471732676,0.9994419813156128,1.6592617612332106e-05
2077.0,2.0095010724863194e-11,1.0,1.2716830921633004e-09
2078.0,0.9864864349365234,0.010795224457979202,0.0027183378115296364
2079.0,2.4508694878022652e-06,0.9999956488609314,1.8678949800232658e-06
2080.0,0.9996585249900818,0.00033992461976595223,1.5162545423663687e-06
2081.0,2.425203149414301e-09,0.9999998807907104,1.082500560301014e-07
2082.0,6.301957000687253e-08,0.9999993443489075,5.931477176090993e-07
2083.0,6.991618192841997e-06,4.8639164459854216e-15,0.9999929666519165
2084.0,0.00018901430303230882,0.9798115491867065,0.019999468699097633
2085.0,4.5732462261582896e-10,0.9999696612358093,3.0308896384667605e-05
2086.0,0.012746552005410194,0.987228274345398,2.5209008526871912e-05
2087.0,5.3993378969607875e-05,0.9998849034309387,6.111760012572631e-05
2088.0,0.9961254596710205,0.0038204151205718517,5.414065162767656e-05
2089.0,0.002967339940369129,0.9965829253196716,0.0004497491754591465
2090.0,1.1818223356385715e-05,0.9999858140945435,2.356724962737644e-06
2091.0,0.026957107707858086,0.9728986024856567,0.00014430204464588314
2092.0,0.0002671474649105221,0.999664843082428,6.803242285968736e-05
2093.0,1.2970909324394597e-07,0.9999997615814209,1.2292046847051097e-07
2094.0,1.0835127554290752e-13,1.0,4.3864239497592994e-13
2095.0,0.1875685602426529,0.8119231462478638,0.0005082846619188786
2096.0,2.0869309082627296e-05,0.9999753832817078,3.743636398212402e-06
2097.0,0.00010672330972738564,0.062211163341999054,0.9376820921897888
2098.0,4.159042873652652e-05,0.9999575018882751,8.990309083856118e-07
2099.0,0.9881792664527893,0.011341203935444355,0.00047954736510291696
2100.0,3.982330198937234e-08,0.9999996423721313,3.593552548863954e-07
2101.0,5.153361826160108e-08,0.9862759709358215,0.013724006712436676
2102.0,0.9876146912574768,0.012313330546021461,7.198134699137881e-05
2103.0,0.06559070199728012,0.9343709945678711,3.832643051282503e-05
2104.0,5.472375960380305e-06,0.9999942779541016,2.923440831636981e-07
2105.0,3.3575093118069776e-13,1.0,8.585969712981978e-10
2106.0,8.291534925319866e-08,0.999996542930603,3.375490905455081e-06
2107.0,0.08689916878938675,0.9130373001098633,6.35174656054005e-05
2108.0,0.0005192284588702023,0.9994696974754333,1.105807223211741e-05
2109.0,0.06343705207109451,0.9363347291946411,0.00022822858591098338
2110.0,0.0009014441748149693,0.9990867972373962,1.1732386155927088e-05
2111.0,0.0002693894784897566,0.9997251033782959,5.460617558128433e-06
2112.0,8.667713899054852e-13,1.0,1.2616093947315221e-08
2113.0,0.00014906412980053574,0.9998349547386169,1.5993053239071742e-05
2114.0,1.1504707799758762e-06,0.9999922513961792,6.570181540155318e-06
2115.0,0.9999996423721313,3.750420489723183e-07,5.939251868092299e-10
2116.0,8.285599853788406e-13,0.9999940395355225,5.978646186122205e-06
2117.0,1.6162084788815575e-16,0.9999996423721313,3.6014162674291583e-07
2118.0,0.9999222755432129,7.775190897518769e-05,6.830113696842943e-10
2119.0,3.72255926777143e-05,0.9979243278503418,0.0020384539384394884
2120.0,0.1831234097480774,0.8166528344154358,0.00022373971296474338
2121.0,3.732985920379406e-09,0.9999999403953552,3.245918733796316e-08
2122.0,9.080613381229341e-05,0.999900758266449,8.443062142760027e-06
2123.0,4.2067491157204984e-10,1.0,5.584126938629197e-09
2124.0,3.132933468208421e-09,0.9999915957450867,8.407166205870453e-06
2125.0,0.004468913190066814,0.9955304861068726,5.728979317609628e-07
2126.0,7.845300815705425e-20,0.0002280360640725121,0.9997719526290894
2127.0,8.633432298665866e-05,0.9992297887802124,0.0006838574772700667
2128.0,0.006609386298805475,0.993313193321228,7.735416875220835e-05
2129.0,0.0024206575471907854,0.9975501894950867,2.9160690246499144e-05
2130.0,1.1142743832118739e-14,1.0,6.557247522742671e-10
2131.0,0.9999949932098389,3.460197376625729e-06,1.5326151014960487e-06
2132.0,0.08354660868644714,0.9163604974746704,9.291950118495151e-05
2133.0,5.172526925889542e-06,0.9999922513961792,2.585859647297184e-06
2134.0,1.0517069437554483e-09,1.0,1.0582840159756302e-11
2135.0,0.0008888361626304686,0.9991070032119751,4.124088263779413e-06
2136.0,1.4935639228497166e-05,0.9999850392341614,4.5721450930846785e-11
2137.0,0.0060850768350064754,0.9938947558403015,2.0174633391434327e-05
2138.0,5.846294698130805e-06,0.999994158744812,5.705620864659977e-08
2139.0,0.9999967813491821,1.0858781251954497e-07,3.10271047965216e-06
2140.0,1.189367040410616e-07,0.9999877214431763,1.219114437844837e-05
2141.0,0.5999698638916016,0.39979732036590576,0.0002328478585695848
2142.0,0.0037583629600703716,0.996235191822052,6.431078872992657e-06
2143.0,0.0011443239636719227,0.9988552331924438,4.1436609876654984e-07
2144.0,8.289642750014536e-09,0.9999997019767761,3.1857467774898396e-07
2145.0,2.1703210222767666e-05,0.999976396560669,1.8717697685133317e-06
2146.0,2.5868999387057556e-07,0.9999929070472717,6.8445506258285604e-06
2147.0,9.945005331246648e-06,0.9999883770942688,1.6395463262597332e-06
2148.0,1.6633309174451938e-09,1.0,1.8283429881194024e-08
2149.0,0.001227180240675807,0.9987465739250183,2.6257945137331262e-05
2150.0,2.4279631816170877e-07,0.9999997615814209,6.059090035259729e-11
2151.0,3.522881542039613e-09,1.0,7.877371671627387e-11
2152.0,1.1933454970858293e-06,0.9999644160270691,3.436818951740861e-05
2153.0,0.019265899434685707,0.9807316660881042,2.393438080616761e-06
2154.0,0.011346004903316498,0.9885961413383484,5.788456473965198e-05
2155.0,5.366799886441509e-12,1.0,9.381796450824709e-10
2156.0,0.9411731362342834,0.05871497094631195,0.0001118835571105592
2157.0,0.0027790230233222246,0.9971848130226135,3.6179710150463507e-05
2158.0,2.354950538574485e-06,0.9999963045120239,1.3327857004696853e-06
2159.0,3.248010194134565e-10,0.9995419383049011,0.00045807944843545556
2160.0,0.0004224533913657069,0.9838970303535461,0.015680484473705292
2161.0,0.006996700074523687,0.993003249168396,3.873426379641387e-08
2162.0,0.0024669128470122814,0.9975267648696899,6.344893790810602e-06
2163.0,0.024990472942590714,0.9749940633773804,1.544661063235253e-05
2164.0,7.474550145492032e-11,1.0,2.6700831767811906e-08
2165.0,0.9772661328315735,0.02271193452179432,2.195008892158512e-05
2166.0,0.04002918675541878,0.9599095582962036,6.127326923888177e-05
2167.0,0.54634028673172,0.4534738063812256,0.00018588842067401856
2168.0,0.0066596586257219315,0.9931368231773376,0.00020356598543003201
2169.0,4.060816081619123e-06,0.9999958872795105,6.153151588250694e-08
2170.0,0.9981935620307922,0.0017969910986721516,9.423899427929427e-06
2171.0,0.0037407795898616314,0.9962589740753174,2.582771116976801e-07
2172.0,0.9917027354240417,0.008095895871520042,0.00020141451386734843
2173.0,0.0019611120223999023,0.3613579571247101,0.6366809606552124
2174.0,0.9999081492424011,9.014191891765222e-05,1.714020072540734e-06
2175.0,2.583840086334277e-10,0.9999999403953552,3.5929453190419736e-08
2176.0,2.904493214828108e-07,0.9999993443489075,3.2553577966609737e-07
2177.0,0.000915546144824475,0.9990488290786743,3.557655873009935e-05
2178.0,0.010451025329530239,0.9894385933876038,0.00011038305092370138
2179.0,0.0003688933211378753,0.9995964765548706,3.4661643439903855e-05
2180.0,0.0066794175654649734,0.9932942986488342,2.6290887035429478e-05
2181.0,4.759761225159309e-07,0.9999980926513672,1.4428293297896744e-06
2182.0,0.9999832510948181,1.4306204320746474e-05,2.512998662496102e-06
2183.0,0.9558838605880737,0.043848294764757156,0.00026785576483234763
2184.0,4.662235824071104e-06,0.999994695186615,6.170096753521648e-07
2185.0,0.9739482998847961,0.02604902908205986,2.706702616706025e-06
2186.0,0.049449387937784195,0.9505184292793274,3.2213229133049026e-05
2187.0,0.0068891094997525215,0.993087649345398,2.3265014533535577e-05
2188.0,0.8713738918304443,0.11585647612810135,0.012769633904099464
2189.0,9.65411018114537e-05,0.999902606010437,8.344832735929231e-07
2190.0,3.597203203753452e-06,0.9999961853027344,2.474953078035469e-07
2191.0,0.0002641000901348889,0.9997311234474182,4.850627192354295e-06
2192.0,1.1873654999754873e-13,1.0,4.119517504896919e-10
2193.0,1.2605713664015639e-06,0.9999974966049194,1.270415737053554e-06
2194.0,0.04096599668264389,0.9589241147041321,0.00010991379531333223
2195.0,8.301783964270726e-05,0.999913215637207,3.7925733522570226e-06
2196.0,6.356964149745181e-05,0.999931275844574,5.137151674716733e-06
2197.0,6.405900876416126e-06,0.9999935626983643,6.389690554442495e-08
2198.0,3.4725858299999857e-10,0.9999998807907104,1.1858409720844065e-07
2199.0,2.4022638172027655e-06,0.9999902248382568,7.402725259453291e-06
2200.0,0.9999134540557861,7.6709569839295e-05,9.861882972472813e-06
2201.0,5.9064316104695536e-08,0.9999734163284302,2.6537501980783418e-05
2202.0,3.747770094264524e-09,0.9999785423278809,2.148974635929335e-05
2203.0,0.9997434616088867,0.00025072519201785326,5.865924777026521e-06
2204.0,6.764060839214991e-11,1.0,2.3686697048219685e-10
2205.0,2.4592452518845676e-07,0.9999990463256836,6.675897452623758e-07
2206.0,3.0171937170919705e-10,1.0,3.263341263881614e-10
2207.0,0.7949400544166565,0.20443886518478394,0.0006211139261722565
2208.0,0.033938512206077576,0.9658021926879883,0.00025934423319995403
2209.0,3.403572534921295e-08,0.9999999403953552,1.4360129974022584e-08
2210.0,2.0566551484080264e-06,0.9999979138374329,3.723571850855478e-08
2211.0,2.905396812025174e-08,0.9999998807907104,7.927825151909929e-08
2212.0,0.00373608130030334,0.9959973096847534,0.00026663756580092013
2213.0,1.066181170017444e-07,0.9999991655349731,7.41334758913581e-07
2214.0,6.846982358865716e-08,0.9999983310699463,1.6592979363849736e-06
2215.0,3.5641439808387076e-06,0.999976396560669,2.001158100028988e-05
2216.0,2.9517056730060586e-17,1.0,8.622892330722998e-12
2217.0,0.3967491388320923,0.603122353553772,0.00012845741002820432
2218.0,0.0006076641147956252,0.9993738532066345,1.8519229342928156e-05
2219.0,0.00036892114439979196,0.9995705485343933,6.056255733710714e-05
2220.0,0.0003753049822989851,0.999624490737915,2.2715690306540637e-07
2221.0,1.7577241351318662e-07,0.9999984502792358,1.385356313221564e-06
2222.0,1.0500418284209445e-05,0.9999842643737793,5.237004643277032e-06
2223.0,0.02491484396159649,0.975078821182251,6.270554422371788e-06
2224.0,8.639490012285478e-09,0.9999937415122986,6.2429035097011365e-06
2225.0,0.00015134205750655383,0.999847412109375,1.2052015563313034e-06
2226.0,0.0011278839083388448,0.9988675713539124,4.535614152700873e-06
2227.0,0.046150121837854385,0.9538198113441467,3.0093149689491838e-05
2228.0,0.32383695244789124,0.6760410666465759,0.00012195164163131267
2229.0,0.00014920678222551942,0.999850332736969,4.953739107804722e-07
2230.0,0.9968143701553345,0.0031856051646173,3.530743342139431e-08
2231.0,0.9869142174720764,0.013083357363939285,2.463002601871267e-06
2232.0,1.8675125829759054e-05,0.9999797940254211,1.5063428691064473e-06
2233.0,7.82206726057666e-08,0.9999997615814209,1.3901015449846454e-07
2234.0,0.008169946260750294,0.991791307926178,3.8714748370693997e-05
2235.0,0.0026825922541320324,0.9972881078720093,2.930155096692033e-05
2236.0,0.9379989504814148,0.06183590367436409,0.00016510052955709398
2237.0,1.9504770421008288e-07,0.9999995827674866,2.378111503276159e-07
2238.0,1.4922716218279675e-05,0.999975860118866,9.179600056086201e-06
2239.0,2.6433701805217424e-07,0.9999996423721313,1.2278965755285753e-07
2240.0,7.678233916730282e-12,0.9999971985816956,2.823321665346157e-06
2241.0,1.3300194950716104e-05,0.9999816417694092,5.034540208725957e-06
2242.0,7.877100870246068e-06,0.99998939037323,2.7401333682064433e-06
2243.0,3.319010177804671e-09,0.9999998211860657,1.4738991183094186e-07
2244.0,2.4871664209058508e-05,0.9999260902404785,4.902813452645205e-05
2245.0,0.9999938607215881,5.899506504647434e-06,2.0268490175112674e-07
2246.0,0.020455321297049522,0.9794651865959167,7.949610153445974e-05
2247.0,7.238544640131295e-05,0.99992436170578,3.2125476536748465e-06
2248.0,0.00015448308840859681,0.9998418688774109,3.5980201573693193e-06
2249.0,1.867327625859616e-07,0.999999463558197,3.301396986898908e-07
2250.0,9.758777038413116e-14,1.0,8.438658660736564e-10
2251.0,0.0036677608732134104,0.996310293674469,2.193242107750848e-05
2252.0,1.091344237202918e-09,0.9883777499198914,0.011622224934399128
2253.0,5.9858200984308496e-05,0.9998431205749512,9.700921509647742e-05
2254.0,3.528967454258236e-06,0.999987781047821,8.691135917615611e-06
2255.0,0.06040523946285248,0.9391471743583679,0.00044760838500224054
2256.0,4.555972310527068e-08,0.9999998807907104,6.375376671030608e-08
2257.0,0.010526780039072037,0.9893985390663147,7.463501970050856e-05
2258.0,0.0006831724313087761,0.999283492565155,3.333517088321969e-05
2259.0,3.5140765248797834e-05,0.9999628663063049,1.9753549622691935e-06
2260.0,0.0005348645499907434,0.9994044899940491,6.063493128749542e-05
2261.0,0.9989225268363953,0.001073123188689351,4.367499968793709e-06
2262.0,1.1078141737286273e-09,0.9985607266426086,0.0014392932644113898
2263.0,0.0035608739126473665,0.996417760848999,2.138343916158192e-05
2264.0,6.638877675868571e-05,0.999927818775177,5.8001478464575484e-06
2265.0,5.347475240391475e-10,1.0,9.675230755457065e-11
2266.0,5.6344470067415386e-05,0.9999409914016724,2.685910203581443e-06
2267.0,0.999641478061676,0.00031203398248180747,4.6444405597867444e-05
2268.0,1.414705972353204e-24,0.9999651312828064,3.485152774374001e-05
2269.0,0.893866240978241,0.10583286732435226,0.0003009256615769118
2270.0,2.487660992755991e-07,0.9999995827674866,1.937289084708027e-07
2271.0,0.9999719858169556,2.774196218524594e-05,2.1213587331203598e-07
2272.0,4.141407702884514e-11,0.998032808303833,0.001967220799997449
2273.0,0.001599945593625307,0.9981303215026855,0.00026970129692927003
2274.0,2.3629472707398236e-05,0.9999731183052063,3.2608913898002356e-06
2275.0,2.9961182690385613e-07,0.9999995827674866,1.0551080720233585e-07
2276.0,4.929956887167464e-08,0.9999974966049194,2.427537538096658e-06
2277.0,0.897564709186554,0.10237937420606613,5.5914748372742906e-05
2278.0,2.9461431072519417e-09,1.0,1.101647439938347e-09
2279.0,0.0005986873293295503,0.9993925094604492,8.780149983067531e-06
2280.0,5.78878996293497e-07,0.9999991655349731,2.757594188551593e-07
2281.0,1.9376825548533816e-06,0.9999980330467224,3.7402227093252804e-08
2282.0,0.00021984765771776438,0.9997760057449341,4.103610535821645e-06
2283.0,1.308685521062003e-10,1.0,2.0699590652650812e-10
2284.0,1.1469676792330574e-05,0.9999761581420898,1.2376335689623374e-05
2285.0,0.8327073454856873,0.1671159267425537,0.00017676364223007113
2286.0,0.9895256757736206,0.009258811362087727,0.0012155298609286547
2287.0,1.324930423152182e-07,0.9999845027923584,1.5388244719360955e-05
2288.0,0.00035211959038861096,0.9996426105499268,5.244192834652495e-06
2289.0,0.020340850576758385,0.9796160459518433,4.307368362788111e-05
2290.0,9.628756743040867e-07,0.9956820607185364,0.004317005630582571
2291.0,2.1090267310341915e-09,0.9936487078666687,0.006351277697831392
2292.0,0.9995848536491394,0.0004126499989069998,2.529863195377402e-06
2293.0,0.9999933838844299,4.082320117504423e-07,6.279169610934332e-06
2294.0,2.4564495403056608e-12,0.9917656183242798,0.008234390057623386
2295.0,0.9995430707931519,0.0004568710282910615,2.212158989323143e-08
2296.0,2.7694705903580363e-11,1.0,2.762108985976397e-09
2297.0,2.9417066116366186e-07,0.999999463558197,1.6953322301560547e-07
2298.0,0.00036395207280293107,0.9996354579925537,5.722543505726208e-07
2299.0,1.0575408104784856e-08,1.0,6.197751339920288e-11
2300.0,9.029391897246155e-19,1.0,1.2629424415988577e-11
2301.0,1.8997265215148218e-05,0.9785723090171814,0.021408701315522194
2302.0,0.00367900263518095,0.9962502121925354,7.077815826050937e-05
2303.0,0.9999955892562866,3.766939016713877e-06,5.445953092930722e-07
2304.0,0.16448794305324554,0.8354515433311462,6.0527170717250556e-05
2305.0,0.000692114292178303,0.9990973472595215,0.00021053485397715122
2306.0,4.4102831452619284e-05,0.9999551773071289,7.18101546226535e-07
2307.0,0.10076654702425003,0.8992263078689575,7.172860478021903e-06
2308.0,1.3368349482956177e-10,1.0,7.439394877906125e-09
2309.0,0.9458945989608765,0.05409574881196022,9.634633897803724e-06
2310.0,3.4067504373069823e-10,1.0,1.0632286162604032e-08
2311.0,0.009878446348011494,0.9900060296058655,0.00011554755474207923
2312.0,1.114396117728262e-16,1.0,1.0287944975095886e-11
2313.0,2.2047614844922236e-09,0.9999995231628418,4.6576468548664707e-07
2314.0,1.8212229235814448e-07,0.9999997019767761,9.457954774916288e-08
2315.0,4.281087745590384e-13,1.0,5.6990856478478236e-09
2316.0,6.024692411621402e-10,0.9999738335609436,2.6159288609051146e-05
2317.0,0.7487511038780212,0.25123026967048645,1.8666158211999573e-05
2318.0,1.315240069743595e-06,0.99996417760849,3.44661129929591e-05
2319.0,0.9965004920959473,0.0034994652960449457,1.3062981807365759e-08
2320.0,0.8597304821014404,0.14021183550357819,5.766718459199183e-05
2321.0,1.9964800923588655e-09,0.9999988675117493,1.1113151003883104e-06
2322.0,1.4299959870747725e-12,1.0,5.5955622080272605e-11
2323.0,3.856456975699647e-21,1.0,1.4071676983362646e-11
2324.0,2.9167537718421954e-08,0.999998927116394,1.0523763194214553e-06
2325.0,3.46687447745353e-05,0.99996018409729,5.15243209520122e-06
2326.0,0.02257816307246685,0.9772766828536987,0.00014511021436192095
2327.0,2.4199861670126666e-08,0.9999992847442627,6.819588520556863e-07
2328.0,1.0314300524782993e-09,0.9999998807907104,1.4075527587920078e-07
2329.0,0.00012819032417610288,0.9998706579208374,1.1938640227526776e-06
2330.0,4.743138148910475e-08,0.9999995827674866,3.527990202201181e-07
2331.0,0.0046915095299482346,0.9948685765266418,0.0004399326862767339
2332.0,5.422927107368025e-10,0.9999999403953552,4.888718763140787e-08
2333.0,0.0010527693666517735,0.9989437460899353,3.4865063298639143e-06
2334.0,3.853066573356045e-06,0.9999873042106628,8.778340088611003e-06
2335.0,0.003986181691288948,0.975419819355011,0.02059403993189335
2336.0,0.07954776287078857,0.920445442199707,6.792449767090147e-06
2337.0,9.561344631947577e-05,0.9998754262924194,2.8895199648104608e-05
2338.0,0.011212015524506569,0.9885997176170349,0.00018827078747563064
2339.0,1.328065309280646e-06,0.9999978542327881,8.18915793843189e-07
2340.0,4.559829076822286e-12,1.0,1.4220437050127543e-09
2341.0,3.203098586368469e-08,0.9999999403953552,3.127453407358871e-09
2342.0,0.01191249955445528,0.9880198836326599,6.762676639482379e-05
2343.0,1.6305186367748803e-13,0.990719199180603,0.00928080640733242
2344.0,4.0888606389621884e-10,0.9999999403953552,7.600780804750684e-08
2345.0,1.6690678839026418e-09,0.9999998807907104,1.0365423719349565e-07
2346.0,0.8661604523658752,0.13377594947814941,6.360845873132348e-05
2347.0,1.8274182080751933e-12,0.9999998211860657,1.9422338937147288e-07
2348.0,3.970714601564396e-08,0.9999999403953552,1.8664354506370273e-09
2349.0,0.005786769557744265,0.9941885471343994,2.4651937565067783e-05
2350.0,0.00045720161870121956,0.9995320439338684,1.0754085451480933e-05
2351.0,7.123614409465517e-07,0.9999972581863403,1.9803244413196808e-06
2352.0,0.962277889251709,0.037581413984298706,0.0001406263909302652
2353.0,0.02673913538455963,0.9646919965744019,0.008568827994167805
2354.0,4.765988818877798e-12,0.9999982714653015,1.752332764226594e-06
2355.0,5.3214733952700044e-08,0.9999979734420776,1.9842932488245424e-06
2356.0,4.594591871409648e-07,0.9999995231628418,1.3952638155956265e-08
2357.0,0.07961287349462509,0.9203645586967468,2.2607677237829193e-05
2358.0,1.0560275143234321e-07,0.9999983310699463,1.57175304593693e-06
2359.0,0.018333207815885544,0.9814746379852295,0.0001921371149364859
2360.0,0.9999949932098389,4.981754500477109e-06,2.382834152214741e-09
2361.0,3.4548199323580775e-07,0.9999943375587463,5.3274957281246316e-06
2362.0,2.904015673266258e-06,0.9999958872795105,1.2208246289446834e-06
2363.0,4.296539568571234e-09,1.0,1.3180181390737289e-09
2364.0,7.747791741508081e-09,0.9999980330467224,1.9548606360331178e-06
2365.0,7.696213287999853e-05,0.9999166131019592,6.415456027752953e-06
2366.0,2.270359436806757e-05,0.999975323677063,1.931147835421143e-06
2367.0,0.024980921298265457,0.9750006794929504,1.837750824051909e-05
2368.0,0.007354766596108675,0.9926076531410217,3.755377110792324e-05
2369.0,0.026044948026537895,0.9738383293151855,0.00011672287655528635
2370.0,2.642826473220339e-07,0.9999982118606567,1.544458882563049e-06
2371.0,2.5160634322674014e-06,0.9999783635139465,1.908069316414185e-05
2372.0,2.1587611797983797e-13,0.9999999403953552,5.084341125893843e-08
2373.0,0.990845799446106,0.009074687026441097,7.950687722768635e-05
2374.0,5.5235027218714094e-08,0.9999998807907104,8.527321426754497e-08
2375.0,1.1835521007697025e-07,0.9999970197677612,2.8509725780168083e-06
2376.0,7.638936988659754e-16,1.0,2.2199520867405287e-12
2377.0,0.9999960660934448,3.914452918252209e-06,3.794356085026155e-15
2378.0,1.4426776942855213e-05,0.9999855160713196,1.141380057134711e-08
2379.0,5.130559088684095e-09,1.0201627986816675e-07,0.9999998807907104
2380.0,4.067342888447456e-05,0.9999575614929199,1.6926076114032185e-06
2381.0,1.3359000377022312e-06,0.9999942779541016,4.418784556037281e-06
2382.0,2.0750635931765515e-10,0.0011518335668370128,0.9988481998443604
2383.0,0.000559094303753227,0.9993961453437805,4.4785498175770044e-05
2384.0,0.005094186868518591,0.9948652386665344,4.060746869072318e-05
2385.0,0.0031315439846366644,0.9968520998954773,1.6313577361870557e-05
2386.0,1.501621937904929e-07,0.9999986290931702,1.2155953754700022e-06
2387.0,0.9980528354644775,0.0019452647538855672,1.928169467646512e-06
2388.0,1.2292322548572172e-14,0.9999998807907104,6.349353043333394e-08
2389.0,1.0,1.221296572580981e-16,4.192282285209181e-11
2390.0,2.0355748802103335e-06,0.9999942183494568,3.7222293940430973e-06
2391.0,0.9871976375579834,0.012794721871614456,7.723053386143874e-06
2392.0,9.32571947487304e-06,0.9951527118682861,0.004837986081838608
2393.0,0.00018468088819645345,0.9998100996017456,5.170172244106652e-06
2394.0,9.935182561093825e-07,0.9999504089355469,4.859565160586499e-05
2395.0,0.0031023509800434113,0.9968969225883484,7.507770760639687e-07
2396.0,4.842390239900851e-07,0.999999463558197,1.2273244642813097e-09
2397.0,0.004720464814454317,0.9951180219650269,0.00016153804608620703
2398.0,3.7074920555824065e-07,0.9999966025352478,3.018835059265257e-06
2399.0,7.999874895858738e-08,0.9999982118606567,1.712395146569179e-06
2400.0,9.44539497140795e-05,0.9998893141746521,1.621157025510911e-05
2401.0,0.0003583221114240587,0.9996300935745239,1.1563260159164201e-05
2402.0,1.0262566547680763e-06,0.999997615814209,1.3701121588383103e-06
2403.0,8.133126503274014e-15,1.0,5.326406538053163e-10
2404.0,1.6113032019759999e-09,1.0,2.6338014436078083e-08
2405.0,6.556533094226324e-07,0.9999967813491821,2.534682153054746e-06
2406.0,0.9247757792472839,0.07485580444335938,0.0003684317343868315
2407.0,0.018124202266335487,0.9817585349082947,0.0001172655465779826
2408.0,6.481222953880206e-07,0.9999993443489075,2.7437566885168962e-08
2409.0,0.8983178734779358,0.10165806859731674,2.4102404495351948e-05
2410.0,3.219762512163271e-10,1.0,1.719811619504963e-11
2411.0,1.5164016531343805e-06,0.9999979734420776,4.841288614443329e-07
2412.0,0.005102952476590872,0.9946657419204712,0.000231252153753303
2413.0,0.014787156134843826,0.9852005243301392,1.2318416338530369e-05
2414.0,1.0924922122512726e-07,0.9999971985816956,2.734124109338154e-06
2415.0,0.04133008047938347,0.9586009979248047,6.894606485730037e-05
2416.0,0.017953813076019287,0.9820227026939392,2.3425405743182637e-05
2417.0,1.0666593652786105e-06,0.9999988675117493,7.699449611209275e-08
2418.0,0.09651614725589752,0.9032507538795471,0.00023310678079724312
2419.0,0.9996172189712524,0.00038239097921177745,4.245132458891021e-07
2420.0,0.9995920062065125,0.0003581458004191518,4.9850346840685233e-05
2421.0,0.00040046486537903547,0.999597430229187,2.0976749510737136e-06
2422.0,1.0,2.653151538775332e-26,4.37404405977997e-17
2423.0,2.4643032503490758e-08,0.9999993443489075,6.559440635101055e-07
2424.0,0.9977684617042542,0.0022286861203610897,2.8591246064024745e-06
2425.0,0.02533790096640587,0.9745523929595947,0.00010976428166031837
2426.0,1.5525603025423607e-10,0.9999999403953552,6.052985668247857e-08
2427.0,2.730596027067378e-10,1.0,2.213216721003164e-09
2428.0,1.8886325051425956e-05,0.9999677538871765,1.335361594101414e-05
2429.0,0.9999688267707825,3.084878335357644e-05,2.5275613779740524e-07
2430.0,0.0004712584486696869,0.3355269730091095,0.6640017628669739
2431.0,0.01406690664589405,0.9859251379966736,7.934409040899482e-06
2432.0,0.0003557591116987169,0.9996428489685059,1.4225414588509011e-06
2433.0,9.115141210713773e-07,0.9999984502792358,5.95988581153506e-07
2434.0,0.0004334443947300315,0.9995281100273132,3.8435413443949074e-05
2435.0,7.441487832693383e-05,0.9999253749847412,1.690572588586292e-07
2436.0,1.1217445717193186e-05,0.9999887347221375,1.7318374290198335e-08
2437.0,7.565854609481448e-10,0.9999999403953552,3.296641892802654e-08
2438.0,0.00015720321971457452,0.9998340010643005,8.798563612799626e-06
2439.0,0.012051643803715706,0.9879315495491028,1.678671469562687e-05
2440.0,1.5909477069087075e-09,0.9999999403953552,4.506761541733795e-08
2441.0,0.9999361038208008,5.749119009124115e-05,6.471148935816018e-06
2442.0,2.699560752716934e-07,0.9999987483024597,1.0322812613594579e-06
2443.0,0.0010110803414136171,0.9987684488296509,0.0002204717166023329
2444.0,7.899647243903019e-06,0.9999197721481323,7.234532677102834e-05
2445.0,5.473254077514866e-06,0.9999922513961792,2.267633817609749e-06
2446.0,6.883085734443739e-05,0.9999291896820068,1.941088612511521e-06
2447.0,7.152343641791958e-07,0.9999973773956299,1.9040510323975468e-06
2448.0,0.9999510645866394,3.471290256129578e-05,1.4199464203557e-05
2449.0,0.00024872561334632337,0.9997511506080627,1.6924285262120975e-07
2450.0,0.0002594771212898195,0.9997405409812927,2.831963992738079e-13
2451.0,1.0,1.487313791819888e-14,4.256088814713621e-09
2452.0,2.462888630816451e-07,0.9999995231628418,2.1635236180372885e-07
2453.0,8.05700253181385e-08,0.9999994039535522,5.085045700070623e-07
2454.0,1.6451635886927107e-10,1.0,5.126866379351336e-12
2455.0,0.005301051307469606,0.9946510791778564,4.784589327755384e-05
2456.0,9.397467248817293e-10,1.0,7.862192674679136e-09
2457.0,3.0973890119412317e-10,0.9999999403953552,4.566626188307055e-08
2458.0,0.0012780640972778201,0.9986566305160522,6.527360528707504e-05
2459.0,1.6150222492683497e-08,0.9999971389770508,2.8466436106100446e-06
2460.0,5.048843220128822e-15,1.0,1.37782080734364e-14
2461.0,1.5147535123105627e-05,0.9999842643737793,5.494367201208661e-07
2462.0,0.9481319785118103,0.05169723555445671,0.000170815663295798
2463.0,2.4845544797425824e-14,0.9999992847442627,6.892709052408463e-07
2464.0,0.0001985300041269511,0.999798595905304,2.8420236048987135e-06
2465.0,0.9999532103538513,4.482093936530873e-05,1.8921498394774972e-06
2466.0,0.9985625147819519,0.0014366902178153396,7.444487550856138e-07
2467.0,0.0033008912578225136,0.996595025062561,0.00010412144911242649
2468.0,3.663090319605544e-05,0.9999633431434631,4.711492085363034e-09
2469.0,2.3158260031852507e-11,0.9976569414138794,0.0023430329747498035
2470.0,8.222887970532611e-08,0.9999997019767761,1.7671499108473654e-07
2471.0,1.8403020476398524e-06,0.9999954104423523,2.719533540584962e-06
2472.0,0.09124424308538437,0.9087088704109192,4.684540181187913e-05
2473.0,4.3381541414699853e-11,1.0,3.459632136326718e-09
2474.0,4.040329440613277e-05,0.9999583959579468,1.1482256923045497e-06
2475.0,0.9999999403953552,5.603725816705207e-10,5.429654592603583e-08
2476.0,0.009594090282917023,0.9904036521911621,2.307780505361734e-06
2477.0,8.111602255667094e-06,0.9999909996986389,8.663080848236859e-07
2478.0,2.347369587596404e-07,0.9999998211860657,9.651753174466648e-09
2479.0,0.0008700576727278531,0.9991171360015869,1.2822643839172088e-05
2480.0,2.4017950636334717e-05,0.9471135139465332,0.052862510085105896
2481.0,1.6124364776715083e-07,0.9999960064888,3.835845291177975e-06
2482.0,2.3153297661338e-05,0.9999759197235107,9.238119673682377e-07
2483.0,0.0006325634312815964,0.9993319511413574,3.546102379914373e-05
2484.0,4.820562367058301e-07,0.9999979138374329,1.5769384162922506e-06
2485.0,6.198762747544606e-08,0.9999999403953552,1.1528775267777291e-08
2486.0,1.8806589707764942e-07,0.9983549118041992,0.001644892618060112
2487.0,0.00012924092879984528,0.9997685551643372,0.00010225040750810876
2488.0,2.6798240276154628e-12,1.0,6.434746832595373e-12
2489.0,0.002625240245833993,0.9973270893096924,4.7642992285545915e-05
2490.0,6.908904310876096e-07,0.9999938607215881,5.474744284583721e-06
2491.0,4.0649429138284177e-05,0.9999585747718811,7.35060382339725e-07
2492.0,2.378019114956942e-09,1.0,4.885468918303104e-09
2493.0,0.0005018843803554773,0.9994463324546814,5.1784976676572114e-05
2494.0,2.01897947249563e-07,0.9999996423721313,1.427346489890624e-07
2495.0,0.04417037218809128,0.9558290243148804,5.70289103052346e-07
2496.0,0.09369297325611115,0.9061815142631531,0.00012548196536954492
2497.0,4.117400051548842e-13,0.9999998211860657,1.6259629376236262e-07
2498.0,1.9492916180752218e-05,0.9999155402183533,6.493293767562136e-05
2499.0,7.214413392858318e-15,1.0,6.1316147471901505e-12
2500.0,0.004252019803971052,0.9957475662231445,4.411752172472916e-07
2501.0,0.004648146219551563,0.9953404068946838,1.14485037556733e-05
2502.0,5.862114127452855e-10,1.0,4.165560119062661e-10
2503.0,0.004701185971498489,0.995265781879425,3.305937207187526e-05
2504.0,4.396504246798438e-18,1.0,3.150236668747475e-11
2505.0,9.619663288162883e-09,0.999999463558197,5.737989567933255e-07
2506.0,5.5581854674358055e-09,0.999998152256012,1.8203415947937174e-06
2507.0,8.468763884605934e-12,0.9999876618385315,1.2334448911133222e-05
2508.0,0.0056338440626859665,0.9943456053733826,2.05782907869434e-05
2509.0,3.5610669328889344e-06,0.9999886155128479,7.860197001718916e-06
2510.0,7.306549462682277e-12,1.0,1.744543731696524e-09
2511.0,2.5705221560201608e-06,0.9999886751174927,8.76401554705808e-06
2512.0,8.975674177236215e-07,0.9999989867210388,1.3859306591257337e-07
2513.0,0.9428092241287231,0.05667325481772423,0.0005175111582502723
2514.0,0.0005692446138709784,0.9994218945503235,8.87843816599343e-06
2515.0,0.0001618885580683127,0.999809980392456,2.810768455674406e-05
2516.0,1.2735723120636117e-14,0.999999463558197,5.220771299718763e-07
2517.0,0.014823993667960167,0.9850491285324097,0.00012692113523371518
2518.0,3.5305722576595144e-06,0.9999957084655762,7.375797963504738e-07
2519.0,1.7792985973485997e-09,0.9999776482582092,2.2364612959790975e-05
2520.0,0.009328441694378853,0.990650475025177,2.1138715965207666e-05
2521.0,2.3988557806831068e-09,0.9999967813491821,3.211160219507292e-06
2522.0,1.2409013550040981e-07,0.9999998211860657,6.355311654715479e-08
2523.0,1.057352710631676e-05,0.9999889135360718,5.518199373000243e-07
2524.0,1.0794270565384068e-05,0.9999890327453613,1.6405853386913805e-07
2525.0,0.6519426703453064,0.34805160760879517,5.791214334749384e-06
2526.0,5.3170150688393954e-17,1.0,2.1476027553535282e-11
2527.0,1.891079591587186e-05,0.999978244304657,2.860740323740174e-06
2528.0,0.00011625267507042736,0.9998697638511658,1.4046222531760577e-05
2529.0,1.8983761037816294e-05,0.9999718070030212,9.198896805173717e-06
2530.0,2.1801888578920625e-06,0.9999948740005493,2.942064611488604e-06
2531.0,0.9950118064880371,0.0049363430589437485,5.1917020755354315e-05
2532.0,9.84511734714033e-06,0.9999890327453613,1.0860790098377038e-06
2533.0,8.052482735365629e-05,0.9999184608459473,1.0143958206754178e-06
2534.0,0.00036075463867746294,0.6619935631752014,0.33764564990997314
2535.0,2.97823607979808e-05,0.999970018863678,1.7014987463426223e-07
2536.0,1.7672043299207796e-12,1.0,2.691540768040568e-09
2537.0,2.348315604194795e-07,0.9999988079071045,9.576840511726914e-07
2538.0,1.736506405336513e-08,0.9999998807907104,9.575939685646517e-08
2539.0,1.284669652431672e-19,1.0,2.869218399112125e-14
2540.0,8.631768802329354e-13,0.9999994039535522,6.118463033999433e-07
2541.0,1.0154636853609844e-10,0.9999993443489075,6.664086527052859e-07
2542.0,1.9903373171814565e-08,0.9999998211860657,1.0178322185083744e-07
2543.0,0.0012945416383445263,0.9986622333526611,4.321718370192684e-05
2544.0,0.9832164645195007,0.016761640086770058,2.192829742853064e-05
2545.0,2.1904297682340257e-06,0.9999759793281555,2.1815410946146585e-05
2546.0,0.770327627658844,0.22962817549705505,4.4185500883031636e-05
2547.0,3.358016556376242e-06,0.9999935030937195,3.1607987693860196e-06
2548.0,1.5555914956166816e-07,0.9999875426292419,1.2281952876946889e-05
2549.0,1.2411711418971192e-16,1.0,1.2829471859876485e-11
2550.0,4.709401764557697e-06,0.9999809861183167,1.432045792171266e-05
2551.0,2.7750671506510116e-05,0.9999717473983765,4.3847799702234624e-07
2552.0,0.07095305621623993,0.9290453195571899,1.6909103806028725e-06
2553.0,3.498124012679682e-11,0.99996018409729,3.980918336310424e-05
2554.0,0.006791490595787764,0.9931701421737671,3.830905188806355e-05
2555.0,5.110840675115469e-07,0.999999463558197,5.268973524152898e-08
2556.0,1.8337358541342663e-12,1.0,1.4039395201947968e-09
2557.0,8.536754467058927e-05,0.9996112585067749,0.0003034122346434742
2558.0,1.583323923359803e-11,0.9999881982803345,1.1800155334640294e-05
2559.0,0.01633676514029503,0.9836534261703491,9.771924851520453e-06
2560.0,0.20213821530342102,0.797770619392395,9.115590364672244e-05
2561.0,0.02256856858730316,0.9773753881454468,5.6046570534817874e-05
2562.0,1.1899903284984248e-07,0.9999844431877136,1.54395147546893e-05
2563.0,0.004131093621253967,0.9958670139312744,1.9272026747785276e-06
2564.0,3.3869897768460657e-15,1.0,1.0711159043053087e-10
2565.0,0.0022371511440724134,0.9977378845214844,2.4948583813966252e-05
2566.0,0.0008159852586686611,0.9991707801818848,1.3245216905488633e-05
2567.0,3.0272551612142706e-06,0.9999943971633911,2.5679985355964163e-06
2568.0,4.164363645031699e-07,0.999998152256012,1.418933834429481e-06
2569.0,2.1103792324783655e-10,1.0,1.9580770338478715e-09
2570.0,2.849114082437154e-07,0.9999982118606567,1.542067820992088e-06
2571.0,0.00033807838917709887,0.9996606707572937,1.2140797025494976e-06
2572.0,3.994763119408162e-06,0.9999955892562866,4.443492684913508e-07
2573.0,2.903948015386959e-08,1.0,1.0309848974543456e-08
2574.0,0.9999871850013733,9.835062883212231e-06,2.9275174711074214e-06
2575.0,0.0018704727990552783,0.998111367225647,1.8147880837204866e-05
2576.0,1.7101090543647501e-09,1.0,1.5537757747097203e-09
2577.0,1.3938425581727643e-05,0.9999653100967407,2.075656084343791e-05
2578.0,0.2496577799320221,0.750124990940094,0.00021728809224441648
2579.0,7.942008828365488e-09,0.9978938102722168,0.002106155501678586
2580.0,4.6598134417763504e-07,0.999998927116394,6.175905014060845e-07
2581.0,1.1845262184312366e-12,1.0,1.3889970063019064e-08
2582.0,1.424002148836534e-11,1.0,1.053930033523276e-11
2583.0,0.007013469934463501,0.992962658405304,2.3839074856368825e-05
2584.0,1.8211936814302096e-15,1.0,9.721431125375712e-12
2585.0,0.9999944567680359,5.251641141512664e-06,2.9703056725338683e-07
2586.0,8.265010364993941e-07,0.9999991059303284,4.490422966796359e-08
2587.0,1.0,3.1269805199503863e-15,2.796412580663432e-11
2588.0,0.01857142150402069,0.9811102747917175,0.0003183033550158143
2589.0,1.0,1.7372690067638772e-29,5.515101106141781e-19
2590.0,8.619827941702685e-13,1.0,3.5122826869127266e-10
2591.0,1.3795090403334598e-08,0.9999969601631165,3.032907443412114e-06
2592.0,3.6187448870794725e-11,0.999998152256012,1.818455416469078e-06
2593.0,0.006047251634299755,0.993949294090271,3.434254495005007e-06
2594.0,8.1248197059125e-10,0.9999764561653137,2.3548040189780295e-05
2595.0,0.0002889135212171823,0.9997023344039917,8.79940671438817e-06
2596.0,4.768705874624857e-09,0.9999999403953552,6.109912220608749e-08
2597.0,1.3205551852024655e-07,0.9999998211860657,4.181556789717433e-08
2598.0,0.9988207817077637,0.0011641442542895675,1.5047342458274215e-05
2599.0,1.2093031727999914e-05,0.9999833703041077,4.527345026872354e-06
2600.0,1.7807562471716665e-05,0.9999774098396301,4.728563908429351e-06
2601.0,7.334125712077366e-06,0.9999911189079285,1.5672360405005747e-06
2602.0,0.9999954104423523,1.748437625792576e-07,4.417770924192155e-06
2603.0,0.012504976242780685,0.9874906539916992,4.371288468973944e-06
2604.0,0.00040932430420070887,0.9698588848114014,0.0297318696975708
2605.0,2.2431026081903838e-05,0.9983654618263245,0.001612104824744165
2606.0,0.0013266049791127443,0.9986678957939148,5.499115104612429e-06
2607.0,0.010009096935391426,0.9896608591079712,0.0003300837997812778
2608.0,0.9996852874755859,0.0003139824839308858,6.76248987474537e-07
2609.0,0.982902467250824,0.016891298815608025,0.00020622540614567697
2610.0,0.000827820273116231,0.9991708397865295,1.3248156847112114e-06
2611.0,4.672122304327786e-05,0.9999408721923828,1.2402789252519142e-05
2612.0,6.273561439229525e-07,0.999998927116394,4.4441574686970853e-07
2613.0,3.0095094416537904e-08,0.9999999403953552,9.419528268495014e-09
2614.0,0.020522378385066986,0.9794740676879883,3.5708039831661154e-06
2615.0,1.5639803052636125e-07,0.999998152256012,1.67450752996956e-06
2616.0,5.555657930228497e-14,0.9999999403953552,1.1307513858582752e-07
2617.0,8.009952666150188e-15,1.0,1.2433124191649214e-12
2618.0,2.3053875223613216e-18,1.0,2.8013158334888946e-16
2619.0,0.00200178986415267,0.9979971647262573,1.04229468433914e-06
2620.0,2.9110729826697934e-08,1.0,5.48338663364234e-09
2621.0,3.2067327992990613e-06,0.9999967813491821,3.3448152692017175e-08
2622.0,6.235257501430169e-07,0.9999622106552124,3.718297011801042e-05
2623.0,0.0003441297449171543,0.9996163845062256,3.946662036469206e-05
2624.0,0.003146246774122119,0.9968006610870361,5.307172250468284e-05
2625.0,1.9855398932122625e-05,0.9999271035194397,5.305755257722922e-05
2626.0,6.518516784126405e-07,0.9999967217445374,2.6436375719640637e-06
2627.0,7.860297046136111e-06,0.9999920129776001,1.4874714793222665e-07
2628.0,0.10616659373044968,0.8923460245132446,0.001487388159148395
2629.0,2.7606378353084438e-05,0.9999709129333496,1.4743027350050397e-06
2630.0,0.9885721802711487,0.0016196509823203087,0.00980815477669239
2631.0,0.9997238516807556,0.00027417385717853904,1.9827216419798788e-06
2632.0,0.9529917240142822,0.04699349030852318,1.4855960216664243e-05
2633.0,0.008141313679516315,0.9918379187583923,2.0808407498407178e-05
2634.0,0.9987824559211731,0.0012111375108361244,6.352538548526354e-06
2635.0,1.0043618714483671e-11,1.0,6.9905685684545915e-09
2636.0,2.1277169262590157e-11,1.0,9.539045109363542e-10
2637.0,0.002799724694341421,0.9971998333930969,4.770407713294844e-07
2638.0,8.035490139945978e-08,0.9999982118606567,1.6677158782840706e-06
2639.0,5.712254846912401e-08,0.9999998807907104,6.34818064781939e-08
2640.0,2.6543947595492057e-11,0.9999974370002747,2.564928081483231e-06
2641.0,2.097340612294829e-08,0.9999999403953552,5.810858283439302e-08
2642.0,0.0008092797943390906,0.9991475939750671,4.311007432988845e-05
2643.0,0.8280903697013855,0.17184849083423615,6.114456482464448e-05
2644.0,2.904835309891496e-05,0.9999662637710571,4.673020157497376e-06
2645.0,0.9824499487876892,0.01733952946960926,0.00021048513008281589
2646.0,2.510795411581057e-06,0.9999950528144836,2.482135641912464e-06
2647.0,4.3129515688633546e-05,0.9999567270278931,1.1866412563676931e-07
2648.0,0.03402215987443924,0.9638206362724304,0.0021572099067270756
2649.0,0.00015453023661393672,0.999806821346283,3.8615016819676384e-05
2650.0,1.5774090570630506e-05,0.9999728202819824,1.140044696512632e-05
2651.0,3.80127893606641e-08,0.9999833106994629,1.6693897123332135e-05
2652.0,0.14233700931072235,0.8567878007888794,0.000875184137839824
2653.0,0.000736821151804179,0.9992626309394836,5.279961214910145e-07
2654.0,5.646371148415597e-10,0.9999998211860657,1.49468107224493e-07
2655.0,0.9969388246536255,0.003020612755790353,4.057214391650632e-05
2656.0,1.81334835360758e-05,0.9999623894691467,1.9488867110339925e-05
2657.0,2.1954729163553566e-05,0.9999609589576721,1.7111875422415324e-05
2658.0,2.3925661452040003e-08,0.9999994039535522,5.524747734853008e-07
2659.0,0.0001664724259171635,0.9998093247413635,2.4224649678217247e-05
2660.0,0.027687501162290573,0.9722486138343811,6.390873750206083e-05
2661.0,0.8268828988075256,0.17291373014450073,0.00020345200027804822
2662.0,2.826854306192672e-08,0.9985395073890686,0.0014604683965444565
2663.0,1.3253243196231779e-05,0.21025295555591583,0.7897337079048157
2664.0,9.321284778707195e-06,0.9999906420707703,4.4035215474025335e-09
2665.0,0.00018194213043898344,0.9997915625572205,2.6480400265427306e-05
2666.0,0.0009718685760162771,0.99895179271698,7.63522693887353e-05
2667.0,0.8142204880714417,0.18500970304012299,0.000769829552154988
2668.0,5.958519295745646e-07,0.9999983906745911,1.033594571708818e-06
2669.0,0.0004042639338877052,0.999594509601593,1.1976173937000567e-06
2670.0,3.579383019364571e-14,0.9999994039535522,5.834734224663407e-07
2671.0,2.371653451405109e-08,0.9999999403953552,1.71296878903604e-08
2672.0,4.46702051704051e-06,0.9998521208763123,0.00014342341455630958
2673.0,3.620707900164888e-11,0.9998819828033447,0.00011796667240560055
2674.0,0.0001703951129456982,0.999824047088623,5.539897301787278e-06
2675.0,5.972158878542189e-11,0.9999999403953552,3.2036659547429736e-08
2676.0,0.00023314614372793585,0.9997568726539612,9.950887942977715e-06
2677.0,0.002762935124337673,0.9972158074378967,2.1217658286332153e-05
2678.0,6.375226088277961e-15,1.0,3.4943992144320646e-09
2679.0,0.17246104776859283,0.8275383710861206,6.064699391572503e-07
2680.0,7.337385907191241e-13,0.9999935626983643,6.440943707275437e-06
2681.0,0.00627690926194191,0.9937184453010559,4.643728516384726e-06
2682.0,2.273668041002057e-16,1.0,8.986261734733603e-11
2683.0,0.010014704428613186,0.9899582862854004,2.70338114205515e-05
2684.0,1.557162221388353e-07,0.9999903440475464,9.535546269034967e-06
2685.0,0.016696317121386528,0.9833014011383057,2.2777965114073595e-06
2686.0,3.8306165067069275e-17,1.0,1.2879398068876835e-11
2687.0,0.9996265769004822,0.0003664903633762151,7.039675892883679e-06
2688.0,5.467669473803678e-17,1.0,2.6975309097565514e-08
2689.0,1.603492819413077e-05,0.988000750541687,0.011983197182416916
2690.0,1.9826465122441128e-11,1.0,7.212012653745603e-10
2691.0,2.9268258927572788e-09,1.0,3.3764684381765164e-09
2692.0,5.1763198172238845e-09,0.9997490048408508,0.0002509886398911476
2693.0,1.034081891296279e-12,0.9999679327011108,3.207979170838371e-05
2694.0,0.6556658148765564,0.3436703681945801,0.0006637735059484839
2695.0,0.13487668335437775,0.8650515079498291,7.183602428995073e-05
2696.0,0.00029890748555772007,0.9996951222419739,5.958338078926317e-06
2697.0,0.0004892332362942398,0.9994739294052124,3.681374073494226e-05
2698.0,0.9942602515220642,0.005598867777734995,0.0001408889511367306
2699.0,0.0005339512717910111,0.9988956451416016,0.0005703786155208945
2700.0,5.97079108377585e-10,0.9997003674507141,0.00029959596577100456
2701.0,4.3087561296673016e-11,0.9999910593032837,8.985167369246483e-06
2702.0,1.6750975191826e-05,0.9999830722808838,1.6084186427178793e-07
2703.0,3.689393270178698e-05,0.9999499917030334,1.3137962014297955e-05
2704.0,0.9956112504005432,0.004356297664344311,3.238430144847371e-05
2705.0,3.614080146263632e-09,1.0,4.2927245091917143e-10
2706.0,0.8616803288459778,0.1379709243774414,0.00034877005964517593
2707.0,0.009940564632415771,0.9900045394897461,5.490595503943041e-05
2708.0,3.6014034776599146e-07,0.007860097102820873,0.9921395182609558
2709.0,4.241383066982962e-05,0.9999479055404663,9.686196790426038e-06
2710.0,0.996271550655365,0.0037167672999203205,1.169403640233213e-05
2711.0,1.7183941963594407e-05,0.9999791383743286,3.6517246826406335e-06
2712.0,6.412282971268723e-08,0.9999998211860657,1.1720818804406008e-07
2713.0,1.386445092066424e-05,0.9999855756759644,6.230365556803008e-07
2714.0,0.010996202006936073,0.9889400005340576,6.379094702424482e-05
2715.0,6.137213404144859e-09,0.9999999403953552,4.824769916922378e-08
2716.0,1.8720180960940525e-08,0.9999945163726807,5.465159574669087e-06
2717.0,0.00036956084659323096,0.9996287226676941,1.7101150433518342e-06
2718.0,3.454154580140312e-07,0.9999995827674866,7.253849787502986e-08
2719.0,0.02082096040248871,0.9790771007537842,0.00010192816989729181
2720.0,0.07950005680322647,0.919457733631134,0.0010422153864055872
2721.0,3.5466607428702446e-09,0.999998152256012,1.8377680817138753e-06
2722.0,1.0051673035582631e-12,1.0,1.3887152061978214e-12
2723.0,1.0097406999420855e-07,0.9999969005584717,2.949447662103921e-06
2724.0,0.9911553859710693,0.008841331116855145,3.3110309232142754e-06
2725.0,2.6129285062394866e-15,0.9999997019767761,3.231262439840066e-07
2726.0,0.008717968128621578,0.9912595152854919,2.2489572074846365e-05
2727.0,8.481776045399236e-12,1.0,3.894382732960722e-11
2728.0,0.00037157308543100953,0.9996200203895569,8.462079676974099e-06
2729.0,6.468706452553764e-19,1.0,7.478257596504889e-11
2730.0,0.006790637504309416,0.9910767078399658,0.002132668159902096
2731.0,6.898021737145044e-11,1.0,2.8736417689856353e-08
2732.0,1.13388584545987e-12,0.9999998807907104,1.2753272926602222e-07
2733.0,3.446905694204361e-08,0.9999999403953552,3.1388369681195627e-09
2734.0,0.9998052716255188,0.0001913344458444044,3.351535497131408e-06
2735.0,0.00013787328498438,0.9998546838760376,7.445819392160047e-06
2736.0,0.8264869451522827,0.1734561026096344,5.698144741472788e-05
2737.0,0.002556226681917906,0.9970760941505432,0.00036769546568393707
2738.0,6.5229260144406e-06,0.9999890327453613,4.450434062164277e-06
2739.0,1.0793912430528962e-09,0.9999996423721313,3.2745649036769464e-07
2740.0,1.1365443697286537e-08,0.9999999403953552,3.191854958117801e-08
2741.0,6.486368420155486e-07,0.9999992847442627,5.352176657424934e-08
2742.0,0.06301728636026382,0.9367861747741699,0.0001965489936992526
2743.0,7.91651813547567e-12,0.9899603128433228,0.010039698332548141
2744.0,0.9992643594741821,0.0005930943880230188,0.00014259519230108708
2745.0,0.0015541265020146966,0.9980544447898865,0.00039142946479842067
2746.0,1.2315686999510116e-16,1.0,3.6184292895313774e-08
2747.0,6.978587043704465e-05,0.9999279975891113,2.2490994524559937e-06
2748.0,4.222323379821091e-09,0.9979885220527649,0.002011470962315798
2749.0,5.792968295281753e-06,0.999661386013031,0.0003328399034217
2750.0,7.011962588876486e-05,0.9999090433120728,2.0848614440183155e-05
2751.0,6.391085403786758e-16,0.9999856948852539,1.4313493011286482e-05
2752.0,0.0017068044980987906,0.9981548190116882,0.00013833183038514107
2753.0,0.9993224740028381,0.0004144411941524595,0.00026315427385270596
2754.0,0.0008529616170562804,0.9991363286972046,1.0644807844073512e-05
2755.0,1.9978478871252037e-09,0.9999998807907104,1.4088378463839035e-07
2756.0,0.8162317276000977,0.18367166817188263,9.655160829424858e-05
2757.0,3.407554061141127e-08,0.9999999403953552,8.436234821829203e-09
2758.0,0.00010254169319523498,0.9998869895935059,1.0454667972226162e-05
2759.0,4.8348862037528306e-05,0.9998807311058044,7.093235763022676e-05
2760.0,1.2016392325620018e-08,1.0,1.6179972917029772e-08
2761.0,1.7512125850771554e-05,0.9999741911888123,8.351898031833116e-06
2762.0,0.2941586673259735,0.7058334946632385,7.842438208172098e-06
2763.0,1.6288719262291806e-09,1.0,2.489981376641026e-08
2764.0,3.557256711417267e-09,0.9999988079071045,1.1764628879973316e-06
2765.0,7.40617224437301e-07,0.9999985694885254,6.909476724104024e-07
2766.0,0.0005752514116466045,0.9992401003837585,0.00018462809384800494
2767.0,2.2257933096625493e-07,0.9999997615814209,6.774388827679445e-10
2768.0,0.013200252316892147,0.9867371320724487,6.257604400161654e-05
2769.0,3.011728366697497e-10,1.0,1.0235580438777703e-10
2770.0,0.00035529269371181726,0.9993032217025757,0.00034148734994232655
2771.0,1.248746173132531e-07,0.9999992847442627,6.332370503514539e-07
2772.0,5.80521543724899e-07,0.9999975562095642,1.8218610193798668e-06
2773.0,2.4216205929405987e-06,0.9999639987945557,3.356744127813727e-05
2774.0,0.9959090948104858,0.00386164803057909,0.0002292302087880671
2775.0,8.23345942535525e-07,0.9999992251396179,1.0555423202163183e-08
2776.0,7.32148237148067e-06,0.999991238117218,1.3828613418809255e-06
2777.0,1.534254238322319e-06,0.9999427795410156,5.57127823412884e-05
2778.0,0.001958067761734128,0.998034656047821,7.277788881765446e-06
2779.0,1.0178362601538649e-13,1.0,1.469040111778952e-09
2780.0,4.644639517437099e-08,0.9999991655349731,8.351670430783997e-07
2781.0,2.1331061361706816e-09,0.9999998807907104,1.0392805904757552e-07
2782.0,9.13249199575632e-22,1.0,1.100776358953226e-09
2783.0,0.08881497383117676,0.9111726880073547,1.233583770954283e-05
2784.0,1.0264295013939773e-07,0.9999998807907104,2.2381410960670145e-12
2785.0,0.0003029645886272192,0.9996911287307739,5.950638296781108e-06
2786.0,7.476811704487663e-12,1.0,4.840769118885646e-09
2787.0,0.0006628715782426298,0.9992956519126892,4.14846399507951e-05
2788.0,0.00015517194697167724,0.9998414516448975,3.33684943143453e-06
2789.0,3.17288254336745e-07,0.9999992251396179,4.169179703694681e-07
2790.0,3.4302684071008116e-07,0.9999969601631165,2.678652435861295e-06
2791.0,0.359921395778656,0.6396154165267944,0.00046315600047819316
2792.0,1.0028161341324449e-05,0.9997178316116333,0.0002721876371651888
2793.0,6.25636928930362e-08,0.998258650302887,0.0017412316519767046
2794.0,0.00028591620502993464,0.9996584057807922,5.5676853662589565e-05
2795.0,0.9999999403953552,3.0647210991219254e-08,1.7573836830209189e-10
2796.0,9.024952873915026e-07,0.9999990463256836,2.4855259184164424e-08
2797.0,7.86541919919545e-14,0.9986748099327087,0.0013251856435090303
2798.0,0.0005003076512366533,0.9994783997535706,2.1273463062243536e-05
2799.0,3.4376082567177946e-06,0.9999958276748657,6.97867449162004e-07
2800.0,4.945819309654098e-09,0.9999988079071045,1.185087739941082e-06
2801.0,3.6765875677247095e-08,0.9999997615814209,2.2481593475731643e-07
2802.0,0.0009885217295959592,0.9989922642707825,1.9190380044165067e-05
2803.0,0.06056451052427292,0.9391766786575317,0.0002588042407296598
2804.0,2.6819095637620194e-06,0.9999958872795105,1.4675399597763317e-06
2805.0,1.0,1.4555682769903604e-23,1.6122637892714703e-13
2806.0,1.4233903833371642e-08,0.9999998807907104,9.175898441071695e-08
2807.0,1.0,9.700311665028494e-09,6.18834358756537e-11
2808.0,3.463246321189217e-05,0.9999480843544006,1.7245167327928357e-05
2809.0,5.073916398146139e-08,0.9999999403953552,1.6270623959258046e-08
2810.0,7.96889443321902e-10,1.0,3.9911638438638875e-09
2811.0,0.00037770954077132046,0.9996188282966614,3.4813940601452487e-06
2812.0,0.022997483611106873,0.9769874811172485,1.507588240201585e-05
2813.0,5.383457013508064e-10,0.9999999403953552,4.1196216216121684e-08
2814.0,0.00010102691885549575,0.9998935461044312,5.395639618654968e-06
2815.0,8.365181436431612e-09,0.9999997019767761,2.964091834201099e-07
2816.0,1.1724412019020747e-07,0.9999951720237732,4.681921382143628e-06
2817.0,4.047867509932024e-12,1.0,6.352021686417686e-11
2818.0,0.0008720073965378106,0.8971532583236694,0.10197471082210541
2819.0,0.9941572546958923,0.005778862163424492,6.387415487552062e-05
2820.0,0.9922415018081665,0.007753638084977865,4.879401330981636e-06
2821.0,1.0758287317003123e-05,0.9999779462814331,1.1313939467072487e-05
2822.0,0.007225449662655592,0.9927553534507751,1.9229119061492383e-05
2823.0,2.8667102469626116e-06,0.9999949932098389,2.1442815523187164e-06
2824.0,0.00031766120810061693,0.9996738433837891,8.495922884321772e-06
2825.0,0.007210227195173502,0.9927880764007568,1.7143163404398365e-06
2826.0,4.454704321688041e-05,0.9995036125183105,0.00045186004717834294
2827.0,0.9271197319030762,0.07268590480089188,0.00019431591499596834
2828.0,0.0012748951558023691,0.998721182346344,3.9655838008911815e-06
2829.0,8.357060141861439e-05,0.999915599822998,8.527368891009246e-07
2830.0,0.00012107800284866244,0.9998661875724792,1.2759459423250519e-05
2831.0,3.276527849038757e-08,0.9999985694885254,1.3791135415885947e-06
2832.0,0.8943633437156677,0.10540325939655304,0.00023337756283581257
2833.0,0.0004403883358463645,0.9995396137237549,2.0001207303721458e-05
2834.0,1.734093189043051e-07,0.9999995827674866,1.9333531042775576e-07
2835.0,4.5638057599717285e-07,0.9999995231628418,4.587722912674508e-08
2836.0,1.66110130095376e-08,1.0,7.632114940037127e-10
2837.0,3.537950765686304e-10,1.0,1.6561006788151644e-08
2838.0,0.00033564152545295656,0.9996626377105713,1.7383069916832028e-06
2839.0,4.251046163972205e-07,0.9999993443489075,2.433230861242919e-07
2840.0,1.6287899029521213e-07,2.665022869052791e-09,0.9999998211860657
2841.0,9.858627890935168e-05,0.9998939633369446,7.443920821970096e-06
2842.0,0.9999988675117493,6.686701112812443e-07,4.490019307468174e-07
2843.0,3.303750828465013e-09,0.9999998807907104,1.4412400162200356e-07
2844.0,1.0968691640300676e-05,0.9999706149101257,1.8424905647407286e-05
2845.0,2.8823812225908796e-09,0.999992847442627,7.157118034228915e-06
2846.0,1.1842695357699995e-06,0.9999962449073792,2.548559223214397e-06
2847.0,0.9999983310699463,1.7116950630224892e-06,2.790924380491333e-09
2848.0,0.00036205045762471855,0.9996339678764343,3.94310882256832e-06
2849.0,9.042127764493087e-20,1.0,8.985377546177897e-12
2850.0,9.222498920280486e-05,0.9998959302902222,1.18354009828181e-05
2851.0,2.8891224482241462e-11,1.0,1.1766498886345289e-08
2852.0,7.68019219776761e-07,0.9999980926513672,1.1666145383060211e-06
2853.0,4.521545030750085e-12,0.9999997615814209,2.1962156893096108e-07
2854.0,2.485530004037173e-09,1.0,7.189885839475885e-12
2855.0,0.9999995827674866,1.6042747685851566e-10,4.2524138166299963e-07
2856.0,8.969110240286682e-06,0.9999861121177673,4.905458354187431e-06
2857.0,3.821022289685061e-07,0.9999995231628418,1.5027481481411087e-07
2858.0,1.6837522707646713e-05,0.9999808073043823,2.326927415197133e-06
2859.0,1.0398851912896134e-07,0.9996055364608765,0.0003943106275983155
2860.0,0.004000247456133366,0.9959830045700073,1.674610575719271e-05
2861.0,0.013532783836126328,0.9863958954811096,7.13007539161481e-05
2862.0,1.9888388123945333e-05,0.9999673366546631,1.273721682082396e-05
2863.0,0.9313758611679077,0.0676221027970314,0.0010020153131335974
2864.0,9.930673830613521e-17,0.9999940395355225,5.961154784017708e-06
2865.0,0.9996800422668457,4.044217405407835e-09,0.00031989687704481184
2866.0,7.428328762440247e-20,1.0,1.395131787873538e-09
2867.0,3.927443685824983e-06,0.9999918341636658,4.213450665702112e-06
2868.0,1.3404412868567306e-07,0.9999998807907104,2.336778415212848e-08
2869.0,2.0030121622945421e-16,1.0,4.292846633724423e-10
2870.0,5.013248388467673e-13,1.0,3.38216371575939e-10
2871.0,3.1919935139512745e-08,0.9999847412109375,1.5223198715830222e-05
2872.0,3.267990962285694e-07,0.9999997019767761,2.5218724886144628e-08
2873.0,2.0004755629798865e-09,1.0,8.657786709775905e-10
2874.0,1.7679958830285614e-07,0.9999997615814209,8.880704172042897e-08
2875.0,0.0015659327618777752,0.9984093904495239,2.466241676302161e-05
2876.0,4.483824156409355e-08,0.9999980926513672,1.889182613012963e-06
2877.0,0.0002230275422334671,0.9997744560241699,2.5361136977153365e-06
2878.0,4.182650546426307e-16,1.0,1.3144731613942695e-13
2879.0,1.4096428913035197e-07,0.9999964237213135,3.41917166224448e-06
2880.0,0.018981827422976494,0.980780303478241,0.0002378664939897135
2881.0,5.194960976950824e-05,0.9998289346694946,0.00011911767069250345
2882.0,0.9660101532936096,0.033988334238529205,1.5640907804481685e-06
2883.0,1.0974090386417501e-10,0.9999296069145203,7.040969649096951e-05
2884.0,2.6228009986084544e-08,0.9999997615814209,2.0148344503923e-07
2885.0,3.662473702092939e-08,0.9999999403953552,4.269421083336056e-08
2886.0,1.189144495583605e-05,0.9999877214431763,3.5189518143852183e-07
2887.0,0.9999522566795349,4.604747664416209e-05,1.7058639514289098e-06
2888.0,0.999853253364563,0.00013112476153764874,1.5608793546562083e-05
2889.0,0.00011007091961801052,0.9998897910118103,1.4752170329757064e-07
2890.0,5.89356034197408e-07,0.9999909400939941,8.51020922709722e-06
2891.0,0.002873706165701151,0.9971142411231995,1.2023856470477767e-05
2892.0,1.740083644108381e-05,0.9999817609786987,7.804206347827858e-07
2893.0,1.071335731239742e-08,1.0,4.500943454749384e-12
2894.0,0.008260460570454597,0.9917105436325073,2.900227627833374e-05
2895.0,4.2209410366922384e-07,0.9999992847442627,2.9984011007400113e-07
2896.0,0.9982457756996155,0.0014153288211673498,0.000338890211423859
2897.0,0.0010203570127487183,0.998955249786377,2.4426786694675684e-05
2898.0,0.07240980863571167,0.9275633096694946,2.6904257538262755e-05
2899.0,2.4061021187612996e-13,1.0,6.430386889633155e-09
2900.0,8.26851564994513e-09,0.9926295876502991,0.007370409090071917
2901.0,1.0090006087593029e-12,0.9999997615814209,2.142690078699161e-07
2902.0,1.4967430615797639e-05,0.9999692440032959,1.5775514839333482e-05
2903.0,0.000115575036033988,0.9946449995040894,0.005239401012659073
2904.0,7.666872988920659e-06,0.9999514818191528,4.085996260982938e-05
2905.0,5.97693033341784e-05,0.9999221563339233,1.804041130526457e-05
2906.0,0.025108877569437027,0.9747787714004517,0.00011231505050091073
2907.0,0.0017935640644282103,0.9981940984725952,1.23452618936426e-05
2908.0,1.159633666247828e-05,0.9999856948852539,2.6959326078213053e-06
2909.0,0.9999980330467224,1.994229251067736e-06,1.963794904469296e-09
2910.0,2.2304263325167994e-07,0.9999946355819702,5.106245225761086e-06
2911.0,5.795283415481467e-13,0.9999049305915833,9.505465277470648e-05
2912.0,0.0002430897584417835,0.9997441172599792,1.277626597584458e-05
2913.0,6.991594273131341e-05,0.9999277591705322,2.3220491129904985e-06
2914.0,0.005809731315821409,0.9941129684448242,7.73005376686342e-05
2915.0,1.0290516456734622e-06,0.9999989867210388,1.1389166942876727e-08
2916.0,1.2604010279915201e-08,1.0,5.862191621019974e-09
2917.0,0.0006312892073765397,0.999343752861023,2.4936985937529244e-05
2918.0,2.3865005058124143e-15,1.0,1.1675001243549588e-10
2919.0,0.002532403217628598,0.9974336624145508,3.3941199944820255e-05
2920.0,1.2699200024890445e-10,1.0,1.9516921412332522e-10
2921.0,0.18903924524784088,0.8109332919120789,2.7478734409669414e-05
2922.0,5.414332719146098e-13,1.0,8.030724696350688e-11
2923.0,5.0918650231324136e-05,0.9999372363090515,1.1901865946128964e-05
2924.0,0.9972643852233887,0.0027202232740819454,1.5435178283951245e-05
2925.0,3.4584736567921937e-06,0.9999896287918091,6.952686362637905e-06
2926.0,0.0014958716928958893,0.9984952211380005,8.936899575928692e-06
2927.0,3.180151608717097e-08,0.999997079372406,2.934891881523072e-06
2928.0,7.013479952560522e-18,1.0,6.573945277033033e-10
2929.0,9.794467041501775e-05,0.9998889565467834,1.3045418199908454e-05
2930.0,1.5168911460250456e-08,0.9999956488609314,4.378460289444774e-06
2931.0,0.00015655421884730458,0.9998412728309631,2.1574076072283788e-06
2932.0,1.7113379726652056e-05,0.9999816417694092,1.249638557965227e-06
2933.0,0.04853493347764015,0.9514592289924622,5.88908051213366e-06
2934.0,6.755330105079338e-05,0.9999227523803711,9.725014933792409e-06
2935.0,0.0051269084215164185,0.9948123097419739,6.082177787902765e-05
2936.0,1.2010274552665123e-08,0.9999646544456482,3.535321229719557e-05
2937.0,1.4101978251801484e-07,0.9999992847442627,5.703869874196243e-07
2938.0,9.2161120315154e-13,0.9998257160186768,0.00017426286649424583
2939.0,0.401834636926651,0.5981448292732239,2.0515602955128998e-05
2940.0,9.288961337006185e-06,0.9999897480010986,9.229998454429733e-07
2941.0,0.011730166152119637,0.9881991744041443,7.068736886139959e-05
2942.0,2.02342039301584e-06,0.9999930262565613,4.94644064019667e-06
2943.0,0.003726629540324211,0.9962562918663025,1.7116446542786434e-05
2944.0,0.012184999883174896,0.9876970052719116,0.00011795006867032498
2945.0,1.0900874940489302e-06,0.9999986290931702,2.791161648474372e-07
2946.0,1.9891389456461184e-05,0.9999682307243347,1.1932146662729792e-05
2947.0,5.880664843971317e-10,1.0,6.357774862131294e-10
2948.0,0.022186564281582832,0.9777910113334656,2.248227065138053e-05
2949.0,9.648412202523104e-08,0.9999998807907104,5.82315917707632e-10
2950.0,1.6843093586516034e-10,1.0,2.329904091880053e-08
2951.0,0.00010643938730936497,0.9998414516448975,5.212286123423837e-05
2952.0,3.679487917906954e-06,0.9999881982803345,8.129656634991989e-06
2953.0,1.1546179568000525e-09,0.9999998807907104,1.2780148495039612e-07
2954.0,3.975789695687126e-06,0.9999960064888,6.361074156302493e-08
2955.0,0.07581585645675659,0.923247754573822,0.0009363979334011674
2956.0,0.002004083013162017,0.9979778528213501,1.8024453311227262e-05
2957.0,2.3415603678245134e-08,1.0,7.553284220307432e-09
2958.0,0.08601151406764984,0.913197934627533,0.0007905754609964788
2959.0,0.97590172290802,0.024002116173505783,9.624714584788308e-05
2960.0,0.9635494947433472,0.03643293306231499,1.7576572645339184e-05
2961.0,1.2673047422140371e-05,0.9999873638153076,1.0481794252004129e-11
2962.0,2.732177505071487e-11,1.0,1.920263600907468e-11
2963.0,0.9999473690986633,5.260644684312865e-05,9.00044039298109e-09
2964.0,8.340333756962082e-09,0.9999998211860657,2.0195930972022325e-07
2965.0,5.8527787651085905e-12,1.0,8.943720763987528e-10
2966.0,2.879145720545152e-17,0.9999999403953552,5.8190781970779426e-08
2967.0,0.9986914992332458,0.001306355930864811,2.1586990897048963e-06
2968.0,0.9999998807907104,1.1827378269477218e-12,1.1644151953760229e-07
2969.0,1.4392924185813172e-07,0.9999927878379822,7.054899015201954e-06
2970.0,2.9547220037784427e-05,0.9999700784683228,3.536724193509144e-07
2971.0,0.9999955296516418,3.7787958717672154e-06,6.837400405856897e-07
2972.0,0.03697609528899193,0.9629969596862793,2.6921914468402974e-05
2973.0,1.0776524504763074e-05,0.9999843239784241,4.88352770844358e-06
2974.0,0.9824066758155823,0.01757918670773506,1.4165240827423986e-05
2975.0,6.357345409924164e-05,0.9999340176582336,2.4250873593700817e-06
2976.0,1.580732941874885e-06,0.9999983906745911,1.3889039918169033e-10
2977.0,0.054878026247024536,0.9451168775558472,5.043225883127889e-06
2978.0,0.09969386458396912,0.89980149269104,0.0005047020385973155
2979.0,0.014987572096288204,0.9846731424331665,0.00033929114579223096
2980.0,0.001056802924722433,0.9989425539970398,6.418368343474867e-07
2981.0,0.999999463558197,5.627957762044389e-07,2.42373288106279e-10
2982.0,0.975220263004303,0.024763111025094986,1.663128932705149e-05
2983.0,0.0004358910955488682,0.999559760093689,4.359378181106877e-06
2984.0,0.9825690984725952,0.017430730164051056,1.0422235874329999e-07
2985.0,9.611831729844367e-13,0.013444296084344387,0.9865556955337524
2986.0,3.7218022043816745e-05,0.9999613165855408,1.4458628356806003e-06
2987.0,0.06490357965230942,0.9347835779190063,0.0003128415846731514
2988.0,8.320336928591132e-05,0.9999167323112488,1.9824383912236954e-08
2989.0,3.878296203066109e-14,1.0,2.0781885934351152e-10
2990.0,0.08857779949903488,0.9107759594917297,0.0006462098099291325
2991.0,1.332933607045561e-05,0.9999855160713196,1.1052464969907305e-06
2992.0,1.1963208201848374e-08,1.0,9.840237069624891e-09
2993.0,2.6800191790243844e-06,0.9999970197677612,2.967022396660468e-07
2994.0,2.8092507875498995e-08,0.9999998807907104,5.270943503887793e-08
2995.0,5.2115039579803124e-05,0.999409019947052,0.000538861786480993
2996.0,0.9939247369766235,0.006064551882445812,1.0649199793988373e-05
2997.0,0.9859705567359924,0.014027330093085766,2.1063535768917063e-06
2998.0,6.47472552373074e-05,0.9999250769615173,1.0225769074168056e-05
2999.0,4.015590704398164e-08,0.9999988675117493,1.1044822940675658e-06
3000.0,0.00024008670879993588,0.9702881574630737,0.029471710324287415
3001.0,5.49781771042035e-06,0.9999865889549255,7.897010618762579e-06
3002.0,2.3181123651738744e-06,0.9999967813491821,8.494075132148282e-07
3003.0,3.073789278662531e-10,0.9999998807907104,9.972962544679831e-08
3004.0,6.642629887210205e-05,0.9999327659606934,8.660505272928276e-07
3005.0,6.240120910661062e-06,0.9999934434890747,3.385831917057658e-07
3006.0,0.9999998211860657,1.8854768768505892e-07,1.0668669503388628e-08
3007.0,0.9999907612800598,8.198148140437043e-15,9.266916094929911e-06
3008.0,0.00016558596689719707,0.9997950792312622,3.934494816348888e-05
3009.0,0.374910444021225,0.6250127553939819,7.681543502258137e-05
3010.0,7.284759249159833e-07,0.9999988079071045,4.1151366758640506e-07
3011.0,2.4547661944601326e-14,0.9999578595161438,4.216358865960501e-05
3012.0,0.0008359129424206913,0.9990457892417908,0.00011827487469417974
3013.0,0.5327976942062378,0.46710437536239624,9.793134813662618e-05
3014.0,0.003963960334658623,0.9223473072052002,0.07368872314691544
3015.0,2.3494524725720112e-07,0.9999991655349731,6.414660447262577e-07
3016.0,3.2558127305293283e-09,1.0,3.828588113208298e-09
3017.0,2.7570770271267975e-06,0.9999774098396301,1.9793717001448385e-05
3018.0,5.064683819000493e-07,0.9999985694885254,9.448456808058836e-07
3019.0,0.0010277127148583531,0.9989542365074158,1.805664214771241e-05
3020.0,2.2337017924201064e-07,0.9999989867210388,8.307606549351476e-07
3021.0,8.839798684712186e-12,0.9999999403953552,4.309726975293415e-08
3022.0,1.2467950909922365e-05,0.9999768733978271,1.0653248864400666e-05
3023.0,6.764383897461812e-08,0.9999991059303284,8.109770988085074e-07
3024.0,4.798898771696258e-07,0.999995768070221,3.7262934711179696e-06
3025.0,0.9953063726425171,0.004675797652453184,1.7797881810110994e-05
3026.0,2.1685793853976065e-06,0.9999955296516418,2.320465682714712e-06
3027.0,4.091046251764041e-11,1.0,4.234047834561494e-10
3028.0,0.0017626360058784485,0.9981957674026489,4.164380516158417e-05
3029.0,7.767207534925546e-07,0.999991238117218,7.99666486273054e-06
3030.0,0.022368496283888817,0.008445403538644314,0.9691860675811768
3031.0,2.811818376358133e-06,0.999993085861206,4.087143679498695e-06
3032.0,2.1415178929218986e-13,2.859924643416889e-05,0.9999713897705078
3033.0,0.007091787178069353,0.9927493333816528,0.00015883358719293028
3034.0,0.0010180349927395582,0.9989725351333618,9.46461204875959e-06
3035.0,2.5768626073841006e-05,0.9999710321426392,3.2054817893367726e-06
3036.0,7.652885436471024e-09,0.9999971389770508,2.9067434752505505e-06
3037.0,0.9613921642303467,0.03855535015463829,5.2471958042588085e-05
3038.0,0.000409528031013906,0.9995785355567932,1.1985738638031762e-05
3039.0,0.037823762744665146,0.962020993232727,0.00015520091983489692
3040.0,0.00021022949658799917,0.9995837807655334,0.0002060218102997169
3041.0,0.005385885946452618,0.9945870041847229,2.7123554900754243e-05
3042.0,2.4263007958325034e-07,0.9999661445617676,3.3634692954365164e-05
3043.0,0.0002479840477462858,0.999748170375824,3.825175554084126e-06
3044.0,4.675234231399372e-05,0.9999317526817322,2.145334474334959e-05
3045.0,6.785136417563481e-14,1.0,4.801200326198796e-09
3046.0,3.267106421844801e-06,0.999987781047821,8.904733476811089e-06
3047.0,0.008403209038078785,0.9914772510528564,0.00011959281982854009
3048.0,2.724544323484679e-08,0.9999998807907104,9.460493544111159e-08
3049.0,4.0880476603888383e-07,0.9999993443489075,2.0690112023658003e-07
3050.0,0.00571424188092351,0.9942532181739807,3.2564570574322715e-05
3051.0,4.797127278743929e-11,0.9998781085014343,0.00012184347724542022
3052.0,4.624783741746796e-06,0.9999954104423523,1.475575217568803e-10
3053.0,5.723306273353046e-09,0.9999998211860657,1.700962712902765e-07
3054.0,0.9884448647499084,0.01148013211786747,7.49910541344434e-05
3055.0,0.0004926668480038643,0.9993497133255005,0.00015761223039589822
3056.0,4.4368283852236345e-05,0.9998997449874878,5.592393426923081e-05
3057.0,9.461666081733711e-07,0.9999977946281433,1.2808714018319733e-06
3058.0,2.710413005146961e-09,0.9999971389770508,2.8779504646081477e-06
3059.0,6.504821067210287e-05,0.999924898147583,1.005207286652876e-05
3060.0,2.675987252967471e-12,0.9999999403953552,4.731091962639766e-08
3061.0,0.0011911251349374652,0.9987443089485168,6.461671000579372e-05
3062.0,1.2246093916701284e-08,0.9999966621398926,3.3079197692131856e-06
3063.0,2.5552431698327993e-11,0.9999998211860657,1.664476627638578e-07
3064.0,1.994899685087148e-05,0.9999796152114868,4.3486940626280557e-07
3065.0,0.999996542930603,9.028984209180635e-07,2.5480123895249562e-06
3066.0,0.9998074173927307,1.3256500096758828e-05,0.00017931751790456474
3067.0,2.1017319440375104e-08,0.9999997019767761,2.72874530082845e-07
3068.0,9.345611090560979e-11,0.9985644221305847,0.0014355946332216263
3069.0,4.886630335931841e-07,0.9999993443489075,9.390988253699106e-08
3070.0,1.0776521008892814e-08,1.0,1.3198904191824568e-09
3071.0,2.3289001546800137e-05,0.9999767541885376,2.2294164292446794e-09
3072.0,3.094363137279288e-06,0.9999952912330627,1.6181813862203853e-06
3073.0,3.569969857518439e-15,0.9999999403953552,5.82861758857689e-08
3074.0,0.9843948483467102,0.015566827729344368,3.834359813481569e-05
3075.0,0.005491250194609165,0.994498074054718,1.0687045687518548e-05
3076.0,1.1720648984692161e-07,0.9999279975891113,7.188849849626422e-05
3077.0,1.788984809536487e-05,0.9999701380729675,1.2010070349788293e-05
3078.0,0.018875908106565475,0.9810641407966614,5.995210449327715e-05
3079.0,1.0,5.96539365214227e-13,1.307231034530787e-08
3080.0,0.00016265243175439537,0.9998263120651245,1.1044832717743702e-05
3081.0,3.2705716535019747e-07,0.9999989867210388,6.816371183049341e-07
3082.0,0.9999919533729553,6.340982054098276e-06,1.7654080011197948e-06
3083.0,5.568110736930976e-06,0.9999940991401672,3.059760445012216e-07
3084.0,6.063869022909785e-06,0.9999938607215881,2.1514789949605984e-08
3085.0,9.979783044400392e-08,0.9999998807907104,1.8597301476575012e-08
3086.0,0.016215739771723747,0.983695387840271,8.886792056728154e-05
3087.0,1.7735558854869993e-10,1.0,4.6099241091113186e-10
3088.0,0.0004402942431624979,0.9987329840660095,0.0008267466328106821
3089.0,0.06750559061765671,0.9318561553955078,0.0006382907158695161
3090.0,7.625491399413276e-16,0.9999998807907104,1.4418488092360349e-07
3091.0,5.094739390187897e-05,0.9999285936355591,2.0413253878359683e-05
3092.0,0.949759304523468,0.05023680627346039,3.8776547626184765e-06
3093.0,2.636568751768209e-05,0.9999467730522156,2.6891433662967756e-05
3094.0,2.302493556872922e-14,0.9999997615814209,2.847247060344671e-07
3095.0,9.971021199817187e-07,0.9999508261680603,4.8179477744270116e-05
3096.0,5.1642828680087405e-08,0.9999992847442627,6.445337135119189e-07
3097.0,4.2919698017840346e-08,0.999986469745636,1.348018577118637e-05
3098.0,4.688706667366205e-08,0.9999979138374329,2.068143885480822e-06
3099.0,1.0496487448108383e-06,0.9999971985816956,1.7433653738407884e-06
3100.0,8.269048521469813e-06,0.9999867677688599,4.976976470061345e-06
3101.0,5.307519312935938e-09,0.9999992251396179,7.734846576568088e-07
3102.0,5.455091045547533e-09,0.9999998807907104,1.0719186605001596e-07
3103.0,0.05586082115769386,0.9440434575080872,9.576927550369874e-05
3104.0,7.296507078535797e-07,0.9999992251396179,2.2857258620556653e-13
3105.0,1.0105097317136824e-05,0.9999802112579346,9.676845365902409e-06
3106.0,0.012576543726027012,0.9873913526535034,3.206961991963908e-05
3107.0,1.8500568188528632e-08,1.0,2.1792667670439414e-09
3108.0,0.9999963641166687,5.620724687777835e-17,3.6618803278543055e-06
3109.0,0.0007844354258850217,0.9992148280143738,7.250863518493134e-07
3110.0,4.139119482715614e-07,0.00019814558618236333,0.9998014569282532
3111.0,0.9991627931594849,0.0008371435687877238,4.395430863723959e-08
3112.0,5.447728199214907e-06,0.9999905824661255,3.955201464123093e-06
3113.0,8.318824077399416e-15,0.9999990463256836,9.60658439908002e-07
3114.0,0.005181476008147001,0.9945520758628845,0.00026643293676897883
3115.0,0.9999913573265076,7.976116648933385e-06,6.90773902078945e-07
3116.0,3.4596215670035235e-08,0.9999995827674866,3.936600307952176e-07
3117.0,0.9738261103630066,0.02615831419825554,1.5543429981335066e-05
3118.0,2.434310886201274e-07,0.9999992251396179,5.536273306461226e-07
3119.0,0.0002551400102674961,0.9997432827949524,1.6133431017806288e-06
3120.0,0.00020297277660574764,0.999793529510498,3.4666547890083166e-06
3121.0,0.0001277869159821421,0.999869167804718,3.069858166782069e-06
3122.0,0.005608859937638044,0.9943784475326538,1.2688285096373875e-05
3123.0,5.002218017580162e-07,0.9999993443489075,1.979390589212926e-07
3124.0,1.5652419733669376e-06,0.9999973177909851,1.112989593821112e-06
3125.0,2.4694930480942748e-14,1.0,6.4672547317456974e-09
3126.0,0.9999990463256836,7.880211114752456e-07,1.2439760155302793e-07
3127.0,0.00011440727394074202,0.999882698059082,2.9047660063952208e-06
3128.0,4.262797531814448e-18,1.0,1.1269575550532096e-10
3129.0,0.010392081923782825,0.9887542128562927,0.0008537556859664619
3130.0,2.384579892485833e-13,1.0,3.727606764925007e-12
3131.0,3.5781074984697625e-05,0.9999628067016602,1.4092735227677622e-06
3132.0,5.660947408614447e-06,0.9999936819076538,6.433389785343024e-07
3133.0,0.01562902331352234,0.9835300445556641,0.0008409199654124677
3134.0,8.332231118401978e-06,0.9999577403068542,3.39069556503091e-05
3135.0,5.885530072191614e-07,0.9999990463256836,3.1058587524057657e-07
3136.0,3.3390160081303577e-10,0.9999997615814209,2.587525784747413e-07
3137.0,1.0103869385602593e-07,0.9999688863754272,3.100958201684989e-05
3138.0,0.0005145641043782234,0.9961738586425781,0.003311607288196683
3139.0,0.060083258897066116,0.9386761784553528,0.0012405731249600649
3140.0,4.61174522570218e-06,0.9999784231185913,1.6972890080069192e-05
3141.0,7.744076105202502e-13,0.9999863505363464,1.3632982700073626e-05
3142.0,7.223767170216888e-05,0.999832808971405,9.495728590991348e-05
3143.0,7.527668230977724e-07,0.9999909400939941,8.300113222503569e-06
3144.0,0.9995574355125427,0.0004000569460913539,4.254840678186156e-05
3145.0,8.202157187042758e-05,0.9998971819877625,2.0744098947034217e-05
3146.0,1.1333849711612359e-13,1.0,1.4111535939775877e-08
3147.0,6.194897287059575e-05,0.9999334216117859,4.594304755300982e-06
3148.0,2.61425940675786e-15,1.0,1.9590863761971555e-13
3149.0,0.004139997065067291,0.9958307147026062,2.929056790890172e-05
3150.0,0.9819096922874451,0.018048882484436035,4.1406077798455954e-05
3151.0,6.616423166931596e-17,1.0,9.955418711626862e-09
3152.0,0.0003353972570039332,0.9995624423027039,0.00010215223301202059
3153.0,1.755354242050089e-05,0.9999709129333496,1.1468910997791681e-05
3154.0,1.4638366963026783e-07,0.9999995231628418,3.207856309472845e-07
3155.0,1.642264102486024e-09,0.9999997019767761,3.203633411885676e-07
3156.0,1.1728400750143919e-05,0.9999852776527405,3.0419573704421055e-06
3157.0,1.1294567503483677e-09,0.9999994039535522,6.075227929613902e-07
3158.0,0.007930406369268894,0.9920654296875,4.202411219011992e-06
3159.0,3.1200639227790816e-07,0.9999996423721313,3.5052519109513014e-08
3160.0,2.274459347972879e-06,0.9999845623970032,1.3215753824624699e-05
3161.0,1.051093323489738e-09,1.0,6.06322458907016e-09
3162.0,1.9449968021945097e-05,0.9999643564224243,1.6216934454860166e-05
3163.0,0.9800906777381897,0.019904689863324165,4.647755304176826e-06
3164.0,6.573048381142144e-07,0.9999980330467224,1.2829727893404197e-06
3165.0,0.030699290335178375,0.9691880941390991,0.00011265953071415424
3166.0,1.0,5.708903966043214e-20,1.0219822284206339e-19
3167.0,0.05109595134854317,0.9487527012825012,0.00015135557623580098
3168.0,1.8336731955059804e-05,0.9999801516532898,1.5158086625888245e-06
3169.0,1.2177609676200518e-07,0.9999998807907104,8.166672671450215e-09
3170.0,0.000762714073061943,0.9992369413375854,3.1152271162682155e-07
3171.0,2.1276335246511735e-05,0.9999780058860779,7.092210125847487e-07
3172.0,0.00012387825699988753,0.9998698830604553,6.237130037334282e-06
3173.0,2.69211966497096e-07,0.9999963045120239,3.40446172231168e-06
3174.0,1.2340316324355172e-08,0.9999997019767761,3.0601626122006564e-07
3175.0,0.015792366117239,0.9842075109481812,1.6699253535534808e-07
3176.0,0.001596892368979752,0.9983800053596497,2.314112862222828e-05
3177.0,4.320779112276796e-07,0.999999463558197,1.1338064354049493e-07
3178.0,9.121789480559528e-05,0.9998905658721924,1.8264179743709974e-05
3179.0,6.502664184893092e-09,1.0,1.0384685333875154e-09
3180.0,5.385028360727073e-13,1.0,2.744718298128279e-12
3181.0,7.782549715784626e-09,0.9999977946281433,2.167082811865839e-06
3182.0,7.1283473915273454e-12,1.0,1.587910636313694e-10
3183.0,0.0001652086793910712,0.9998306632041931,4.190982053842163e-06
3184.0,0.9999908208847046,1.8121329503628658e-06,7.428482604154851e-06
3185.0,8.528811576979933e-07,0.9999990463256836,9.417504998054937e-08
3186.0,8.750310698246722e-09,0.999999463558197,5.06444791881222e-07
3187.0,0.9994422197341919,0.0005519151454791427,5.811406026623445e-06
3188.0,1.5591218470945023e-05,0.9999831318855286,1.3086690842101234e-06
3189.0,1.1686415746225975e-05,0.9999881386756897,2.0034445924466127e-07
3190.0,1.6024611113607534e-06,0.9999983906745911,9.108947374159015e-09
3191.0,0.00043013523099943995,0.9995574355125427,1.2473354217945598e-05
3192.0,0.5574124455451965,0.44257694482803345,1.0697605830500834e-05
3193.0,0.3166739344596863,0.6832194328308105,0.0001066244367393665
3194.0,3.1484267992709647e-07,0.9999996423721313,2.2828894330473304e-08
3195.0,3.86086540515862e-09,0.9967389106750488,0.003261113539338112
3196.0,2.4671244602814113e-08,0.9999929070472717,7.105243639671244e-06
3197.0,4.551391612039879e-05,0.9999348521232605,1.9641871404019184e-05
3198.0,3.341041519888677e-05,0.9999449253082275,2.1667088731192052e-05
3199.0,7.432450488398246e-12,0.9999999403953552,3.803858561468587e-08
3200.0,2.7976816454611253e-06,0.9999938607215881,3.3338933462800924e-06
3201.0,1.4607284356316086e-05,0.99998539686203,7.697521198224422e-08
3202.0,0.00022126616386231035,0.9997279047966003,5.077865716884844e-05
3203.0,2.970593595819082e-05,0.9999690651893616,1.2688429933405132e-06
3204.0,1.3024326727523444e-14,1.0,6.840598226753869e-11
3205.0,0.0029577079694718122,0.9970411062240601,1.2042762591590872e-06
3206.0,0.013726870529353619,0.986257016658783,1.6134845282067545e-05
3207.0,0.00514261145144701,0.9947419762611389,0.00011545325833139941
3208.0,4.789154900208814e-06,0.999994158744812,1.0110311450262088e-06
3209.0,0.009335222654044628,0.9898715019226074,0.0007932960870675743
3210.0,2.1119913071743213e-06,0.9999977350234985,1.194638912238588e-07
3211.0,7.446714144023945e-19,1.0,2.7308415528892738e-09
3212.0,2.320615487966249e-12,0.9999727606773376,2.7230089472141117e-05
3213.0,6.792420492729434e-08,0.9999984502792358,1.5074173234097543e-06
3214.0,0.9999983906745911,1.5602567116990498e-14,1.622914624022087e-06
3215.0,0.09678816050291061,0.9031734466552734,3.835975076071918e-05
3216.0,1.0354376627219608e-06,0.9999971985816956,1.7908093923324486e-06
3217.0,0.00020449665316846222,0.9997787475585938,1.6760606740717776e-05
3218.0,0.31604692339897156,0.683861255645752,9.180852794088423e-05
3219.0,0.009889427572488785,0.9900650978088379,4.5469438191503286e-05
3220.0,0.0020615458488464355,0.9975085854530334,0.00042990822112187743
3221.0,1.146456929390638e-09,1.0,1.9651236193851673e-10
3222.0,2.1718740583764884e-08,0.9999998807907104,6.886394032790122e-08
3223.0,0.0008966036257334054,0.9990745186805725,2.8877819204353727e-05
3224.0,0.00018829861073754728,0.9998030662536621,8.572576916776597e-06
3225.0,0.00215288158506155,0.9923991560935974,0.005447942763566971
3226.0,8.103087338895421e-07,0.9999886155128479,1.0566133823886048e-05
3227.0,0.8366058468818665,0.14986160397529602,0.013532565906643867
3228.0,4.413491865307151e-07,0.999999463558197,1.2331659604569722e-07
3229.0,3.4537355531938374e-05,0.999925434589386,4.001866182079539e-05
3230.0,0.0007632819470018148,0.99913489818573,0.00010180901153944433
3231.0,0.00017645252228248864,0.9996910691261292,0.00013243495777714998
3232.0,2.2584698868011177e-12,0.9999886751174927,1.1326858839311171e-05
3233.0,1.5305489796446636e-05,0.9999846816062927,4.4595655168677695e-08
3234.0,1.7852277878205314e-08,0.9999999403953552,5.026659621876206e-08
3235.0,8.176222763722762e-06,0.9999833703041077,8.469540262012742e-06
3236.0,2.5591018584236735e-06,0.9999971985816956,2.716331835017627e-07
3237.0,0.016757667064666748,0.9832380414009094,4.354799330030801e-06
3238.0,3.413171481558841e-11,1.0,2.024903444919346e-08
3239.0,1.0,9.674474898491506e-14,2.6129405171666786e-13
3240.0,0.011372681707143784,0.9885179400444031,0.00010932833538390696
3241.0,8.911299254066307e-09,0.9999997019767761,2.9568644777100417e-07
3242.0,0.0012401316780596972,0.998744547367096,1.5282917956938036e-05
3243.0,0.9986245632171631,0.0013670927146449685,8.330475793627556e-06
3244.0,5.479091833016092e-11,1.0,9.90208093298861e-09
3245.0,0.00015634896408300847,0.9998264908790588,1.7103226127801463e-05
3246.0,1.4551725158185036e-08,1.0,1.2161414097988654e-08
3247.0,1.621428584116808e-14,0.9999986886978149,1.3333179822438979e-06
3248.0,5.325577756565281e-10,1.0,1.3423306910453903e-08
3249.0,0.02220902033150196,0.9773702025413513,0.00042072683572769165
3250.0,8.039136645265899e-08,0.999996542930603,3.4074325867550215e-06
3251.0,0.9996246695518494,0.0003598433395382017,1.5459310816368088e-05
3252.0,3.861777841951408e-10,0.9998952150344849,0.00010476943134563044
3253.0,0.0001882839569589123,0.9997879862785339,2.3751614207867533e-05
3254.0,8.435138170170831e-07,0.9971931576728821,0.002805977826938033
3255.0,0.023162255063652992,0.9768276214599609,1.00810766525683e-05
3256.0,0.01018612738698721,0.9898056983947754,8.186969353118911e-06
3257.0,0.9832250475883484,0.016537858173251152,0.00023709355446044356
3258.0,5.197837526793592e-05,0.5858510136604309,0.41409701108932495
3259.0,9.046820537150779e-08,0.9999998807907104,5.913008749303117e-08
3260.0,1.1164230651061757e-09,1.0,4.930771169142645e-08
3261.0,0.9593187570571899,0.04060837998986244,7.281914440682158e-05
3262.0,0.0009381703566759825,0.993732750415802,0.005329119972884655
3263.0,5.8979519963031635e-05,0.9998875856399536,5.3412972192745656e-05
3264.0,8.927124447652424e-13,0.999988317489624,1.1643857760645915e-05
3265.0,0.0010505010141059756,0.9989252090454102,2.4276892872876488e-05
3266.0,0.0037903881166130304,0.9962087273597717,8.943934517446905e-07
3267.0,0.9692257046699524,0.030762962996959686,1.1352326509950217e-05
3268.0,0.9953705072402954,0.004572994541376829,5.6543140090070665e-05
3269.0,5.385472104535438e-05,0.999944806098938,1.3353170515983948e-06
3270.0,9.14797226414521e-07,0.9999982714653015,8.33611807138368e-07
3271.0,0.04732577130198479,0.9520823359489441,0.0005918541573919356
3272.0,0.05240829288959503,0.9475434422492981,4.824485586141236e-05
3273.0,2.2501304205307937e-13,1.0,3.2451282329717945e-14
3274.0,1.3169094259524172e-08,0.9997186064720154,0.0002814327017404139
3275.0,0.0001700347347650677,0.999699056148529,0.0001309261133428663
3276.0,7.973425226737163e-07,0.9999984502792358,7.646426070095913e-07
3277.0,5.041607062383768e-11,0.9999973773956299,2.615680841699941e-06
3278.0,0.009009783156216145,0.9909654259681702,2.475612382113468e-05
3279.0,4.913501106784679e-05,0.9997745752334595,0.00017630353977438062
3280.0,5.7341333070670686e-11,1.0,4.795228658593942e-10
3281.0,0.0010008557001128793,0.9989801645278931,1.896694811875932e-05
3282.0,0.0004450801352504641,0.9995542168617249,7.300430979739758e-07
3283.0,0.9996362924575806,7.155106140999123e-05,0.0002921634877566248
3284.0,1.7852864075962316e-08,0.999999463558197,5.23935796081787e-07
3285.0,5.938011801015497e-12,1.0,6.4865210980258325e-09
3286.0,2.8622454544837382e-15,1.0,1.0845253861635484e-10
3287.0,1.0,1.5803369158972675e-22,4.288524475136313e-25
3288.0,0.705551266670227,0.29438310861587524,6.554252468049526e-05
3289.0,0.00013523326197173446,0.9996994733810425,0.00016532838344573975
3290.0,0.9979429244995117,0.002056841505691409,2.4617179406050127e-07
3291.0,0.9998747110366821,0.00011615449329838157,9.136058906733524e-06
3292.0,1.2746227184834424e-05,0.9999763369560242,1.0905573617492337e-05
3293.0,3.7035238165117335e-07,0.999999463558197,1.7923716200130002e-07
3294.0,1.0436355779575024e-08,0.9999986290931702,1.3704400316782994e-06
3295.0,2.8400856777466288e-08,0.9999999403953552,4.523794672195436e-08
3296.0,1.0434899195388425e-05,0.9999885559082031,9.966549896489596e-07
3297.0,2.635155738062167e-07,0.9999997019767761,1.2814702188279625e-08
3298.0,6.045867233053142e-18,1.0,8.932147799178836e-10
3299.0,0.010652058757841587,0.989122748374939,0.00022516396711580455
3300.0,1.959336339008022e-12,1.0,5.5371613544297205e-11
3301.0,3.3452463889249717e-12,0.9999372363090515,6.277396460063756e-05
3302.0,0.9999995231628418,4.749567210637906e-07,1.1495984164611173e-09
3303.0,0.0010748370550572872,0.9988850355148315,4.0099923353409395e-05
3304.0,0.0023565117735415697,0.997628390789032,1.5070181689225137e-05
3305.0,4.694133167504333e-05,0.9974384903907776,0.002514585154131055
3306.0,0.008168145082890987,0.9918261170387268,5.758569386671297e-06
3307.0,0.9995569586753845,0.00042678392492234707,1.6330386642948724e-05
3308.0,3.830301284324378e-05,0.9999350905418396,2.6615745809976943e-05
3309.0,9.15485816221917e-06,0.9999878406524658,2.9874715892219683e-06
3310.0,0.997795581817627,0.0015543160261586308,0.0006500342860817909
3311.0,2.9678492865059525e-05,0.9999670386314392,3.3074836665036855e-06
3312.0,0.2923082411289215,0.7076717615127563,2.007426337513607e-05
3313.0,1.9299203901645967e-10,0.9999991059303284,9.125554356614884e-07
3314.0,8.083992919516447e-10,0.9999997615814209,2.555084108735173e-07
3315.0,7.930379443410462e-13,1.0,6.751891407086319e-11
3316.0,0.000517820764798671,0.9994744062423706,7.722049303993117e-06
3317.0,0.0005631255335174501,0.9994096159934998,2.7292591767036356e-05
3318.0,0.0014106290182098746,0.9985893368721008,8.96791252369411e-10
3319.0,0.001276724156923592,0.9987171292304993,6.121387286839308e-06
3320.0,7.033539191070304e-07,0.9999991059303284,2.0886263030206464e-07
3321.0,0.0011265064822509885,0.9988564848899841,1.7032361938618124e-05
3322.0,8.306660248535991e-08,0.9999980330467224,1.8961399064210127e-06
3323.0,0.0006005434552207589,0.9993895888328552,9.883910934149753e-06
3324.0,0.2756059765815735,0.7242606282234192,0.00013335580297280103
3325.0,0.03731707111001015,0.9625673294067383,0.00011559374252101406
3326.0,1.8579833505061316e-10,1.0,1.7134550445163654e-09
3327.0,2.7061523724114522e-06,0.9998622536659241,0.00013501483772415668
3328.0,1.0431193913973402e-05,0.9999828934669495,6.6190591496706475e-06
3329.0,2.029386450885795e-05,0.9999796748161316,4.077508108935035e-08
3330.0,0.001791272428818047,0.9982025027275085,6.232808573258808e-06
3331.0,4.467279524078549e-08,0.9999999403953552,1.5667067643221344e-08
3332.0,1.072969230825338e-11,1.0,6.967600718610356e-09
3333.0,0.101470947265625,0.8985241651535034,4.83785106553114e-06
3334.0,0.0010537400376051664,0.998943567276001,2.7256055545876734e-06
3335.0,2.622892907311325e-06,0.9999973773956299,3.0246567472858032e-09
3336.0,8.060912364271644e-07,0.9999967813491821,2.4501114239683375e-06
3337.0,0.00172166689299047,0.9981532096862793,0.00012514232366811484
3338.0,1.92569063983683e-06,0.9999935030937195,4.588433512253687e-06
3339.0,4.3779986299341545e-05,0.9999520778656006,4.106796495761955e-06
3340.0,0.00015915704716462642,0.9998205304145813,2.0344155927887186e-05
3341.0,0.9980719685554504,0.0019275289960205555,4.932449542138784e-07
3342.0,1.0404393151475233e-06,0.9999967217445374,2.236105501651764e-06
3343.0,0.53093421459198,0.4681062400341034,0.0009596167947165668
3344.0,0.003062858944758773,0.9969202876091003,1.6826703358674422e-05
3345.0,2.490926576115271e-09,1.0,6.921794248881952e-09
3346.0,0.001024014432914555,0.9989719986915588,3.993655354861403e-06
3347.0,1.3151303392078262e-05,0.9999862909317017,5.628490953313303e-07
3348.0,2.5664812497439016e-08,0.9999994039535522,5.904446425120113e-07
3349.0,0.966092050075531,0.033857736736536026,5.0172115152236074e-05
3350.0,4.412623044736108e-12,1.0,5.693629567815606e-09
3351.0,0.00020729929383378476,0.9997764825820923,1.620314833417069e-05
3352.0,0.0002587786584626883,0.9997125864028931,2.8581329388543963e-05
3353.0,3.056328205275349e-05,0.999967098236084,2.336911620659521e-06
3354.0,0.0014413513708859682,0.9985535740852356,5.024170150136342e-06
3355.0,1.593304295965936e-05,0.9999801516532898,3.911724888894241e-06
3356.0,2.086674570677251e-21,1.0,3.6377120838579394e-19
3357.0,9.28155607926584e-10,1.0,1.6016985071587442e-08
3358.0,6.315922718158617e-08,0.9999998807907104,5.427815708003436e-08
3359.0,2.3492787576406826e-11,0.9999999403953552,1.1447178849266493e-07
3360.0,5.9853573475265875e-06,0.9999926090240479,1.3841477084497456e-06
3361.0,3.897202872915617e-12,0.9999998807907104,1.2441753938219335e-07
3362.0,5.3918857226276096e-12,0.9999999403953552,5.907410738359431e-08
3363.0,2.695805733310408e-06,0.9999967813491821,5.146533226252359e-07
3364.0,9.847710202848248e-08,0.9999998807907104,4.181366919375762e-10
3365.0,0.9998612999916077,0.00012204053928144276,1.6620791939203627e-05
3366.0,0.9978710412979126,0.0021197909954935312,9.1804204203072e-06
3367.0,3.578257698824694e-12,0.999998152256012,1.8934393892777734e-06
3368.0,2.06491108656337e-06,0.9999976754188538,2.9777115173601487e-07
3369.0,0.9640906453132629,0.035904571413993835,4.782880296261283e-06
3370.0,1.8850223568733782e-06,0.9999960064888,2.1111584374011727e-06
3371.0,5.58879698075998e-09,0.9597485661506653,0.040251415222883224
3372.0,0.008453953079879284,0.9914859533309937,6.002927329973318e-05
3373.0,1.0353106150162716e-09,0.9999999403953552,3.4738238952058964e-08
3374.0,0.007645136676728725,0.9922657012939453,8.920545951696113e-05
3375.0,1.324881964137603e-06,0.9999985694885254,9.353986030191663e-08
3376.0,0.00011899985111085698,0.9998791217803955,1.8365196865488542e-06
3377.0,0.04087040200829506,0.9591222405433655,7.371108495135559e-06
3378.0,4.110089005249229e-11,1.0,7.072206969355177e-12
3379.0,4.630372529845772e-08,0.9999983906745911,1.5678291447329684e-06
3380.0,0.017298491671681404,0.9826866388320923,1.4820850992691703e-05
3381.0,6.312555342447013e-05,0.9999350309371948,1.8594931816551252e-06
3382.0,1.06396209957893e-05,0.9999576210975647,3.1720737752038985e-05
3383.0,2.0315871651632733e-08,0.9999998211860657,1.648298848522245e-07
3384.0,2.49894100079473e-07,0.9999394416809082,6.032903547747992e-05
3385.0,1.3948484145487328e-08,0.0533381924033165,0.9466617703437805
3386.0,1.1077814221494009e-08,0.9999991655349731,8.110904445857159e-07
3387.0,1.325624197079378e-07,0.999998152256012,1.6964422684395686e-06
3388.0,3.455548496541887e-14,0.9999986290931702,1.3485293948178878e-06
3389.0,0.0037033793050795794,0.9962651133537292,3.1513751309830695e-05
3390.0,1.535653204598475e-08,1.0,1.9893071634413673e-09
3391.0,2.5407193788851146e-06,0.9999972581863403,1.8164377024731948e-07
3392.0,7.911875741228869e-07,0.9999983310699463,8.368863291252637e-07
3393.0,0.014673423953354359,0.985322117805481,4.470619842322776e-06
3394.0,0.0034484192728996277,0.9965394735336304,1.2106411304557696e-05
3395.0,0.00031470981775783,0.9996520280838013,3.320270116091706e-05
3396.0,6.810958439018577e-05,0.9999287128448486,3.199264483555453e-06
3397.0,0.00029069403535686433,0.9996897578239441,1.9540506400517188e-05
3398.0,3.610684507293627e-05,0.9999637603759766,9.940384870787966e-08
3399.0,0.9990134835243225,0.0009757698862813413,1.0761536941572558e-05
3400.0,2.5686119897727622e-08,0.9999983310699463,1.6169773289220757e-06
3401.0,0.009014933370053768,0.9909102320671082,7.48375678085722e-05
3402.0,0.03616825491189957,0.9620197415351868,0.0018120091408491135
3403.0,7.5589587140711956e-06,0.9999872446060181,5.212026280787541e-06
3404.0,0.9846028089523315,0.015364369377493858,3.281130557297729e-05
3405.0,7.954578222779674e-07,0.9999858736991882,1.3338288226805162e-05
3406.0,0.9999608397483826,2.452257064078367e-08,3.916555215255357e-05
3407.0,9.686658813734539e-06,0.9999897480010986,5.498265522874135e-07
3408.0,0.00012943627370987087,0.9998701810836792,3.9611998658983794e-07
3409.0,3.9010064938338473e-05,0.9999286532402039,3.232509334338829e-05
3410.0,3.9351908753815223e-07,0.9999983906745911,1.212437837239122e-06
3411.0,6.150635454105213e-05,0.9999366998672485,1.8122847222912242e-06
3412.0,0.00785432942211628,0.9920778870582581,6.775863585062325e-05
3413.0,1.6003435021616497e-08,1.0,3.311584784171373e-09
3414.0,0.0006355583318509161,0.9993486404418945,1.576560316607356e-05
3415.0,0.003479067236185074,0.9965173006057739,3.6132530567556387e-06
3416.0,1.6164440452826057e-08,0.9999993443489075,6.485951757895236e-07
3417.0,1.4305748663900886e-05,0.9999843835830688,1.2869885495092603e-06
3418.0,6.369822358465171e-08,0.9999987483024597,1.185904920930625e-06
3419.0,2.0313006485195295e-11,1.0,1.8311886451627402e-09
3420.0,9.43179839785202e-11,0.9992573261260986,0.0007426600204780698
3421.0,1.5472976632596724e-12,0.9999998807907104,1.331965790996037e-07
3422.0,0.9625808000564575,0.03741887956857681,2.8724468847940443e-07
3423.0,2.3214399898371062e-14,0.9959291219711304,0.0040709031745791435
3424.0,0.9934409260749817,0.006298817228525877,0.00026024063117802143
3425.0,3.661547225419781e-06,0.99998539686203,1.0997937351930887e-05
3426.0,0.002589396433904767,0.9974099397659302,6.392568252522324e-07
3427.0,8.404394975514151e-06,0.999990701675415,9.006705568026518e-07
3428.0,2.647243491082918e-05,0.9975239634513855,0.0024495813995599747
3429.0,3.831951835309155e-05,0.999949038028717,1.2647397852560971e-05
3430.0,2.5440594981773756e-05,0.9999743700027466,2.1512263970180356e-07
3431.0,0.9954514503479004,0.004531333222985268,1.730013536871411e-05
3432.0,0.0009907028870657086,0.9989345669746399,7.468485273420811e-05
3433.0,0.6068252921104431,0.3930820822715759,9.25867207115516e-05
3434.0,3.47751411027275e-05,0.9999532103538513,1.197521123685874e-05
3435.0,2.5016026938828873e-06,0.9999973177909851,1.1899837204509822e-07
3436.0,1.907895924579961e-10,1.0,6.888590586839882e-09
3437.0,0.00020996916282456368,0.9997893571853638,6.43919463527709e-07
3438.0,0.0006433582166209817,0.9993552565574646,1.425849404768087e-06
3439.0,3.7658157481246235e-08,0.9999986290931702,1.3554621318689897e-06
3440.0,1.2140264793458755e-08,1.0,2.1536525895982095e-09
3441.0,1.4230774922907585e-06,0.99998939037323,9.163564754999243e-06
3442.0,1.063516474886228e-08,0.9999986290931702,1.3695491816179128e-06
3443.0,0.0027696453034877777,0.9972208142280579,9.555758879287168e-06
3444.0,4.181655640422832e-06,0.9999558329582214,4.00299541070126e-05
3445.0,0.0117969810962677,0.9880778193473816,0.0001252181682502851
3446.0,0.06691399961709976,0.9157747626304626,0.0173112191259861
3447.0,7.537938051527249e-10,0.9999999403953552,3.258159608776623e-08
3448.0,0.0004889512783847749,0.9995066523551941,4.397930297272978e-06
3449.0,0.0003490531235001981,0.999647855758667,3.045736775675323e-06
3450.0,1.2624742362632446e-09,0.004425643943250179,0.9955743551254272
3451.0,2.2243568764679367e-06,0.9999889135360718,8.876359061105177e-06
3452.0,9.409032645635307e-05,0.9999057650566101,1.1665370180935497e-07
3453.0,0.0003655153850559145,0.9996138215065002,2.0647605197154917e-05
3454.0,8.226315628689918e-08,0.9999992847442627,6.121522346802521e-07
3455.0,2.691133982324345e-10,0.9999998211860657,1.6643365086110862e-07
3456.0,0.17544004321098328,0.8245164155960083,4.3523137719603255e-05
3457.0,0.04065421223640442,0.9592743515968323,7.147370342863724e-05
3458.0,1.0,7.640608439940934e-25,3.0487687418032866e-18
3459.0,0.9999938011169434,6.234634383872617e-06,3.802372638972429e-09
3460.0,7.188470590335783e-06,0.9999874234199524,5.38735048394301e-06
3461.0,8.802048673262064e-11,0.9996237754821777,0.0003762030100915581
3462.0,6.812588416570814e-14,1.0,5.624185006603e-10
3463.0,5.662165181163914e-10,0.9999995231628418,4.657131000840309e-07
3464.0,3.491862354820796e-09,0.9999994039535522,5.73209035792388e-07
3465.0,0.039333708584308624,0.9606461524963379,2.0133948055445217e-05
3466.0,2.486260127571874e-19,0.999999463558197,5.579448725256952e-07
3467.0,1.7145477613667026e-05,0.9999756813049316,7.162837846408365e-06
3468.0,1.0438083108965657e-07,0.9999989867210388,8.839392648951616e-07
3469.0,1.0,7.927460354828497e-10,2.3736010934527485e-09
3470.0,4.761756713378418e-07,0.9999983310699463,1.2012616252832231e-06
3471.0,3.0651003157800005e-07,0.999999463558197,1.6744506581289897e-07
3472.0,0.9972921013832092,0.00269798724912107,9.905178558256011e-06
3473.0,0.007551847957074642,0.9922500848770142,0.00019804514886345714
3474.0,1.3669967302121222e-05,0.9999851584434509,1.1099294852101593e-06
3475.0,0.005116496700793505,0.9948378205299377,4.565698327496648e-05
3476.0,0.9441139698028564,0.05586521700024605,2.08816218218999e-05
3477.0,7.200627806014381e-06,0.9999917149543762,1.0884647281272919e-06
3478.0,1.3582807101286676e-09,1.0,6.543760644461827e-09
3479.0,1.0538753897337827e-10,0.9961317181587219,0.0038682548329234123
3480.0,1.0,3.581378628988302e-13,1.054995557581151e-08
3481.0,0.0002104081358993426,0.999786913394928,2.682836793610477e-06
3482.0,7.266053216881119e-07,0.9999984502792358,8.055137641349575e-07
3483.0,6.768367725497278e-18,1.0,4.505989192882254e-10
3484.0,6.263021532504354e-07,0.9999961256980896,3.2604784792056307e-06
3485.0,2.7450300876807887e-07,0.9999990463256836,6.77211517086107e-07
3486.0,0.02101767808198929,0.9789490699768066,3.325918805785477e-05
3487.0,1.6320518625434488e-07,0.9999992251396179,6.331718509500206e-07
3488.0,2.987541947163663e-08,0.9999995231628418,4.610923838299641e-07
3489.0,0.03951915726065636,0.9604707360267639,1.0072492841572966e-05
3490.0,0.02456001751124859,0.9753818511962891,5.815161784994416e-05
3491.0,1.3498171256287606e-06,0.9999608993530273,3.772568015847355e-05
3492.0,8.347971743205562e-05,0.9998912215232849,2.526696516724769e-05
3493.0,3.915520937880501e-05,0.9999598264694214,1.0142372275367961e-06
3494.0,4.457651092039583e-18,1.0,3.6808643903548174e-17
3495.0,0.9999993443489075,3.904788741238008e-07,3.143186688703281e-07
3496.0,6.588849466027114e-10,0.9999876022338867,1.239865378011018e-05
3497.0,0.030596179887652397,0.9693708419799805,3.296547947684303e-05
3498.0,0.00028991594444960356,0.9995737671852112,0.00013634070637635887
3499.0,0.21688500046730042,0.782859742641449,0.0002552343939896673
3500.0,3.5966927214303723e-09,0.9999997019767761,2.966406498217111e-07
3501.0,3.0012536171852844e-06,0.9999890327453613,7.967694727994967e-06
3502.0,0.9999683499336243,2.1134399503353052e-05,1.0542667041590903e-05
3503.0,0.9689757227897644,0.030232030898332596,0.0007922687800601125
3504.0,1.6396706996602006e-05,0.999982476234436,1.0907225487244432e-06
3505.0,6.040836069587385e-06,0.9999866485595703,7.272107723110821e-06
3506.0,1.3919181185428897e-07,0.999999463558197,3.713083742695744e-07
3507.0,6.920019757217233e-08,0.9999973177909851,2.59967760030122e-06
3508.0,0.06132662296295166,0.938241183757782,0.0004321762826293707
3509.0,0.9760207533836365,0.023960847407579422,1.8441671272739768e-05
3510.0,2.5414225092390552e-05,0.9999638795852661,1.0690218005038332e-05
3511.0,3.3264868486984015e-15,1.0,1.5371930117691335e-10
3512.0,1.3295250937517267e-05,0.9999861717224121,5.224976575846085e-07
3513.0,0.00023891250020824373,0.9997500777244568,1.0986912457155995e-05
3514.0,1.1247607527428358e-13,0.9915320873260498,0.008467904292047024
3515.0,0.04140886291861534,0.9585365653038025,5.4584117606282234e-05
3516.0,5.703828520609022e-10,1.0,5.558211224609977e-09
3517.0,2.1428629704001168e-10,0.9999998211860657,1.967507330391527e-07
3518.0,7.075831831571122e-08,0.9999999403953552,1.559863349598345e-08
3519.0,0.007340149488300085,0.9910427927970886,0.0016170457238331437
3520.0,0.01324693113565445,0.986700177192688,5.2851668442599475e-05
3521.0,0.9810667037963867,0.01890932023525238,2.3945729481056333e-05
3522.0,7.800990715622902e-06,0.9999913573265076,8.444047807643074e-07
3523.0,1.6398397306716106e-08,0.9999998807907104,1.000002427531399e-07
3524.0,7.465584261900915e-10,0.9999997019767761,3.114325295427989e-07
3525.0,2.5963393213146446e-08,0.9999982118606567,1.7990031437875587e-06
3526.0,2.4330645137515816e-11,0.9999999403953552,4.483102244989823e-08
3527.0,0.00027164106722921133,0.9997260570526123,2.2921806248632492e-06
3528.0,0.017556259408593178,0.9824339151382446,9.811165909923147e-06
3529.0,9.23073411035034e-17,0.9999980330467224,1.9695955870702164e-06
3530.0,0.00044526797137223184,0.9995001554489136,5.45419825357385e-05
3531.0,3.7135650927666575e-05,0.9999561309814453,6.767923423467437e-06
3532.0,2.2106924006948248e-06,0.9999809861183167,1.6758622223278508e-05
3533.0,0.0025669445749372244,0.997251033782959,0.00018206654931418598
3534.0,0.8003032207489014,0.199591726064682,0.00010504493548069149
3535.0,0.00019884690118487924,0.0003546888765413314,0.999446451663971
3536.0,3.971833939431235e-05,0.9999292492866516,3.107132943114266e-05
3537.0,2.4126435960170056e-07,0.9999997019767761,6.06136438818794e-08
3538.0,9.716809046267372e-08,0.999995768070221,4.0861195884644985e-06
3539.0,1.9730582607735414e-06,0.9999970197677612,1.0239165249004145e-06
3540.0,1.4918462909463415e-08,0.9999997019767761,2.594012471490714e-07
3541.0,0.00023076686193235219,0.9997462034225464,2.3065551431500353e-05
3542.0,0.004256813786923885,0.9956993460655212,4.386370346765034e-05
3543.0,0.005965548101812601,0.9939661026000977,6.835853127995506e-05
3544.0,0.0008308182004839182,0.9991655945777893,3.6344492855278077e-06
3545.0,2.0042401160935697e-07,0.9999997019767761,9.344257989596372e-08
3546.0,5.6626176932693915e-15,1.0,2.8190222725599234e-11
3547.0,1.0862341071060655e-07,0.9999995827674866,3.272926960562472e-07
3548.0,4.711829478020249e-14,1.0,4.5865863995686595e-08
3549.0,1.6455536751891486e-05,0.9999822974205017,1.2283121577638667e-06
3550.0,1.6198665672706447e-11,1.0,3.7813915887419114e-10
3551.0,0.9998947381973267,0.00010527581616770476,1.4814946491803482e-10
3552.0,0.00019542578957043588,0.9998043775558472,1.7756592285422812e-07
3553.0,2.1272322756906402e-14,1.0,5.5907889429107627e-11
3554.0,6.997030141064897e-05,0.9999275207519531,2.5339031708426774e-06
3555.0,1.6245479628196335e-06,0.9999973177909851,1.0849602176676854e-06
3556.0,0.0027206975501030684,0.9972029328346252,7.629778701812029e-05
3557.0,0.007009288761764765,0.9929744005203247,1.6335799955413677e-05
3558.0,9.402148862136528e-05,0.9998963475227356,9.617469913791865e-06
3559.0,0.9995014071464539,0.0004911635187454522,7.4885892900056206e-06
3560.0,7.110268143151188e-07,0.9999935626983643,5.69757639823365e-06
3561.0,1.3776350893390799e-10,1.0,1.2260749360226697e-10
3562.0,0.01033173780888319,0.9896435141563416,2.476637382642366e-05
3563.0,3.027289267265587e-06,0.9999814629554749,1.549875560158398e-05
3564.0,0.00023036467609927058,0.9996848702430725,8.480267570121214e-05
3565.0,1.6130612493725494e-05,0.9999576210975647,2.625121851451695e-05
3566.0,0.9859216809272766,0.014067894779145718,1.0364253284933511e-05
3567.0,9.043320403634425e-08,0.9999998807907104,2.6988611345757363e-09
3568.0,0.1845521181821823,0.8154267072677612,2.1192065105424263e-05
3569.0,1.4794531125517096e-05,0.9999661445617676,1.909715501824394e-05
3570.0,3.3308394931097496e-10,1.0,3.3223581663577306e-09
3571.0,1.3170723605071544e-06,0.9999908804893494,7.846235348552e-06
3572.0,1.983717443782007e-12,1.0,2.639569292306465e-11
3573.0,0.06260257214307785,0.9360828399658203,0.0013145956909283996
3574.0,4.815855936612934e-05,0.9999460577964783,5.832747774547897e-06
3575.0,3.402113877074009e-12,1.0,1.2704164976951038e-12
3576.0,0.00042055471567437053,0.9995661377906799,1.3272001524455845e-05
3577.0,3.8121136185509386e-06,0.9999908804893494,5.30749866811675e-06
3578.0,1.645596171329089e-06,0.9999977350234985,6.252812454476953e-07
3579.0,6.857412245153682e-06,0.999989926815033,3.2054349503596313e-06
3580.0,0.001925869146361947,0.9961243271827698,0.0019497673492878675
3581.0,0.0012276095803827047,0.9987596869468689,1.2671180229517631e-05
3582.0,3.972717195210862e-07,0.9999896287918091,9.9659109764616e-06
3583.0,1.7252548786927946e-05,0.9999816417694092,1.1547457461347221e-06
3584.0,0.9992188811302185,0.0007748721400275826,6.231004590517841e-06
3585.0,9.17466968530789e-06,0.9999889731407166,1.884014977804327e-06
3586.0,5.999001473355747e-08,0.9999999403953552,4.248617102575736e-08
3587.0,0.9961866140365601,0.00379662262275815,1.6755300748627633e-05
3588.0,0.023850467056035995,0.9761254787445068,2.404454971838277e-05
3589.0,5.81321437493898e-05,0.9999409914016724,9.354003509542963e-07
3590.0,0.05835709720849991,0.9415243268013,0.00011855635239044204
3591.0,0.0014853120082989335,0.9984335899353027,8.106986206257716e-05
3592.0,0.0005693925777450204,0.9994156956672668,1.4885690688970499e-05
3593.0,8.848067955113947e-05,0.9999011158943176,1.0409386959508993e-05
3594.0,1.351995848608567e-07,0.9999967217445374,3.1510314784100046e-06
3595.0,0.026238951832056046,0.9737354516983032,2.5612293029553257e-05
3596.0,3.601642539763361e-09,1.0,1.2160797702165382e-08
3597.0,1.2750515088200132e-09,0.9999997615814209,2.2109776409706683e-07
3598.0,1.2139515738127105e-12,0.9999999403953552,3.036742413087268e-08
3599.0,0.9946789741516113,0.005313132423907518,7.903605364845134e-06
3600.0,5.467310285056648e-11,1.0,3.0168516573780835e-09
3601.0,1.911399704113137e-05,0.9999805092811584,3.95505338701696e-07
3602.0,7.413121920762933e-07,0.9999973177909851,1.8888133581640432e-06
3603.0,5.227769179327879e-06,0.9996951818466187,0.00029960746178403497
3604.0,0.00036437646485865116,0.999467134475708,0.00016847028746269643
3605.0,5.792825774619814e-09,0.9999999403953552,6.135602603762891e-08
3606.0,0.8778388500213623,0.12206252664327621,9.866333130048588e-05
3607.0,8.475265644847241e-07,0.9999967813491821,2.341950903428369e-06
3608.0,2.9179775083321147e-05,0.9999672174453735,3.644603566499427e-06
3609.0,0.00010237416427116841,0.9998486042022705,4.9020971346180886e-05
3610.0,6.022521370496747e-11,1.0,1.2140579340458313e-11
3611.0,0.0007847698871046305,0.9991320967674255,8.316322055179626e-05
3612.0,1.6120393411256373e-05,0.999963641166687,2.0247420252417214e-05
3613.0,1.4789853253205365e-07,0.9999979138374329,1.913509095174959e-06
3614.0,2.2616830630539653e-09,0.9999998211860657,2.0375840392716782e-07
3615.0,3.819029814611241e-10,0.9999999403953552,5.334684516355992e-08
3616.0,3.277421001257608e-08,0.9999678134918213,3.215250399080105e-05
3617.0,1.933239559548383e-07,0.9999996423721313,1.611653743793795e-07
3618.0,4.9264183843433784e-08,0.9999962449073792,3.714449348990456e-06
3619.0,1.1151500833861405e-09,0.9999985694885254,1.4579713933926541e-06
3620.0,2.7967853727384195e-11,1.0,1.407632344019305e-11
3621.0,6.718212830492121e-08,0.9999999403953552,2.0067316697236492e-08
3622.0,0.00048263432108797133,0.9995118975639343,5.535905984288547e-06
3623.0,2.386565029155463e-05,0.999975860118866,2.2305636093733483e-07
3624.0,4.541149792203214e-06,0.3903939723968506,0.6096015572547913
3625.0,5.412194923337665e-07,0.9999994039535522,1.0012518814050964e-08
3626.0,3.161496579195955e-06,0.9999909996986389,5.84918007007218e-06
3627.0,3.3366678309221243e-09,0.9999988079071045,1.174016915683751e-06
3628.0,3.865609166098238e-09,0.9999995231628418,4.817290459868673e-07
3629.0,0.008156337775290012,0.9916591048240662,0.00018451691721566021
3630.0,0.021724527701735497,0.9782699346542358,5.551993126573507e-06
3631.0,0.00036176815046928823,0.9996336698532104,4.538790108199464e-06
3632.0,1.6168975491837045e-07,0.9999984502792358,1.4125232610240346e-06
3633.0,0.9449268579483032,0.05505678430199623,1.6372843674616888e-05
3634.0,5.000715397329714e-10,1.0,1.103039171113096e-08
3635.0,1.5820249998910185e-08,1.0,6.461793766732171e-09
3636.0,4.5195969278211123e-07,0.9999756813049316,2.385145126027055e-05
3637.0,7.431933045154437e-05,0.9999204874038696,5.2090549615968484e-06
3638.0,0.9999998211860657,1.5153352705965517e-07,5.36028740925204e-13
3639.0,0.9997369647026062,7.361323639543116e-08,0.0002628710644785315
3640.0,5.619783749466478e-08,0.9993285536766052,0.0006713814218528569
3641.0,5.685704763891408e-06,0.9999937415122986,5.58885062673653e-07
3642.0,0.013817822560667992,0.986180305480957,1.8540117707743775e-06
3643.0,1.369901951875363e-06,0.9999980330467224,5.442198016680777e-07
3644.0,1.0595095911725139e-09,1.0,2.261811626880217e-09
3645.0,9.638355550123379e-06,0.9999861121177673,4.251494374329923e-06
3646.0,2.8422671221051132e-06,0.9999949336051941,2.1936220946372487e-06
3647.0,1.3359764125198126e-05,0.9999860525131226,5.801400106975052e-07
3648.0,0.9713766574859619,0.028456617146730423,0.0001667213364271447
3649.0,0.962472677230835,0.03751116245985031,1.6220170437009074e-05
3650.0,1.1670837365106157e-13,1.0,6.94224679912564e-13
3651.0,6.0338235925883055e-05,0.9999328851699829,6.7742048486252315e-06
3652.0,7.6143528531247284e-06,0.9999920129776001,4.122451855437248e-07
3653.0,1.2291011541876173e-09,0.9999995231628418,4.837966116610914e-07
3654.0,0.9999999403953552,4.772552145149156e-11,7.129549572937321e-08
3655.0,3.3770058866609364e-20,1.0,5.307465578141546e-10
3656.0,3.4584736567921937e-06,0.9999896287918091,6.952686362637905e-06
3657.0,7.751144948997535e-06,0.9901928305625916,0.00979940127581358
3658.0,0.009449967183172703,0.9905499219894409,1.5967003719197237e-07
3659.0,0.26226097345352173,0.7375685572624207,0.00017044592823367566
3660.0,3.3315104147613184e-13,0.9999998807907104,4.689331589702306e-08
3661.0,0.013452840968966484,0.9863347411155701,0.00021243473747745156
3662.0,0.9992597103118896,0.0007300959550775588,1.0084424502565525e-05
3663.0,2.2349537776023e-09,0.9999998807907104,1.2384488456973486e-07
3664.0,0.0012986900983378291,0.9986703395843506,3.0911567591829225e-05
3665.0,1.9616531687915995e-07,0.9999997019767761,1.469867640935263e-07
3666.0,4.8769338718557265e-06,0.9999858736991882,9.26874690776458e-06
3667.0,0.00013050624693278223,0.9998594522476196,1.0020828085544053e-05
3668.0,0.13710078597068787,0.862764298915863,0.00013486853276845068
3669.0,0.9999902248382568,9.1459987743292e-06,6.316273584161536e-07
3670.0,0.005316060967743397,0.9946109652519226,7.304606697289273e-05
3671.0,0.0006416715332306921,0.9993504881858826,7.85510474088369e-06
3672.0,1.9026066411242937e-06,0.9999979138374329,2.6138033604183875e-07
3673.0,1.1464033888852754e-10,0.9999998807907104,9.610286610950425e-08
3674.0,0.0008922502747736871,0.9990944266319275,1.3330457477422897e-05
3675.0,1.590295539699582e-08,0.9999999403953552,1.9646218873958787e-08
3676.0,2.4321434466401115e-07,0.999999463558197,3.306787164092384e-07
3677.0,3.6845128192908305e-07,0.999999463558197,1.4943290693736344e-07
3678.0,6.48769928375259e-05,0.9999210834503174,1.4034888408787083e-05
3679.0,3.456107720012369e-07,0.9999991655349731,4.865950700150279e-07
3680.0,0.00024162515182979405,0.9997509717941284,7.373179414571496e-06
3681.0,7.347797463808092e-07,0.9999988079071045,4.5435868401000334e-07
3682.0,3.699202011375746e-07,0.9999989867210388,6.595897161787434e-07
3683.0,3.0733534207155744e-12,1.0,9.54327394886434e-10
3684.0,6.751217540568177e-08,0.999995231628418,4.702455953520257e-06
3685.0,4.606599475209805e-07,0.9999992251396179,3.075932397678116e-07
3686.0,2.5018626059747362e-11,1.0,1.020198259205074e-09
3687.0,0.0010521087097004056,0.9989113211631775,3.657226261566393e-05
3688.0,4.784701079785236e-09,0.9999969601631165,3.0444791718764463e-06
3689.0,2.6157187852336727e-13,1.0,1.2458160725259404e-08
3690.0,2.5478363863129516e-10,0.9999987483024597,1.2911044677821337e-06
3691.0,5.491421662014162e-14,1.0,3.893814437549992e-11
3692.0,1.338866786682047e-05,0.9999860525131226,5.825546054438746e-07
3693.0,0.00017150571511592716,0.9996522665023804,0.000176233661477454
3694.0,0.00017249803931917995,0.9998235702514648,3.925860710296547e-06
3695.0,0.00018594475113786757,0.9998071193695068,6.971211405470967e-06
3696.0,2.8845734050264582e-05,0.9999622702598572,8.904946298571303e-06
3697.0,5.484462690219516e-06,0.9999943971633911,1.331644199353832e-07
3698.0,3.4537355531938374e-05,0.999925434589386,4.001866182079539e-05
3699.0,2.2392197934095748e-05,0.9999743700027466,3.2353793812944787e-06
3700.0,2.9939095907288715e-12,1.0,2.1548379400271322e-11
3701.0,2.061668674577574e-20,1.0,4.708362606048455e-13
3702.0,0.0005524084554053843,0.9994439482688904,3.6518160868581617e-06
3703.0,1.8756585404844373e-06,0.9999968409538269,1.337612502538832e-06
3704.0,2.0419241991476156e-05,0.9999743103981018,5.211250481806928e-06
3705.0,0.996534526348114,0.003433310892432928,3.217538687749766e-05
3706.0,0.0008999077836051583,0.9989176392555237,0.0001824614591896534
3707.0,0.036772049963474274,0.963090717792511,0.00013724874588660896
3708.0,2.528067170715076e-06,0.9999972581863403,2.572460573446733e-07
3709.0,8.277693851546641e-13,0.999987781047821,1.221905586135108e-05
3710.0,1.2427176443452481e-06,0.999995768070221,2.9661810003744904e-06
3711.0,2.4480415959260426e-05,0.9998878240585327,8.768933912506327e-05
3712.0,0.9999976754188538,2.3733687157800887e-06,4.4175146873826066e-10
3713.0,0.359921395778656,0.6396154165267944,0.00046315600047819316
3714.0,0.00014475369243882596,0.9996888637542725,0.0001663658767938614
3715.0,9.551651601213962e-06,0.9997930526733398,0.00019735872047021985
3716.0,7.076302654951405e-09,1.0,7.90613441381538e-09
3717.0,0.849255383014679,0.15015432238578796,0.0005903380806557834
3718.0,7.577016731374897e-06,0.9999818205833435,1.0612865480652545e-05
3719.0,9.945941883415799e-07,0.9999966025352478,2.4223279524449026e-06
3720.0,2.0958166313533866e-09,1.0,1.7167534949180663e-08
3721.0,8.39616586745251e-06,0.9999845623970032,7.084178832883481e-06
3722.0,1.5613663695290825e-09,0.9999969601631165,3.0730029720871244e-06
3723.0,3.1069184842635877e-06,0.999996542930603,3.343031949043507e-07
3724.0,1.74555381704522e-07,0.9999997615814209,5.67954749897126e-08
3725.0,0.00019660820544231683,0.9997901320457458,1.328501821262762e-05
3726.0,0.986361563205719,0.013552328571677208,8.607247582403943e-05
3727.0,2.635088378610817e-07,0.9999992847442627,4.3351141698622087e-07
3728.0,1.8954686431538192e-10,0.9999999403953552,6.325283408159521e-08
3729.0,1.0322631993631148e-07,0.9999995231628418,3.7125670360182994e-07
3730.0,0.00036042355350218713,0.9996338486671448,5.707038326363545e-06
3731.0,0.03275556117296219,0.9671466946601868,9.773362398846075e-05
3732.0,1.3630544692944113e-08,0.999999463558197,5.192921435082098e-07
3733.0,4.4235639506950974e-06,0.999994695186615,8.270685611933004e-07
3734.0,1.6782456313535477e-08,0.9999997615814209,1.9952658192323725e-07
3735.0,0.9579619765281677,0.041770048439502716,0.0002680534962564707
3736.0,5.713431394660518e-10,0.999997079372406,2.904826715166564e-06
3737.0,6.64372862502205e-07,0.9999988675117493,4.998729536964674e-07
3738.0,1.4687568182125688e-05,0.9999807476997375,4.537292170425644e-06
3739.0,0.9845193028450012,0.015411251224577427,6.947066867724061e-05
3740.0,3.704362858125698e-11,0.9999999403953552,8.380691696174836e-08
3741.0,3.138766746513255e-10,0.9980331659317017,0.001966849435120821
3742.0,9.849156413110904e-06,0.9975432753562927,0.002446816535666585
3743.0,4.2730458060802334e-11,1.0,6.069126312624462e-10
3744.0,2.8782033041352406e-06,0.9999950528144836,2.0738470993819647e-06
3745.0,9.397865786357068e-14,0.9999999403953552,6.667462315590456e-08
3746.0,1.711118920166843e-11,1.0,2.811284005588277e-08
3747.0,5.978213266644161e-07,0.9999986290931702,7.578242389172374e-07
3748.0,0.00034706920268945396,0.9995967149734497,5.62383393116761e-05
3749.0,0.005016908515244722,0.9949780702590942,4.99626230521244e-06
3750.0,7.63086700317217e-06,0.9999920129776001,3.895775648743438e-07
3751.0,0.001566554419696331,0.9984222054481506,1.1246233043493703e-05
3752.0,0.000435063848271966,0.9995610117912292,3.939385351259261e-06
3753.0,0.03133954480290413,0.9685860276222229,7.448263932019472e-05
3754.0,7.231434574350715e-05,0.9999268651008606,8.614517241767317e-07
3755.0,0.00010866814409382641,0.9998886585235596,2.7012970349460375e-06
3756.0,2.6890090848441517e-11,1.0,3.795812553164524e-09
3757.0,0.09512491524219513,0.9048067927360535,6.832925282651559e-05
3758.0,7.944291837702622e-07,0.9999987483024597,5.065563755124458e-07
3759.0,1.7400565309379917e-13,0.9999040365219116,9.599087206879631e-05
3760.0,7.925801645178174e-20,1.0,2.715600244673766e-10
3761.0,1.8463184540268296e-12,0.9999999403953552,4.711737489060397e-08
3762.0,1.0594182640488725e-05,0.9999889731407166,4.972580995854514e-07
3763.0,0.1127401664853096,0.8871338963508606,0.00012595362204592675
3764.0,1.742807287374859e-12,1.0,2.464059623008552e-09
3765.0,0.002642790786921978,0.9973268508911133,3.0392457119887695e-05
3766.0,1.0389295673762788e-10,1.0,7.115968925219818e-10
3767.0,7.695160619825003e-10,0.999988853931427,1.1138333320559468e-05
3768.0,0.00028884431230835617,0.9993193745613098,0.0003917888388969004
3769.0,0.0011872539762407541,0.9987263679504395,8.63476816448383e-05
3770.0,0.9998505115509033,0.00014838323113508523,1.122794856200926e-06
3771.0,9.803716866096934e-11,0.9999776482582092,2.237189983134158e-05
3772.0,0.0013488768599927425,0.9986442923545837,6.828792265878292e-06
3773.0,6.649584065598901e-06,0.9999933242797852,2.816219080159499e-08
3774.0,2.1341697298282725e-09,0.9999777674674988,2.2190375602804124e-05
3775.0,3.839657064519386e-11,0.9999997615814209,2.418679798665835e-07
3776.0,0.6382470726966858,0.3615442216396332,0.00020874511392321438
3777.0,1.371471989841666e-05,0.9999844431877136,1.8446781950842706e-06
3778.0,1.4165084660788807e-09,0.999999463558197,5.227533392826444e-07
3779.0,0.0001668305485509336,0.9998250603675842,8.113678632071242e-06
3780.0,0.021122630685567856,0.9788734316825867,3.895072950399481e-06
3781.0,0.00044435198651626706,0.9993451833724976,0.00021047565678600222
3782.0,2.5589850069222263e-20,1.0,2.207429185730088e-14
3783.0,3.177814278387814e-06,0.9999924898147583,4.286071998649277e-06
3784.0,2.3523446088802302e-06,0.9999959468841553,1.6673234313202556e-06
3785.0,3.013463128809235e-06,0.999994695186615,2.3140869416238274e-06
3786.0,2.571533030959472e-08,0.9999991059303284,8.578617780585773e-07
3787.0,0.0002226378710474819,0.08071798086166382,0.9190593957901001
3788.0,4.267615076969378e-05,0.999957263469696,1.131567817225232e-08
3789.0,1.3509324503502285e-07,0.9999988675117493,1.0393855518486816e-06
3790.0,0.9999955296516418,1.5194499383142102e-06,2.9870832349843113e-06
3791.0,7.976889149219346e-10,0.9877529144287109,0.01224703248590231
3792.0,4.335078483563848e-05,0.9999527931213379,3.915467914339388e-06
3793.0,1.8752875641236955e-10,0.9999973773956299,2.649305770319188e-06
3794.0,0.04644041880965233,0.9534786343574524,8.096855890471488e-05
3795.0,1.8922323707926125e-09,1.0,1.485578660087583e-09
3796.0,5.797352894848528e-17,1.0,6.501058805868931e-12
3797.0,0.004270864650607109,0.9957171082496643,1.2025994692521635e-05
3798.0,1.6216657741097151e-06,0.9999950528144836,3.3054614050342934e-06
3799.0,0.9842249155044556,0.015699179843068123,7.593526970595121e-05
3800.0,4.3043784682395e-12,0.9999999403953552,7.796214873678764e-08
3801.0,6.75001210481696e-09,0.9999997019767761,2.730946562223835e-07
3802.0,8.65978145156987e-05,0.9999096989631653,3.701588639160036e-06
3803.0,0.9360231757164001,0.0638776496052742,9.916455019265413e-05
3804.0,2.962644248327706e-05,0.9999657273292542,4.648953108699061e-06
3805.0,3.5132595617437534e-13,1.0,2.503714596757689e-11
3806.0,2.236422005807981e-05,0.9998816847801208,9.595494339009747e-05
3807.0,9.256150406145025e-06,0.9999884366989136,2.2969177280174335e-06
3808.0,9.158262059827393e-07,0.9999988079071045,3.046242795790022e-07
3809.0,1.3935355127614457e-06,0.9999946355819702,3.9983792703424115e-06
3810.0,0.99998939037323,1.0455844858370256e-05,1.6846807682213694e-07
3811.0,6.396760727511719e-05,0.9999358654022217,1.497864161592588e-07
3812.0,2.5895481314819335e-09,0.9863367676734924,0.013663210906088352
3813.0,1.2915474201236066e-07,0.9999966621398926,3.206886503903661e-06
3814.0,0.05878208577632904,0.9409194588661194,0.0002984853053931147
3815.0,1.3788510841550305e-05,0.9999493360519409,3.692931932164356e-05
3816.0,6.498192669823766e-05,0.9999287128448486,6.280783054535277e-06
3817.0,3.989587276009843e-05,0.9999529123306274,7.196662409114651e-06
3818.0,1.1182150956301484e-05,0.9999887347221375,9.853064852904936e-08
3819.0,0.00034730235347524285,0.9996514320373535,1.2394591522024712e-06
3820.0,5.901311439515666e-08,0.9999993443489075,6.272920245464775e-07
3821.0,1.1307324143672304e-07,0.9999980926513672,1.7887208514366648e-06
3822.0,0.12783922255039215,0.8716468811035156,0.0005138945416547358
3823.0,6.067378421903413e-07,0.9999884366989136,1.0954973731713835e-05
3824.0,4.9510876124259084e-05,0.9999470710754395,3.365622205819818e-06
3825.0,0.0019836516585201025,0.9979869723320007,2.9350721888476983e-05
3826.0,5.662291968633326e-09,0.9999998211860657,1.887670748601522e-07
3827.0,1.5862365674440548e-13,1.0,7.306721894195789e-11
3828.0,0.0036172885447740555,0.9963769316673279,5.8033315326611046e-06
3829.0,1.7622332961764187e-06,0.9999909400939941,7.336606358876452e-06
3830.0,0.004041899926960468,0.9959039092063904,5.4231688409345224e-05
3831.0,2.687338928808458e-05,0.999972939491272,1.8375031629602745e-07
3832.0,4.303893774704193e-07,0.9999995827674866,2.3726142828195407e-08
3833.0,0.008189885877072811,0.9917720556259155,3.805844971793704e-05
3834.0,1.6930849611185295e-08,0.9999986886978149,1.2984562545170775e-06
3835.0,1.503514991002021e-14,1.0,3.8232932375592554e-09
3836.0,0.00031789657077752054,0.9996816515922546,5.100031330584898e-07
3837.0,1.8240581267647826e-09,1.0,2.6518094387029123e-08
3838.0,7.359370890469563e-09,0.9999975562095642,2.416544248262653e-06
3839.0,6.608838884858415e-05,0.9999323487281799,1.511377149654436e-06
3840.0,5.418808868284941e-08,0.9999998807907104,5.9363522098010435e-08
3841.0,0.0012641593348234892,0.9985493421554565,0.00018647260731086135
3842.0,0.0056536756455898285,0.994246780872345,9.95075170067139e-05
3843.0,0.02734934166073799,0.972649872303009,7.512532533837657e-07
3844.0,0.006902315653860569,0.9929474592208862,0.00015018445265013725
3845.0,6.877896652213167e-08,0.9999995827674866,3.406108817216591e-07
3846.0,0.002966552507132292,0.9970167875289917,1.6699477782822214e-05
3847.0,0.1284242570400238,0.8715331554412842,4.262867514626123e-05
3848.0,3.897679562214762e-05,0.9999224543571472,3.852954978356138e-05
3849.0,1.555359868676831e-10,1.0,2.136247445605477e-08
3850.0,0.03100963495671749,0.968782365322113,0.00020798147306777537
3851.0,9.771908662514761e-05,0.999900221824646,2.0712102468678495e-06
3852.0,0.9999460577964783,5.307381434249692e-05,8.855238888827444e-07
3853.0,5.0084522846324114e-14,1.0,4.192782565581865e-09
3854.0,1.1780446618203655e-09,0.9999989867210388,1.0020937679655617e-06
3855.0,4.760280353366397e-05,0.9999520778656006,3.603904303872696e-07
3856.0,0.9759248495101929,0.024069057777523994,6.066213245503604e-06
3857.0,7.070390495300671e-09,0.9953415989875793,0.00465841218829155
3858.0,0.30764147639274597,0.6923112869262695,4.71633393317461e-05
3859.0,0.0021074272226542234,0.9978604912757874,3.209569331374951e-05
3860.0,0.00033879332477226853,0.9996600151062012,1.1546047744559473e-06
3861.0,2.8382894470269093e-06,0.9999932050704956,3.939465841540368e-06
3862.0,5.2885667400914826e-08,0.9999999403953552,5.655861927888681e-14
3863.0,0.00023390963906422257,0.9997374415397644,2.8581092919921502e-05
3864.0,0.00036297758924774826,0.669495165348053,0.3301418423652649
3865.0,6.878611014116132e-09,0.9999998807907104,1.0545039685894153e-07
3866.0,7.282408631681392e-08,0.9999951124191284,4.788837486557895e-06
3867.0,4.77147523270105e-07,0.9999977946281433,1.697922471066704e-06
3868.0,1.0315646115088839e-08,4.957971668773098e-07,0.999999463558197
3869.0,5.600055575510909e-12,0.9999992847442627,7.426914407915319e-07
3870.0,0.0008280306938104331,0.9989603161811829,0.00021169248793739825
3871.0,3.098177785432199e-06,0.9999964833259583,4.5648320678992604e-07
3872.0,1.5123494123692183e-10,1.0,2.1238915140497916e-11
3873.0,0.9992736577987671,0.0006327311275526881,9.355706424685195e-05
3874.0,1.7811729549066513e-06,0.9999930262565613,5.187158876651665e-06
3875.0,0.5764901638031006,0.42336851358413696,0.0001413344725733623
3876.0,1.0507608116938627e-09,0.999999463558197,5.269786811368249e-07
3877.0,1.782596314114926e-06,0.9999943375587463,3.9187975744425785e-06
3878.0,2.1947204470462722e-11,0.9999998807907104,1.3242997454199212e-07
3879.0,0.00024140911409631371,0.999735951423645,2.265680450364016e-05
3880.0,4.5433062041411176e-05,0.9999409317970276,1.3610578207590152e-05
3881.0,3.873294740497357e-11,1.0,7.65428831428494e-10
3882.0,9.928172221407294e-05,0.9999006986618042,5.678572057021825e-10
3883.0,0.9971080422401428,0.0028918704483658075,1.5555177412807097e-07
3884.0,1.9835300918202847e-05,0.9999755620956421,4.609006737155141e-06
3885.0,0.000276239647064358,0.9997217655181885,2.0067275272594998e-06
3886.0,2.5996210429204152e-17,1.0,1.2799008963781944e-08
3887.0,0.00021857926913071424,0.3385895788669586,0.6611918210983276
3888.0,0.002393831266090274,0.9975985884666443,7.596943305543391e-06
3889.0,5.4019726469789475e-09,0.999999463558197,5.321401204128051e-07
3890.0,0.00013178731023799628,0.9998190999031067,4.909221388516016e-05
3891.0,1.298539590742151e-13,1.0,2.32791617094108e-08
3892.0,3.0529645300703123e-06,0.9999969005584717,2.782497965370112e-08
3893.0,9.104435594053939e-05,0.9998883605003357,2.057041274383664e-05
3894.0,9.77447853074409e-05,0.9994269013404846,0.0004753808316309005
3895.0,2.8978066612950215e-09,0.9999999403953552,7.135290047699527e-08
3896.0,6.081266292312648e-06,0.9999933838844299,5.37903645181359e-07
3897.0,2.7882715585292317e-06,0.9999956488609314,1.5596450566590647e-06
3898.0,0.00030000769766047597,0.9996678829193115,3.2083600672194734e-05
3899.0,4.4844555846523804e-10,0.9999998211860657,1.6410322700721736e-07
3900.0,4.520764665394417e-11,1.0,1.3562811984613177e-09
3901.0,0.00021490729704964906,0.9997292757034302,5.5844462622189894e-05
3902.0,1.5608055036864243e-05,0.9999778866767883,6.461973953264533e-06
3903.0,0.005097326822578907,0.9948213696479797,8.125026943162084e-05
3904.0,4.4260636822279764e-11,1.0,2.6496291827271534e-09
3905.0,0.009271795861423016,0.9906255602836609,0.00010262194700771943
3906.0,3.57821909346967e-06,0.9999958276748657,5.506353772943839e-07
3907.0,0.0035872389562427998,0.9964034557342529,9.267920177080669e-06
3908.0,1.5851161094815325e-07,0.9999986290931702,1.209394554280152e-06
3909.0,1.8701536153020726e-10,0.9999688863754272,3.110837496933527e-05
3910.0,6.480475600589841e-10,0.9999997615814209,2.6638394956535194e-07
3911.0,1.3322696279516322e-09,1.0,9.64014024162907e-09
3912.0,0.9999977350234985,2.2591048036701977e-06,1.5864449309788142e-08
3913.0,2.5440594981773756e-05,0.9999743700027466,2.1512263970180356e-07
3914.0,4.0227471372480483e-16,0.9999996423721313,3.115578977030964e-07
3915.0,2.4470161861245288e-06,0.9999862909317017,1.1216949133086018e-05
3916.0,0.0016836514696478844,0.9982893466949463,2.703922837099526e-05
3917.0,0.007873919792473316,0.9920978546142578,2.82001456071157e-05
3918.0,1.0055697430289001e-07,0.9999998211860657,1.1649404285662968e-07
3919.0,5.333070589585986e-07,0.999999463558197,1.2521668146803222e-09
3920.0,0.0034045057836920023,0.9965904951095581,5.044185400038259e-06
3921.0,0.003870101645588875,0.9953317642211914,0.0007981864619068801
3922.0,1.3791793228301596e-12,0.00016352687089238316,0.9998364448547363
3923.0,0.00011029562301700935,0.9998639225959778,2.5771207219804637e-05
3924.0,1.7210165855364307e-13,1.0,6.836209376359648e-09
3925.0,3.325171300652197e-16,1.0,1.061275633346126e-12
3926.0,6.55508047202602e-05,0.9999049305915833,2.9498480216716416e-05
3927.0,0.9993311762809753,0.0006572725251317024,1.1559276572370436e-05
3928.0,7.198804746755272e-11,0.9999998211860657,1.7361699633511307e-07
3929.0,2.9201128626255013e-08,0.9999655485153198,3.440269938437268e-05
3930.0,0.9122313261032104,0.08772978186607361,3.888156425091438e-05
3931.0,3.260807352489792e-05,0.9999132752418518,5.410092489910312e-05
3932.0,0.004528578836470842,0.9954411387443542,3.0257468097261153e-05
3933.0,0.9999948740005493,5.06403330291505e-06,6.640694749648901e-08
3934.0,0.0009996998123824596,0.9989985227584839,1.806489422051527e-06
3935.0,4.7442710638279095e-05,0.9999520182609558,5.560947897720325e-07
3936.0,0.04333057254552841,0.9565775990486145,9.181216591969132e-05
3937.0,0.9419959783554077,0.057931385934352875,7.257285324158147e-05
3938.0,0.0031569357961416245,0.9967820048332214,6.108334491727874e-05
3939.0,0.07407467067241669,0.9112455248832703,0.01467979047447443
3940.0,4.5895967581977004e-10,1.0,1.2596247656038173e-10
3941.0,1.4947893589578598e-08,1.0,2.8407682872710893e-09
3942.0,6.2203149298056815e-09,1.0,5.576877501467514e-12
3943.0,0.9999952912330627,1.7026550796443024e-13,4.745093519886723e-06
3944.0,6.141027597550419e-08,0.9999997019767761,2.2933899401778035e-07
3945.0,5.987982603983255e-06,0.9999918937683105,2.129090717062354e-06
3946.0,2.4964394995663497e-08,0.9999916553497314,8.303085451188963e-06
3947.0,0.0001545627019368112,0.9998266696929932,1.8719196305028163e-05
3948.0,2.721713769915368e-07,0.9999993443489075,4.210076269828278e-07
3949.0,0.0005365923279896379,0.99933922290802,0.00012413359945639968
3950.0,0.00013852208212483674,0.9998613595962524,1.6144953463026468e-07
3951.0,0.9884822368621826,0.011503082700073719,1.459600025555119e-05
3952.0,0.0033024779986590147,0.9966919422149658,5.5304954003077e-06
3953.0,8.397760780098906e-07,0.9999992251396179,1.1839245139810828e-09
3954.0,1.4002885656561048e-11,0.9999998807907104,1.1896160856395e-07
3955.0,0.0001965291885426268,0.9634415507316589,0.03636189550161362
3956.0,6.062269619633298e-08,0.9999998807907104,5.304813810447229e-10
3957.0,9.397324447490973e-07,0.9999988079071045,2.454319485423184e-07
3958.0,4.261234062141739e-05,0.9999393820762634,1.8044836906483397e-05
3959.0,2.0079686611357284e-12,1.0,3.891541755507433e-09
3960.0,1.3274933508000686e-07,0.9999995827674866,2.9232310794213845e-07
3961.0,2.307008571733604e-06,0.9999976754188538,3.1096993868828804e-09
3962.0,0.00047190565965138376,0.999515950679779,1.2162163329776376e-05
3963.0,2.0647015718430728e-16,1.0,6.828142278102197e-18
3964.0,0.001256001298315823,0.9986560940742493,8.789992716629058e-05
3965.0,0.08064459264278412,0.9192965030670166,5.889216481591575e-05
3966.0,1.7851125022616543e-08,0.9999858736991882,1.4110713891568594e-05
3967.0,0.00010299622226739302,0.9998903870582581,6.586784820683533e-06
3968.0,4.453250767255668e-06,0.999995231628418,3.155437866553257e-07
3969.0,4.273730155546218e-06,0.9999955296516418,1.4039777340713044e-07
3970.0,0.9998404383659363,0.00015468358469661325,4.8749789129942656e-06
3971.0,1.647617136768531e-05,0.9999823570251465,1.149511604126019e-06
3972.0,8.399115358770359e-08,0.999998152256012,1.838223170125275e-06
3973.0,6.861196055751861e-08,0.9999998807907104,3.237311219095318e-08
3974.0,0.025800686329603195,0.9741690754890442,3.021763768629171e-05
3975.0,8.240245819024494e-08,0.999999463558197,4.4508965402201284e-07
3976.0,0.9873824119567871,0.012190734967589378,0.0004268156480975449
3977.0,0.9216511845588684,0.0778149887919426,0.0005338135524652898
3978.0,0.10486125200986862,0.8949392437934875,0.00019949513080064207
3979.0,2.2049697623316433e-09,0.9999993443489075,6.466673880822782e-07
3980.0,3.447614971285873e-10,1.0,5.4347157885104025e-09
3981.0,3.0700535429833975e-12,1.0,4.499625116949346e-09
3982.0,0.0004741201119031757,0.9995238184928894,2.0656239030358847e-06
3983.0,1.2726472050417215e-05,0.9999858140945435,1.4490518651655293e-06
3984.0,9.714454790810123e-05,0.999902606010437,2.926446143192152e-07
3985.0,1.6783999967628915e-07,0.9999967813491821,3.022113560291473e-06
3986.0,0.004474711138755083,0.9954758882522583,4.9387650506105274e-05
3987.0,2.558813037012442e-07,0.9999933242797852,6.401152859325521e-06
3988.0,2.767618911825309e-10,0.9999999403953552,4.5403169224300655e-08
3989.0,5.1640709486378e-09,1.0,2.399204168668234e-09
3990.0,4.5896085794083774e-05,0.9999487996101379,5.364637672755634e-06
3991.0,3.45192902040381e-11,1.0,6.760236814784548e-11
3992.0,0.9140418171882629,0.08590859919786453,4.955625263391994e-05
3993.0,0.01042097806930542,0.9895190596580505,5.9940797655144706e-05
3994.0,0.9999607801437378,3.925819692085497e-05,2.9435186732484908e-08
3995.0,7.343012309313224e-10,1.0,3.2040186059845155e-09
3996.0,4.8765490646474063e-05,0.9999473690986633,3.833667051367229e-06
3997.0,3.498298895010521e-08,0.9999997615814209,2.0492068131261476e-07
3998.0,2.0090887176138494e-07,0.999992311000824,7.442939477186883e-06
3999.0,7.057720722514205e-06,0.9999929070472717,4.020964894380086e-08
4000.0,0.8465626239776611,0.15303315222263336,0.0004042514192406088
4001.0,0.006197971757501364,0.9937922954559326,9.713065082905814e-06
4002.0,2.721191429469732e-14,0.9999958872795105,4.080289272678783e-06
4003.0,4.518166178968386e-07,0.9999995231628418,1.2371715873982225e-09
4004.0,8.096916914723806e-09,1.0,5.750273035509679e-10
4005.0,6.316911793646796e-08,0.9999983310699463,1.5937393982312642e-06
4006.0,1.0001666851167101e-05,0.9999843835830688,5.613423127215356e-06
4007.0,6.357571692205966e-05,0.9999344944953918,1.975052100533503e-06
4008.0,0.00042728270636871457,0.999562680721283,1.0012276106863283e-05
4009.0,1.2763996437570313e-07,0.9999998807907104,2.54294640900099e-10
4010.0,0.9999926090240479,7.411740170937264e-06,5.249809476026712e-10
4011.0,3.9493538994683774e-10,0.9999998211860657,1.7692633491606102e-07
4012.0,0.02023310214281082,0.9796635508537292,0.00010332848614780232
4013.0,1.0921143850373127e-10,0.9999017715454102,9.821123967412859e-05
4014.0,1.8418928448227234e-05,0.9995400309562683,0.0004415075818542391
4015.0,6.836640086514689e-13,1.0,1.7860034284833404e-10
4016.0,7.06422642604565e-10,0.9999997615814209,2.675406562957505e-07
4017.0,4.694860056275729e-10,0.9999998807907104,1.38691731876861e-07
4018.0,5.528668634013911e-09,0.9997745156288147,0.00022547987464349717
4019.0,0.0019409606466069818,0.9980564117431641,2.6431789592606947e-06
4020.0,0.0013415681896731257,0.9986284375190735,3.0011604394530877e-05
4021.0,6.252507319004508e-06,0.9999741315841675,1.962376518349629e-05
4022.0,8.099874685285613e-05,0.9999173283576965,1.683618961578759e-06
4023.0,0.008831690065562725,0.9911623597145081,5.910090749239316e-06
4024.0,0.994310736656189,0.005516448058187962,0.00017284693603869528
4025.0,1.1342393918312155e-05,0.9999876618385315,1.0260322369504138e-06
4026.0,0.006356114521622658,0.9936184883117676,2.5387349523953162e-05
4027.0,3.769463319258648e-06,0.9999938607215881,2.355638343942701e-06
4028.0,4.513995843780094e-10,0.9999999403953552,4.939715836371761e-08
4029.0,9.227457667293493e-06,0.9999660849571228,2.4695224055903964e-05
4030.0,3.760688635501275e-11,1.0,1.291325935071086e-09
4031.0,0.0002057651145150885,0.9997912645339966,2.9910452212789096e-06
4032.0,9.016230123615188e-11,1.0,6.148471509703768e-09
4033.0,3.897199403468665e-12,0.9999817609786987,1.82495223270962e-05
4034.0,5.0560280214995146e-05,0.9999488592147827,5.808155947306659e-07
4035.0,4.711970813531252e-09,0.9999997019767761,2.997927879277995e-07
4036.0,0.27837103605270386,0.7214643955230713,0.00016452513227704912
4037.0,0.0008203928591683507,0.9991579055786133,2.1700956494896673e-05
4038.0,2.4144979761331342e-05,0.9999619722366333,1.3923551705374848e-05
4039.0,0.0001360246242256835,0.9998263716697693,3.758310776902363e-05
4040.0,5.388047785714889e-10,0.9999999403953552,8.794852135451947e-08
4041.0,6.178168405313045e-05,0.9999300837516785,8.115462151181418e-06
4042.0,0.003327819984406233,0.9965843558311462,8.782614168012515e-05
4043.0,3.166850948144173e-10,1.0,4.4297402551629617e-11
4044.0,4.146901346757659e-07,0.9999948143959045,4.754828296427149e-06
4045.0,9.283769066004144e-12,1.0,2.6927178709001964e-08
4046.0,3.7313935052907254e-08,0.9999995827674866,4.1958472252190404e-07
4047.0,7.703526352997869e-05,0.9999210238456726,1.956650521606207e-06
4048.0,9.364224524688325e-07,0.9999970197677612,2.0195809611323057e-06
4049.0,0.3611625134944916,0.6388167142868042,2.07470657187514e-05
4050.0,2.3863869186941875e-14,0.9999913573265076,8.696461009094492e-06
4051.0,0.00016893871361389756,0.9998149275779724,1.6126548871397972e-05
4052.0,0.8592116832733154,0.13962294161319733,0.0011653765104711056
4053.0,9.814051793455292e-10,1.0,3.4707077212203785e-09
4054.0,4.937889333533896e-11,0.9983179569244385,0.0016820912715047598
4055.0,5.348601006538445e-10,0.9999997019767761,3.2455673704134824e-07
4056.0,0.006467437371611595,0.9934845566749573,4.803560659638606e-05
4057.0,0.0024883649311959743,0.9974916577339172,2.0024624973302707e-05
4058.0,0.010358608327805996,0.9896159768104553,2.5375393306603655e-05
4059.0,1.3570929695561063e-06,0.9999986290931702,4.702987131677272e-14
4060.0,5.683278914148104e-07,0.9999977350234985,1.6696938018867513e-06
4061.0,5.44011811598466e-07,0.9999985694885254,8.327495493176684e-07
4062.0,0.0015821539564058185,0.998417317867279,5.409553409663204e-07
4063.0,0.00032238379935733974,0.999677300453186,3.245948505536944e-07
4064.0,0.00012820036499761045,0.9998705983161926,1.1989483255092637e-06
4065.0,8.074791549006477e-05,0.9999138116836548,5.412447990238434e-06
4066.0,1.141717831387723e-07,0.9999942779541016,5.623769084195374e-06
4067.0,6.877896652213167e-08,0.9999995827674866,3.406108817216591e-07
4068.0,0.0003209538117516786,0.9996612668037415,1.779926424205769e-05
4069.0,1.908070501599468e-08,0.9999998807907104,1.3647519381265738e-07
4070.0,0.002285410650074482,0.9977001547813416,1.4471347640210297e-05
4071.0,0.005794275552034378,0.9941986203193665,7.113373158063041e-06
4072.0,1.3015430511131854e-08,1.0,5.575901962373564e-10
4073.0,3.3442240692238556e-06,0.9999966621398926,2.0255836119531523e-08
4074.0,6.88277868903242e-05,0.9999158382415771,1.530542976979632e-05
4075.0,3.852242413948659e-10,1.0,2.85409508526957e-11
4076.0,0.023309338837862015,0.9763339161872864,0.00035674558603204787
4077.0,7.479595609538592e-08,0.9999998211860657,1.3813004784424265e-07
4078.0,1.4538346915227152e-10,0.9999133944511414,8.665438508614898e-05
4079.0,5.2704234206057965e-12,1.0,1.6714622741442753e-10
4080.0,6.3948896240617614e-06,0.9999410510063171,5.251927723293193e-05
4081.0,1.5809241915576422e-07,0.9999985694885254,1.2728055480693001e-06
4082.0,6.636663601966575e-05,0.999931275844574,2.364108922847663e-06
4083.0,0.019169799983501434,0.9808286428451538,1.5672936797272996e-06
4084.0,0.9974588751792908,0.002449779072776437,9.138321183854714e-05
4085.0,0.2674179673194885,0.7325569987297058,2.5045330403372645e-05
4086.0,2.54954954925779e-07,0.9999997019767761,5.248002921121042e-08
4087.0,2.539465810968977e-07,0.9999997615814209,2.270883259214429e-09
4088.0,1.7065591464415775e-06,0.9999839663505554,1.4296369954536203e-05
4089.0,4.1937076389331196e-07,0.9999149441719055,8.462096593575552e-05
4090.0,1.3930454123567415e-08,0.9999921321868896,7.874088623793796e-06
4091.0,0.012669742107391357,0.9858944416046143,0.0014358089538291097
4092.0,4.98244503432943e-07,0.9999988079071045,6.71669397434016e-07
4093.0,2.468596562721359e-07,0.9999958872795105,3.816893240582431e-06
4094.0,4.0772434317659645e-09,0.9999904036521912,9.567012057232205e-06
4095.0,0.0004438766627572477,0.9993578791618347,0.0001982490357477218
4096.0,1.9465596778900363e-07,0.9999998211860657,1.955193518199394e-08
4097.0,0.03658943250775337,0.9633137583732605,9.684396354714409e-05
4098.0,4.379594464865022e-09,0.9999995231628418,5.051631433161674e-07
4099.0,0.9987818002700806,0.0011991867795586586,1.8978380467160605e-05
4100.0,1.8796821677824482e-05,0.9999796748161316,1.5563267652396462e-06
4101.0,0.9995095729827881,3.289884773494123e-07,0.0004901275387965143
4102.0,2.0654776500261818e-10,1.0,5.863431518093876e-09
4103.0,5.650200023410434e-07,0.9999994039535522,8.909696092018748e-09
4104.0,2.086683714708215e-09,1.0,6.361173809921183e-10
4105.0,3.883185786812682e-11,1.0,7.102015420201724e-09
4106.0,0.0008158148848451674,0.999091625213623,9.259975195163861e-05
4107.0,1.4615941882301174e-24,1.0,1.9626517078208394e-10
4108.0,3.1785944987205994e-09,0.9999998807907104,1.2161282825218223e-07
4109.0,5.0791692900176155e-12,0.9999992847442627,6.930189897502714e-07
4110.0,5.509590117469543e-09,0.9999985098838806,1.4750158925380674e-06
4111.0,7.19536910764873e-05,0.999915361404419,1.2653247722482774e-05
4112.0,3.8736382634851907e-07,0.9999984502792358,1.2173724144304288e-06
4113.0,0.20009830594062805,0.7998954057693481,6.323663455987116e-06
4114.0,1.512088942945411e-08,0.9999961853027344,3.815083346125903e-06
4115.0,4.274927162914084e-21,1.0,3.2868713306655195e-10
4116.0,4.488771132571401e-09,0.9999999403953552,7.088673470434514e-08
4117.0,4.611129406839609e-05,0.9999476671218872,6.237991783564212e-06
4118.0,3.4348779536230722e-06,0.9999870657920837,9.504675290372688e-06
4119.0,6.509998318193766e-09,0.9999993443489075,6.557932010764489e-07
4120.0,0.0032538713421672583,0.9966330528259277,0.00011312100832583383
4121.0,0.9987426400184631,0.0012573382118716836,6.14735213844142e-08
4122.0,0.9981133341789246,0.0018679527565836906,1.87694877240574e-05
4123.0,0.18977941572666168,0.8101720809936523,4.8516707465751097e-05
4124.0,7.223708962555975e-05,0.9999023079872131,2.5444232960580848e-05
4125.0,0.0002713444991968572,0.999725341796875,3.377949269633973e-06
4126.0,2.2065271831905875e-10,1.0,5.112105405657985e-09
4127.0,0.0001783551851985976,0.9998122453689575,9.413968655280769e-06
4128.0,1.5820435373029533e-16,0.9999966621398926,3.3547094062669203e-06
4129.0,8.420274184572918e-07,0.9999943971633911,4.7633266149205156e-06
4130.0,1.1245604447651658e-09,0.9999484419822693,5.154790778760798e-05
4131.0,1.7188885976793244e-06,0.9999977350234985,5.344090823200531e-07
4132.0,3.380786074558273e-05,0.9999649524688721,1.2392163171170978e-06
4133.0,1.8012699621802741e-12,0.9999833106994629,1.6658881577313878e-05
4134.0,1.7613922409509541e-07,0.9999992847442627,5.462902095132449e-07
4135.0,5.571950509875023e-07,0.9999994039535522,3.617479649165034e-09
4136.0,0.00021558499429374933,0.9997804164886475,4.016009370388929e-06
4137.0,1.1784959497163072e-05,0.9999823570251465,5.82162238060846e-06
4138.0,3.3224762319150614e-07,0.9974086880683899,0.0025909757241606712
4139.0,0.020911868661642075,0.000671896617859602,0.9784162640571594
4140.0,0.00022326681937556714,0.999771237373352,5.531615897780284e-06
4141.0,1.8540610824402393e-07,0.9999945759773254,5.274234808894107e-06
4142.0,1.003237404262336e-08,0.999995768070221,4.254315626894822e-06
4143.0,1.9144005825033616e-11,1.0,3.0097493941561027e-10
4144.0,0.06490357965230942,0.9347835779190063,0.0003128415846731514
4145.0,0.002193261170759797,0.9977908134460449,1.5850726413191296e-05
4146.0,0.006052492186427116,0.993935763835907,1.1681417163345031e-05
4147.0,1.503908817647358e-17,0.9999997615814209,2.6749748371912574e-07
4148.0,0.0033575394190847874,0.9963045120239258,0.00033793950569815934
4149.0,0.0008427950087934732,0.9991480708122253,9.087832040677313e-06
4150.0,8.938277460401878e-07,0.9999983310699463,8.245360163527948e-07
4151.0,1.6132927882495096e-08,0.9999999403953552,2.4720515412468558e-08
4152.0,1.2081961358489934e-05,0.9999871850013733,7.618775157425262e-07
4153.0,0.0008505898877047002,0.9991476535797119,1.7696793292998336e-06
4154.0,9.508545986136596e-07,0.9999404549598694,5.86202040722128e-05
4155.0,4.124018545314283e-18,1.0,1.986120469477104e-12
4156.0,8.765758252593514e-07,0.9999990463256836,6.257695162048549e-08
4157.0,0.0001732397504383698,0.9998250007629395,1.7685175635051564e-06
4158.0,6.820104772486957e-06,0.999992311000824,9.140052839029522e-07
4159.0,3.114612354693236e-07,0.9999849796295166,1.470541610615328e-05
4160.0,0.00019194246851839125,0.9998077750205994,2.6149410814468865e-07
4161.0,4.4566333587924e-14,0.9999998211860657,1.6004676695047237e-07
4162.0,6.667710840702057e-05,0.9999182820320129,1.5072944734129123e-05
4163.0,0.07909826189279556,0.9209002256393433,1.5000067605797085e-06
4164.0,0.004861228168010712,0.9951371550559998,1.6100908624139265e-06
4165.0,3.782622659542767e-09,1.0,1.0630423652457921e-08
4166.0,1.5294677416927138e-12,1.0,5.347518001325158e-12
4167.0,0.0008163545280694962,0.9991726279258728,1.1041993275284767e-05
4168.0,0.019474396482110023,0.9802959561347961,0.0002296739403391257
4169.0,5.406190666690236e-06,0.9999846816062927,9.911803317663725e-06
4170.0,3.2921623205339756e-09,0.9999963045120239,3.6717644888994982e-06
4171.0,0.003930778242647648,0.9960334897041321,3.573896538000554e-05
4172.0,2.7187410656104305e-10,0.9999999403953552,6.142111885765189e-08
4173.0,3.796117198362481e-06,0.9999943375587463,1.8417896399114397e-06
4174.0,1.7520011169835925e-05,0.9999818801879883,5.951018806626962e-07
4175.0,2.1689959339710185e-06,0.9999973773956299,4.3630859636323294e-07
4176.0,0.20703226327896118,0.792749285697937,0.00021846081654075533
4177.0,0.008805487304925919,0.9911636710166931,3.0830735340714455e-05
4178.0,0.00018574258137959987,0.999813437461853,7.782699071867683e-07
4179.0,3.365149142415397e-13,1.0,1.6222038157209795e-09
4180.0,0.009228812530636787,0.9907677173614502,3.48379307979485e-06
4181.0,6.0958718677284196e-05,0.9999390840530396,2.683472111186802e-09
4182.0,5.839534060214646e-05,0.9213510751724243,0.07859054207801819
4183.0,8.00733505457174e-06,0.9999905228614807,1.4983537539592362e-06
4184.0,3.863811798510142e-05,0.9999545812606812,6.835160093032755e-06
4185.0,2.068714275083039e-05,0.9999395608901978,3.979189568781294e-05
4186.0,0.9785196781158447,0.021459562703967094,2.073879659292288e-05
4187.0,0.002636006800457835,0.910763144493103,0.0866008922457695
4188.0,9.255739428226661e-07,0.999995768070221,3.3345047540933592e-06
4189.0,0.0013139626244083047,0.9985685348510742,0.00011746421660063788
4190.0,8.491085736750392e-07,0.9999975562095642,1.5662352552681114e-06
4191.0,6.624228262808174e-06,0.9999933838844299,4.097976624706234e-09
4192.0,2.931632025138242e-06,0.9999924302101135,4.700525551015744e-06
4193.0,2.358023465376391e-07,0.9999990463256836,6.845251618869952e-07
4194.0,1.0,1.2592351206902608e-12,4.2639142217026915e-11
4195.0,0.933259904384613,0.03170457482337952,0.03503549098968506
4196.0,3.6302054695624975e-09,0.9999963045120239,3.679429937619716e-06
4197.0,2.6578493361739675e-07,0.9999982118606567,1.510734705334471e-06
4198.0,0.00020452386524993926,0.9997894167900085,6.032236342434771e-06
4199.0,6.027682530884704e-08,0.9999994039535522,5.424710707302438e-07
4200.0,0.9728057384490967,0.02673356980085373,0.00046073857811279595
4201.0,0.9999997615814209,2.436042905173963e-07,2.2825039636131805e-08
4202.0,0.000425634061684832,0.9995598793029785,1.4456350982072763e-05
4203.0,0.002399175427854061,0.9975681304931641,3.264866245444864e-05
4204.0,7.414847641484812e-05,0.9997718334197998,0.0001540007651783526
4205.0,2.44324883169611e-06,0.9999743700027466,2.3225245968205854e-05
4206.0,2.394995490817564e-08,0.9999995827674866,4.2251232912349224e-07
4207.0,1.5629916794417803e-13,0.9998490810394287,0.00015089026419445872
4208.0,0.9999994039535522,6.02314401021431e-07,2.7405393510093745e-08
4209.0,1.925848664541263e-05,0.9999789595603943,1.7856422118711635e-06
4210.0,0.00014544707664754242,0.9998490810394287,5.4138827181304805e-06
4211.0,0.0002892448101192713,0.9987761378288269,0.0009345903526991606
4212.0,0.2801015079021454,0.7197709679603577,0.00012750813039019704
4213.0,8.647602101063967e-08,0.9999991655349731,7.896755960246082e-07
4214.0,0.022144393995404243,0.9778210520744324,3.454521356616169e-05
4215.0,2.2964237359701656e-05,0.9999765157699585,4.959919692737458e-07
4216.0,5.475926445797086e-05,0.9999400973320007,5.127993972564582e-06
4217.0,1.868924748293921e-08,1.0,1.5989808366256852e-09
4218.0,1.7656661555065511e-07,0.9999990463256836,8.016786523512565e-07
4219.0,0.9999998211860657,3.9194149092708006e-14,1.728103882214782e-07
4220.0,1.2650653502532805e-07,0.9999997615814209,9.326227967676459e-08
4221.0,0.4262184798717499,0.5733314752578735,0.0004499774659052491
4222.0,0.000191269296919927,0.9998030066490173,5.687402335752267e-06
4223.0,8.333916933970066e-16,1.0,5.988441964532853e-10
4224.0,5.245578416079866e-10,0.999999463558197,5.122710717841983e-07
4225.0,6.89205307935481e-07,0.9999992847442627,1.5049700152758305e-08
4226.0,0.06537365168333054,0.9345993995666504,2.6949297534883954e-05
4227.0,0.0004028037656098604,0.999591052532196,6.103104169596918e-06
4228.0,0.0005628307699225843,0.999437153339386,1.4869270259509904e-09
4229.0,1.3554618365219095e-11,0.9999999403953552,5.0020126707295276e-08
4230.0,7.402541541523533e-06,0.9999907612800598,1.8559894670033827e-06
4231.0,0.14408449828624725,0.8557696342468262,0.0001458602346247062
4232.0,0.00012557426816783845,0.9998658895492554,8.518261893186718e-06
4233.0,1.7476407473959732e-11,1.0,3.419037053475904e-09
4234.0,0.9898039698600769,0.007726615760475397,0.002469479339197278
4235.0,1.1287129217385505e-11,0.9999971389770508,2.9043862923572306e-06
4236.0,5.229241196502699e-06,0.9999946355819702,1.3709633606140414e-07
4237.0,6.349793607585141e-11,0.9997750520706177,0.00022495030134450644
4238.0,6.563325882780191e-07,0.9999992251396179,1.6666137980791973e-07
4239.0,1.3468957149598282e-05,0.9999814033508301,5.132111255079508e-06
4240.0,5.21666834174539e-07,0.9999939799308777,5.45125885764719e-06
4241.0,5.027293923376419e-07,0.9987591505050659,0.001240308047272265
4242.0,1.262373075405776e-06,0.9999920725822449,6.699800906062592e-06
4243.0,0.003175852820277214,0.9967995882034302,2.454754212521948e-05
4244.0,0.3927094340324402,0.6072113513946533,7.917587936390191e-05
4245.0,3.989772721979534e-06,0.9999954104423523,5.93658739944658e-07
4246.0,0.9999991059303284,8.902894705897779e-07,1.442663588591131e-08
4247.0,1.4724844277225202e-06,0.9999985694885254,2.7035907734784814e-08
4248.0,0.00037993735168129206,0.9996040463447571,1.600076757313218e-05
4249.0,0.00030642657657153904,0.9975875616073608,0.0021060348954051733
4250.0,0.9999982118606567,1.2048449207213707e-06,5.757531198469223e-07
4251.0,1.9167105402839724e-11,1.0,1.1278787681590074e-08
4252.0,9.45591160927961e-09,0.9999993443489075,6.406459078789339e-07
4253.0,2.8375500733812675e-12,0.9999999403953552,5.912113465456059e-08
4254.0,0.9698342084884644,0.030163919553160667,1.8462695834386977e-06
4255.0,2.0156743028160173e-12,0.9999998807907104,1.2062623966357933e-07
4256.0,5.032212357036769e-06,0.9999943375587463,6.43577266146167e-07
4257.0,0.15789476037025452,0.8412995934486389,0.0008056866354309022
4258.0,1.397582827245003e-09,0.9970457553863525,0.00295424135401845
4259.0,2.066872450967594e-09,0.9999962449073792,3.7636546039720997e-06
4260.0,1.193884509120835e-05,0.9999862313270569,1.8684020233195042e-06
4261.0,0.002073537791147828,0.9979243874549866,2.069612037303159e-06
4262.0,2.496150955266785e-05,0.9999672174453735,7.818125595804304e-06
4263.0,0.003390513826161623,0.9964483976364136,0.00016111315926536918
4264.0,2.5306972073479983e-09,0.9999539852142334,4.6011969971004874e-05
4265.0,0.0005908841267228127,0.9994015693664551,7.549159363406943e-06
4266.0,1.2576131211972097e-06,0.9999873042106628,1.1450512829469517e-05
4267.0,0.04631255939602852,0.9536505937576294,3.6823486880166456e-05
4268.0,2.2055326098779915e-07,0.9999931454658508,6.679641955997795e-06
4269.0,5.118128001413424e-07,0.5067284107208252,0.4932710826396942
4270.0,0.0020408707205206156,0.9979475140571594,1.1563467523956206e-05
4271.0,9.366362263563133e-08,0.9999827146530151,1.724011599435471e-05
4272.0,0.009256226010620594,0.9906930327415466,5.074684668215923e-05
4273.0,0.9993768930435181,0.0006207175320014358,2.446210828566109e-06
4274.0,0.004437767900526524,0.9955577254295349,4.468173756322358e-06
4275.0,0.004151372238993645,0.9958466291427612,1.985456037800759e-06
4276.0,1.0,1.2458844719787088e-11,1.6916612555206711e-09
4277.0,0.9999854564666748,3.6419992284209e-06,1.088289081963012e-05
4278.0,0.9851373434066772,0.014335306361317635,0.0005273271235637367
4279.0,8.664979395689443e-05,0.9999018907546997,1.1468562661320902e-05
4280.0,0.06490357965230942,0.9347835779190063,0.0003128415846731514
4281.0,2.714782010304617e-10,0.9999997019767761,3.214548200958234e-07
4282.0,1.4175857643294876e-07,0.9999994039535522,4.705600531451637e-07
4283.0,0.01949300244450569,0.9802011251449585,0.00030585177592001855
4284.0,3.691953679663129e-06,0.9999963045120239,2.3006247573675864e-08
4285.0,5.316230817697942e-05,0.9999216198921204,2.5239856768166646e-05
4286.0,0.0009130446705967188,0.9990851283073425,1.7664179949861136e-06
4287.0,1.3041485225073757e-08,1.0,3.777016754913376e-10
4288.0,4.364250349997434e-10,1.0,2.147869437862937e-08
4289.0,1.4590528735425323e-05,0.9999823570251465,3.0067749321460724e-06
4290.0,3.760118852369487e-05,0.9999368190765381,2.5583662136341445e-05
4291.0,2.197467074438464e-05,0.9999729990959167,5.080502887722105e-06
4292.0,0.00014313265273813158,0.999853789806366,3.023595581908012e-06
4293.0,2.738685743030461e-13,1.0,7.834468490619528e-11
4294.0,0.012801305390894413,0.9871907830238342,7.926028047222644e-06
4295.0,2.1253870272630593e-06,0.999997615814209,2.6158775767726183e-07
4296.0,9.122098845182336e-07,0.9999984502792358,6.819996656304284e-07
4297.0,1.2423397813959847e-12,1.0,4.5793004943561755e-09
4298.0,0.9999892711639404,1.0688117072277237e-05,5.3322835924518586e-08
4299.0,0.0012188657419756055,0.9987791776657104,1.9302456166769844e-06
4300.0,0.002463349374011159,0.9975166916847229,1.9969902496086434e-05
4301.0,1.38320562439233e-22,1.0,2.9837434369214214e-16
4302.0,0.034776512533426285,0.9615756869316101,0.00364778283983469
4303.0,1.2875086667918367e-06,0.9999960660934448,2.6474724563740892e-06
4304.0,0.00016818498261272907,0.006112503819167614,0.9937193393707275
4305.0,1.335371146993225e-09,1.0,4.5643541030093715e-11
4306.0,1.859051553765312e-05,0.9999809861183167,4.378878202260239e-07
4307.0,0.000218050874536857,0.9997743964195251,7.520781309722224e-06
4308.0,7.102461677277461e-05,0.9999251961708069,3.784289219765924e-06
4309.0,0.0015069001819938421,0.9984413981437683,5.173353201826103e-05
4310.0,6.547043085447513e-08,0.9999987483024597,1.166116817330476e-06
4311.0,2.5333645226055523e-07,0.9999997019767761,2.5543192450072638e-08
4312.0,3.7415853171296476e-07,0.9999924898147583,7.177772204158828e-06
4313.0,2.937882300102501e-06,0.9999969005584717,2.1919387904745236e-07
4314.0,3.1180569237676536e-08,0.9999986886978149,1.2844847105952795e-06
4315.0,6.681774721073452e-06,0.9999866485595703,6.675960321445018e-06
4316.0,0.0001113081380026415,0.9998868107795715,1.8912636505774572e-06
4317.0,2.292240708356985e-08,1.0,8.568434850531048e-09
4318.0,3.724261350701585e-12,1.0,3.762315969879637e-08
4319.0,2.4819998998282244e-06,0.9999942779541016,3.212991714462987e-06
4320.0,0.05859516188502312,0.9413734078407288,3.1465693609789014e-05
4321.0,0.9999669790267944,2.3970298570930026e-05,9.07747835299233e-06
4322.0,0.0008916495135053992,0.9990842938423157,2.405917621217668e-05
4323.0,1.6676702241369412e-09,0.0211106538772583,0.9788893461227417
4324.0,0.9865055084228516,0.013479248620569706,1.5260855434462428e-05
4325.0,9.809111361391842e-06,0.9999900460243225,1.5495226080020075e-07
4326.0,0.05255892500281334,0.9473524689674377,8.863132097758353e-05
4327.0,8.222195702067836e-10,0.9999998807907104,1.421642252807942e-07
4328.0,6.712906230887938e-09,0.9999999403953552,7.1475987795111e-08
4329.0,0.07563763111829758,0.92429518699646,6.715999188600108e-05
4330.0,0.030084269121289253,0.9698770046234131,3.873534660669975e-05
4331.0,1.5210534002108034e-05,0.9999827742576599,1.9968003925896483e-06
4332.0,0.00043352716602385044,0.9992720484733582,0.000294436322292313
4333.0,0.005827735643833876,0.9939143061637878,0.0002579530992079526
4334.0,2.3171905283447813e-08,0.9999998211860657,1.7097502791330044e-07
4335.0,0.0005703326314687729,0.9994223713874817,7.294050192285795e-06
4336.0,0.8761022686958313,0.12338893860578537,0.0005087201134301722
4337.0,0.0003088982484769076,0.9996894598007202,1.6255238506346359e-06
4338.0,6.214565019035945e-06,0.9999938011169434,3.4422804162659304e-08
4339.0,0.003684753319248557,0.9961475133895874,0.00016777051496319473
4340.0,9.839532140176743e-06,0.9999901652336121,3.074017129733875e-08
4341.0,2.4237110867017693e-14,1.0,2.9084867847473106e-10
4342.0,0.00541535671800375,0.9945794939994812,5.127055828779703e-06
4343.0,2.3176603747288027e-08,0.9999932050704956,6.7727792156802025e-06
4344.0,4.24685549660353e-06,0.999993085861206,2.657775212355773e-06
4345.0,0.9766348600387573,0.023352643474936485,1.2455817341106012e-05
4346.0,0.09367358684539795,0.903667151927948,0.002659240271896124
4347.0,3.1789046221752937e-13,1.0,2.4360137018675232e-08
4348.0,2.0841456205289433e-07,0.9930245280265808,0.006975286174565554
4349.0,3.6004564663016936e-07,0.9999979138374329,1.7707153574519907e-06
4350.0,2.645773236054083e-07,0.9999997615814209,1.3148903077464524e-09
4351.0,0.0002819682122208178,0.999684751033783,3.330151957925409e-05
4352.0,0.0014388151466846466,0.9983261823654175,0.00023496474022977054
4353.0,2.1787125660921447e-05,0.9999775886535645,6.609768092857848e-07
4354.0,0.00041311889071948826,0.9995682239532471,1.8664213712327182e-05
4355.0,3.162415040947053e-08,0.9999992251396179,7.526576837335597e-07
4356.0,0.9890978932380676,0.01083945482969284,6.26452238066122e-05
4357.0,0.9999791383743286,3.5311459214426577e-06,1.7355880117975175e-05
4358.0,0.000132549976115115,0.9998492002487183,1.8255217582918704e-05
4359.0,2.6080026145791635e-05,0.999919056892395,5.488152601174079e-05
4360.0,0.03670024126768112,0.9628967642784119,0.0004030147101730108
4361.0,1.6702072116459021e-06,0.9999982714653015,9.556684688050154e-08
4362.0,4.694451405384825e-08,0.9999890923500061,1.0870418009290006e-05
4363.0,0.00010212308552581817,0.9998065233230591,9.136109292740002e-05
4364.0,0.0304873026907444,0.969493567943573,1.9108701962977648e-05
4365.0,0.001773166935890913,0.9982268214225769,3.8615990960444435e-10
4366.0,2.819258952513337e-06,0.9999967813491821,4.2167670244452893e-07
4367.0,1.6334432473286142e-08,0.9999944567680359,5.575026989390608e-06
4368.0,8.095285553011422e-10,0.999988317489624,1.173304372059647e-05
4369.0,9.420388960279524e-05,0.9999052882194519,4.937330686516361e-07
4370.0,9.032427783495223e-07,0.9999991059303284,1.956683259862757e-09
4371.0,0.0008267822558991611,0.9991340637207031,3.916355854016729e-05
4372.0,0.00013746613694820553,0.9998617768287659,7.266412467288319e-07
4373.0,0.003490954637527466,0.9962462782859802,0.00026275115669704974
4374.0,1.773523905512775e-08,0.9999847412109375,1.5212229300232138e-05
4375.0,0.03753050044178963,0.9624399542808533,2.9532706321333535e-05
4376.0,0.00048591900849714875,0.9994749426841736,3.908970393240452e-05
4377.0,4.41490533020783e-09,0.9999754428863525,2.4537568606319837e-05
4378.0,4.784860720974393e-05,0.9999515414237976,6.16883824022807e-07
4379.0,2.2775225261284504e-07,0.9999997615814209,2.0728450067508675e-08
4380.0,2.0485779739232157e-09,0.9999973773956299,2.6009086013800697e-06
4381.0,0.009697823785245419,0.9376831650733948,0.05261898785829544
4382.0,6.316785584203899e-05,0.999907374382019,2.950527959910687e-05
4383.0,1.649343931322113e-15,1.0,5.084379792186233e-11
4384.0,0.0022026030346751213,0.9977648258209229,3.257688513258472e-05
4385.0,0.00014141504652798176,0.9998464584350586,1.2132270967413206e-05
4386.0,3.7026281346497214e-11,0.9992303848266602,0.0007696512038819492
4387.0,2.0615880202967674e-06,0.999997615814209,3.0837048825560487e-07
4388.0,0.0074052647687494755,0.9925792813301086,1.5487907148781233e-05
4389.0,3.1590965954286787e-10,1.0,1.6120583978818104e-08
4390.0,3.7129814245417947e-06,0.9999935030937195,2.7489049898576923e-06
4391.0,0.06505138427019119,0.9349483251571655,2.9549656233029964e-07
4392.0,9.862999306164966e-10,1.0,3.2156051155141085e-09
4393.0,8.314337173942477e-05,0.9999146461486816,2.211371793237049e-06
4394.0,1.515185317657597e-06,0.9999971985816956,1.2351472378213657e-06
4395.0,0.005019812844693661,0.9945932626724243,0.0003868777130264789
4396.0,1.294776893701055e-06,0.9999939799308777,4.699735200119903e-06
4397.0,1.8653179722605273e-05,0.999980628490448,6.543757535837358e-07
4398.0,2.238130764453672e-05,0.9999482035636902,2.9376506063272245e-05
4399.0,9.836146637098864e-05,0.9998956322669983,6.035070782672847e-06
4400.0,2.3190410231238925e-14,0.9999998807907104,6.044341205324599e-08
4401.0,1.4491178035314078e-06,0.9999985098838806,2.2682703715304342e-08
4402.0,4.641310079023242e-05,0.999951958656311,1.5873852134973276e-06
4403.0,0.0010785297490656376,0.9989214539527893,1.1077889716659683e-08
4404.0,0.007795301731675863,0.9921919107437134,1.2743190382025205e-05
4405.0,4.354772613623936e-07,0.9111400246620178,0.08885961771011353
4406.0,7.930721357407577e-11,0.9999998807907104,1.5522114438226708e-07
4407.0,1.9645783311261766e-07,0.9999901056289673,9.704537660581991e-06
4408.0,0.005903660785406828,0.9940798878669739,1.647985482122749e-05
4409.0,7.938637247573155e-11,1.0,6.883644348976148e-11
4410.0,1.3033118584360182e-08,0.9999999403953552,2.4889818206474956e-08
4411.0,0.002163555473089218,0.9976544380187988,0.0001819869503378868
4412.0,3.132864549115766e-06,0.9999849796295166,1.1868764886457939e-05
4413.0,1.1158851620507448e-09,1.0,7.760610820639613e-09
4414.0,9.218497325491626e-06,0.9999908208847046,6.740746294475741e-10
4415.0,3.9326200074185635e-09,0.9999948740005493,5.114041414344683e-06
4416.0,1.6559411619709863e-08,0.9651209712028503,0.03487899526953697
4417.0,1.353523820801783e-10,1.0,6.4228360407980745e-09
4418.0,0.010750475339591503,0.9891284108161926,0.0001210923510370776
4419.0,6.688661430276355e-11,0.9999999403953552,3.376225876650096e-08
4420.0,0.9999971389770508,3.3061745751067698e-15,2.8422584819054464e-06
4421.0,9.383165888721123e-08,0.9999999403953552,4.577438428299274e-09
4422.0,9.41979050317343e-10,0.9999998807907104,9.413118107204355e-08
4423.0,0.9999998211860657,7.60723182224865e-08,1.0335687505858004e-07
4424.0,0.0027412560302764177,0.9972585439682007,2.427655942938145e-07
4425.0,3.463246321189217e-05,0.9999480843544006,1.7245167327928357e-05
4426.0,3.6810231449635467e-06,0.9999938607215881,2.453433808113914e-06
4427.0,2.0284298685169233e-08,0.9973358511924744,0.002664155326783657
4428.0,0.0003911774547304958,0.9995943903923035,1.4421647392737214e-05
4429.0,0.0007126973941922188,0.9990662336349487,0.00022108174744062126
4430.0,6.24100212007761e-05,0.9999356269836426,1.9247413547418546e-06
4431.0,4.131321020395262e-06,0.9999957084655762,1.6718067286092264e-07
4432.0,8.359169783034304e-07,0.9999991059303284,6.572762600853821e-08
4433.0,1.0,2.695263123797531e-09,1.240525694320982e-12
4434.0,5.898047561458952e-07,0.9999961256980896,3.2873533655219944e-06
4435.0,0.01796724647283554,0.9819400310516357,9.271931776311249e-05
4436.0,0.9999791979789734,1.938575405802112e-05,1.3790385082756984e-06
4437.0,1.0030406409969328e-12,0.9999696612358093,3.036341513507068e-05
4438.0,9.615511165073087e-11,0.9999999403953552,3.058990216686652e-08
4439.0,0.9968250393867493,0.003143048845231533,3.19733408105094e-05
4440.0,0.0012648622505366802,0.9986974596977234,3.7687623262172565e-05
4441.0,9.638708434067667e-06,0.9999889135360718,1.4564438970410265e-06
4442.0,8.624288783121159e-12,1.0,3.5437233147916913e-09
4443.0,2.3383380552672184e-18,0.9999997019767761,2.778181453777506e-07
4444.0,0.9906885623931885,0.009302829392254353,8.694252755958587e-06
4445.0,1.3245773367032143e-09,0.9999999403953552,7.087362519087037e-08
4446.0,4.5810108417754236e-07,0.9999969005584717,2.6349775907874573e-06
4447.0,4.791628031852735e-12,0.9999872446060181,1.272675672225887e-05
4448.0,0.00018467914196662605,0.9997883439064026,2.6966514269588515e-05
4449.0,7.22576404092734e-13,1.0,2.3874914489852017e-08
4450.0,1.2748211020152667e-06,0.9999737739562988,2.4959266738733277e-05
4451.0,0.9989200234413147,0.00107946724165231,5.383531629377103e-07
4452.0,0.9998642206192017,8.41308134269525e-10,0.00013580905215349048
4453.0,0.0019692126661539078,0.9979865550994873,4.4250187784200534e-05
4454.0,0.0011642714962363243,0.9988344311714172,1.284800191569957e-06
4455.0,2.0254694277355156e-07,0.9999979138374329,1.9366350443306146e-06
4456.0,0.0003694023471325636,0.9996030330657959,2.7523934477358125e-05
4457.0,9.725906238600146e-06,0.9999901056289673,1.5422621402194636e-07
4458.0,8.813081819880608e-09,0.9999971389770508,2.8537017442431534e-06
4459.0,2.069539201468573e-12,1.0,1.339994781801579e-09
4460.0,7.45076462749239e-08,0.9999966025352478,3.315798494440969e-06
4461.0,0.00020642786694224924,0.9995488524436951,0.00024467642651870847
4462.0,1.1390102372388355e-07,0.9999997615814209,1.3130886600265512e-07
4463.0,6.05821583121724e-07,0.9999896883964539,9.705093361844774e-06
4464.0,1.778136859975632e-09,0.9999999403953552,6.884778258609003e-08
4465.0,0.08916335552930832,0.910696804523468,0.00013987661805003881
4466.0,1.1471385971325137e-19,1.0,7.121912504182148e-10
4467.0,1.1813455785159022e-05,0.9999744296073914,1.3793654943583533e-05
4468.0,3.976681739459309e-08,0.9999988675117493,1.0935094678643509e-06
4469.0,2.900398612837307e-05,0.9999708533287048,1.4369260270541417e-07
4470.0,1.7730059198584058e-07,0.9999977350234985,2.052116087725153e-06
4471.0,2.1528885341126625e-09,0.9999986290931702,1.3726761380894459e-06
4472.0,2.2237896857291162e-08,0.9999999403953552,5.327028418378177e-08
4473.0,0.0013365880586206913,0.9986608028411865,2.574679456301965e-06
4474.0,0.01738397218286991,0.9824024438858032,0.00021357709192670882
4475.0,0.01650097966194153,0.9834902882575989,8.754892405704595e-06
4476.0,1.9390881789149716e-06,0.9999339580535889,6.413301161956042e-05
4477.0,9.738156950334087e-05,0.9998975992202759,5.026039161748486e-06
4478.0,4.184769932180643e-05,0.9999574422836304,7.267674391187029e-07
4479.0,7.418409222736955e-05,0.9999255537986755,2.8276701868890086e-07
4480.0,0.9999808073043823,1.7237225620192476e-05,2.015498239416047e-06
4481.0,2.3826609321986325e-05,0.9999750256538391,1.103088379750261e-06
4482.0,0.9898653030395508,0.01009824126958847,3.651920997072011e-05
4483.0,0.00010624676360748708,0.9998913407325745,2.3814914129616227e-06
4484.0,1.3546958143706433e-05,0.999985933303833,5.958778501735651e-07
4485.0,0.00014576003013644367,0.9998502135276794,4.077960511494894e-06
4486.0,1.4955885490053333e-05,0.9999829530715942,2.082024820992956e-06
4487.0,0.03745119273662567,0.9624122977256775,0.00013646863226313144
4488.0,7.259868198161712e-06,0.9999919533729553,8.348817459591373e-07
4489.0,0.4449244737625122,0.5545612573623657,0.0005143439047969878
4490.0,2.410353339143967e-08,0.9999993443489075,6.444186055887258e-07
4491.0,0.9060611724853516,0.08368884772062302,0.010249976068735123
4492.0,1.3621273637909326e-06,0.9999886155128479,1.0062050932901911e-05
4493.0,9.341962140752003e-05,0.9998971223831177,9.450148354517296e-06
4494.0,0.005852405913174152,0.9938420653343201,0.0003054807602893561
4495.0,7.992028263140161e-14,0.999994158744812,5.874683211004594e-06
4496.0,2.3203023374662735e-05,0.999936044216156,4.075518518220633e-05
4497.0,1.93224511946255e-08,0.9999998211860657,1.5424286914367258e-07
4498.0,0.001404391136020422,0.9985851049423218,1.0513311281101778e-05
4499.0,0.99932861328125,0.000647915352601558,2.3424454411724582e-05
4500.0,1.314656969952921e-07,0.9999997615814209,1.1364060270580012e-07
4501.0,0.9999998807907104,3.2158130380821603e-08,7.375543731313883e-08
4502.0,0.005072643049061298,0.9948941469192505,3.326824298710562e-05
4503.0,8.013315344612693e-09,0.9998288154602051,0.00017113349167630076
4504.0,1.8735893547727756e-07,0.9999962449073792,3.529498826537747e-06
4505.0,0.06032003089785576,0.9395051598548889,0.00017484993441030383
4506.0,0.0009742212714627385,0.9990062117576599,1.960912049980834e-05
4507.0,4.815016094172897e-11,1.0,4.5736911147287174e-08
4508.0,1.826899961088202e-06,0.9999974966049194,6.9277905367926e-07
4509.0,0.0002180680021410808,0.9997687339782715,1.3194259736337699e-05
4510.0,9.057244483301474e-07,0.99998939037323,9.711584425531328e-06
4511.0,1.362437706120545e-05,0.9999476671218872,3.8716712879249826e-05
4512.0,0.3568398058414459,0.6430602669715881,9.989619138650596e-05
4513.0,3.258961953633843e-07,0.9999923706054688,7.271742106240708e-06
4514.0,0.020848117768764496,0.9790899753570557,6.191677675815299e-05
4515.0,5.830280241881855e-16,0.9999927878379822,7.208330771391047e-06
4516.0,0.008593004196882248,0.9914069175720215,9.705772896495546e-08
4517.0,9.255244367523119e-05,0.9998980164527893,9.425068128621206e-06
4518.0,1.7193706311133261e-12,1.0,2.4510651286391294e-09
4519.0,2.1457495336107968e-07,0.9999994039535522,3.860017727674858e-07
4520.0,9.191888361570477e-10,1.0,1.8352744879379657e-09
4521.0,5.0533517423900776e-06,0.9999942183494568,7.300796482923033e-07
4522.0,0.08093391358852386,0.9190660119056702,7.706741200763645e-08
4523.0,0.0009751869365572929,0.9990162253379822,8.579556379118003e-06
4524.0,0.9999998807907104,1.0767565328251294e-07,3.5977081314086945e-09
4525.0,4.3120382997585693e-07,0.999999463558197,9.433476577669353e-08
4526.0,1.701784276519902e-05,0.9947420954704285,0.005240871571004391
4527.0,0.0007349952938966453,0.9992571473121643,7.882417776272632e-06
4528.0,0.013226733542978764,0.9867244362831116,4.881108907284215e-05
4529.0,0.0015202229842543602,0.9984797239303589,6.125016227542801e-08
4530.0,7.836241275072098e-05,0.9996569752693176,0.00026467893621884286
4531.0,9.920473331703761e-08,0.9999997615814209,1.3685526312201546e-07
4532.0,0.015714388340711594,0.9841198325157166,0.00016573096218053252
4533.0,8.100619197648484e-07,0.9999991059303284,6.094682447610467e-08
4534.0,0.000493465515319258,0.9995055794715881,9.69545681073214e-07
4535.0,0.000376054405933246,0.9996215105056763,2.4560738438594854e-06
4536.0,3.54724392082062e-08,0.9999987483024597,1.2298103229113622e-06
4537.0,0.013173338025808334,0.986802875995636,2.3815899112378247e-05
4538.0,0.012162775732576847,0.9874197840690613,0.0004174774803686887
4539.0,0.785918116569519,0.21338054537773132,0.0007013077265582979
4540.0,1.0849453930747432e-12,0.9993160963058472,0.0006839354755356908
4541.0,0.00403561070561409,0.9959574937820435,6.854326784377918e-06
4542.0,1.372816200273519e-06,0.9999476075172424,5.098171459394507e-05
4543.0,0.0006764946156181395,0.9993184208869934,5.036456968809944e-06
4544.0,0.002583772176876664,0.9973723292350769,4.388253728393465e-05
4545.0,1.3244042747828644e-05,0.9999861717224121,5.705086891794053e-07
4546.0,3.3011562233786762e-12,0.9999996423721313,2.896369153404521e-07
4547.0,0.0023270174860954285,0.9976615309715271,1.1475868632260244e-05
4548.0,1.378044913735721e-07,0.9999995827674866,3.276221036685456e-07
4549.0,8.450903987977654e-05,0.9998884797096252,2.702696292544715e-05
4550.0,4.403540199149347e-09,0.9999999403953552,6.107919858777677e-08
4551.0,0.002583772176876664,0.9973723292350769,4.388253728393465e-05
4552.0,0.9932705760002136,0.00670592300593853,2.355128526687622e-05
4553.0,0.9874436855316162,0.012546643614768982,9.737638720253017e-06
4554.0,1.3439289148209355e-07,0.9999561309814453,4.372179682832211e-05
4555.0,7.59170006858767e-06,0.999992311000824,7.040768679189569e-08
4556.0,0.039196282625198364,0.9604127407073975,0.0003909722145181149
4557.0,0.0017338214674964547,0.9982528686523438,1.3306756045494694e-05
4558.0,0.022023627534508705,0.9778090715408325,0.00016730479546822608
4559.0,0.0009441218571737409,0.9990408420562744,1.5030427675810643e-05
4560.0,2.1218303913883574e-07,0.9999996423721313,1.4677291915177193e-07
4561.0,2.37872099795311e-09,0.9999999403953552,9.396657674187736e-08
4562.0,1.011393942462746e-05,0.999980092048645,9.739478628034703e-06
4563.0,4.80209055240266e-05,0.999843180179596,0.00010881481284741312
4564.0,3.917452340829186e-05,0.9999600052833557,7.68178892940341e-07
4565.0,2.072706365652266e-06,0.9999964833259583,1.4060491366763017e-06
4566.0,3.296363865956664e-05,0.9999549388885498,1.2034615792799741e-05
4567.0,0.0022333315573632717,0.9977530837059021,1.3544274224841502e-05
4568.0,0.007195404730737209,0.9927794337272644,2.5176123017445207e-05
4569.0,1.5151061916185427e-06,0.999998152256012,3.452653345448198e-07
4570.0,4.176235233899206e-05,0.9999513626098633,6.8159165493852925e-06
4571.0,4.441690126810727e-09,1.0,2.827267933658284e-11
4572.0,0.03306083008646965,0.9664257764816284,0.000513350882101804
4573.0,1.0392644753665081e-06,0.9999986886978149,2.774879419575882e-07
4574.0,0.00011725693184416741,0.9998679757118225,1.4719879800395574e-05
4575.0,4.87190898734724e-10,0.9999999403953552,6.807080410453636e-08
4576.0,1.7462015833302758e-08,0.9999990463256836,9.71189820120344e-07
4577.0,0.0043907552026212215,0.9955162405967712,9.303176193498075e-05
4578.0,5.816936266000994e-09,1.0,2.274007648850329e-09
4579.0,3.133125403564918e-08,0.9999999403953552,2.6235376537897537e-08
4580.0,4.6131334308086025e-09,0.9999999403953552,4.302327027971842e-08
4581.0,0.0003945530916098505,0.9996007084846497,4.7930420805641916e-06
4582.0,0.00010517556802369654,0.9998557567596436,3.907441350747831e-05
4583.0,0.0002589567156974226,0.9997196793556213,2.1396763258962892e-05
4584.0,5.359294785733937e-09,0.999995768070221,4.222588358970825e-06
4585.0,0.00017255790589842945,0.9998196959495544,7.718484084762167e-06
4586.0,0.001205322565510869,0.9987825155258179,1.2182391401438508e-05
4587.0,0.0005850740126334131,0.9994111657142639,3.7347710986068705e-06
4588.0,4.534204567363531e-09,0.9999998807907104,1.1759055240645466e-07
4589.0,0.05415358766913414,0.9458392262458801,7.204008397820871e-06
4590.0,0.008276289328932762,0.9917237758636475,2.292255718572278e-09
4591.0,0.9999999403953552,9.547111545771259e-08,4.908696560335102e-09
4592.0,2.002589413740985e-11,1.0,1.3175189828018574e-09
4593.0,0.01647833175957203,0.9832245707511902,0.00029711960814893246
4594.0,0.0036210843827575445,0.9963722825050354,6.6490429162513465e-06
4595.0,4.11734617955517e-05,0.9999510049819946,7.866834494052455e-06
4596.0,0.07290630042552948,0.9270572662353516,3.64453844667878e-05
4597.0,3.217086850781925e-05,0.9999659061431885,1.9257929579907795e-06
4598.0,1.6406784170035094e-18,1.0,8.969903153577263e-10
4599.0,4.925158805235696e-07,0.9999994039535522,6.960346610185297e-08
4600.0,1.3154851540080016e-15,1.0,2.519756847618737e-09
4601.0,4.718327204500383e-07,0.9999964833259583,3.0640703698736615e-06
4602.0,1.788928420864977e-05,0.9999815225601196,6.063090722818743e-07
4603.0,9.711885468277615e-06,0.9999772310256958,1.3019187463214621e-05
4604.0,0.1525816023349762,0.8470749258995056,0.00034353957744315267
4605.0,0.00043870616354979575,0.9994783401489258,8.2976053818129e-05
4606.0,1.3394222833085223e-06,0.999998152256012,5.543375323213695e-07
4607.0,0.0001039668422890827,0.9998928308486938,3.1385432066599606e-06
4608.0,2.5745170205482282e-05,0.9999560713768005,1.819173303374555e-05
4609.0,0.0060431091114878654,0.9939538836479187,3.0238220460887533e-06
4610.0,2.3201588192023337e-05,0.9999756813049316,1.0633241345203714e-06
4611.0,2.382705162062848e-07,0.9979798793792725,0.002019924344494939
4612.0,3.3237251839679516e-10,1.0,8.000531348528739e-10
4613.0,0.06291414797306061,0.9370304346084595,5.543780935113318e-05
4614.0,4.030839136248687e-06,0.999995231628418,7.414542437800264e-07
4615.0,2.0291467706101685e-07,0.986558198928833,0.013441595248878002
4616.0,6.711042806273326e-05,0.9960780143737793,0.0038548654410988092
4617.0,0.0003045834309887141,0.9996946454048157,7.639010277671332e-07
4618.0,0.993093729019165,0.006894111633300781,1.214204075949965e-05
4619.0,0.08132123202085495,0.9182088971138,0.0004698521224781871
4620.0,0.019426552578806877,0.9805729985237122,4.350647202500113e-07
4621.0,5.3317148029918826e-08,0.9999879598617554,1.2024073839711491e-05
4622.0,0.0007294312817975879,0.9992673993110657,3.123035185126355e-06
4623.0,0.000832449528388679,0.9991673827171326,1.1926675824724953e-07
4624.0,6.017579607942025e-07,0.9999994039535522,7.524215028809067e-09
4625.0,8.358794616469822e-07,0.9999976754188538,1.4948893749533454e-06
4626.0,0.026517271995544434,0.9728790521621704,0.0006036725826561451
4627.0,8.002913887139584e-08,0.9999995231628418,3.7800896279804874e-07
4628.0,8.209359947386474e-08,0.9999961853027344,3.7198831250861986e-06
4629.0,6.181929990134449e-08,0.9999923706054688,7.5680950430978555e-06
4630.0,1.3938886711528653e-09,0.9999991059303284,8.817449383968778e-07
4631.0,0.003959872759878635,0.9959737658500671,6.631867290707305e-05
4632.0,2.8963816234295336e-08,0.9999996423721313,3.2933778015831194e-07
4633.0,1.1730640601687742e-14,0.9999940395355225,5.982963557471521e-06
4634.0,2.7691220963972288e-17,1.0,2.7275992337157107e-14
4635.0,7.864382478572907e-10,0.9999967813491821,3.2276336696668295e-06
4636.0,5.240199550324287e-13,0.9980937242507935,0.0019063124200329185
4637.0,9.184159353026189e-06,0.9999741911888123,1.660551606619265e-05
4638.0,2.1393077531683957e-06,0.999997615814209,2.8069922564100125e-07
4639.0,0.006678177043795586,0.992987334728241,0.0003344274591654539
4640.0,0.00023016816703602672,0.9997695088386536,3.0876577739036293e-07
4641.0,5.619351739483136e-08,0.9999997615814209,1.56950065388628e-07
4642.0,1.8848650142899714e-06,0.9999980926513672,6.307458111365349e-09
4643.0,0.030758453533053398,0.9692399501800537,1.5797994592503528e-06
4644.0,6.433579255826771e-05,0.9999352097511292,4.251278653555346e-07
4645.0,0.002110798377543688,0.9978891611099243,5.152561932675326e-09
4646.0,9.886047536156184e-08,0.9999998807907104,2.5813410076125365e-08
4647.0,0.011860912665724754,0.9880757331848145,6.341920379782096e-05
4648.0,2.4564078557887115e-06,0.9999969601631165,6.276301292018616e-07
4649.0,0.004781283903867006,0.9952186942100525,1.6945728154027506e-09
4650.0,8.543872809241293e-08,0.9999985694885254,1.3366673101700144e-06
4651.0,0.018482020124793053,0.9814085960388184,0.00010936282342299819
4652.0,6.768582005642343e-14,0.9999966621398926,3.287460913270479e-06
4653.0,7.100075194443889e-09,0.9999991059303284,8.642363127364661e-07
4654.0,7.825937063898891e-05,0.9999155402183533,6.150517947389744e-06
4655.0,0.0005384560790844262,0.9994370341300964,2.4500617655576207e-05
4656.0,6.304182988969842e-07,0.9999924302101135,6.9591142164426856e-06
4657.0,1.1955078593750557e-10,0.9999970197677612,3.0139547106955433e-06
4658.0,0.0008192839450202882,0.999154269695282,2.651440263434779e-05
4659.0,0.9489663243293762,0.050876814872026443,0.00015689770225435495
4660.0,1.5415039342769887e-06,0.9999984502792358,2.3476321331372674e-08
4661.0,6.953621234373486e-09,0.9999998211860657,1.7332699542293994e-07
4662.0,0.00040033782715909183,0.9995964765548706,3.239251100239926e-06
4663.0,0.00023431007866747677,0.9997602105140686,5.498321570485132e-06
4664.0,3.463228281930242e-08,0.9999996423721313,3.2895846402425377e-07
4665.0,0.6698744893074036,0.3300756514072418,4.9845992180053145e-05
4666.0,0.9993064999580383,0.0006125362706370652,8.103032450890169e-05
4667.0,4.024404915980995e-05,0.9932314157485962,0.006728342734277248
4668.0,4.127535066800192e-05,0.999951183795929,7.538053068856243e-06
4669.0,0.1362157166004181,0.8635379672050476,0.00024628848768770695
4670.0,1.9050983013357836e-11,1.0,1.49125245485493e-08
4671.0,0.11519649624824524,0.8847446441650391,5.889175372431055e-05
4672.0,0.007091159000992775,0.9928930401802063,1.5799172615516e-05
4673.0,4.3015342043872806e-07,0.9999995827674866,3.011853877410431e-08
4674.0,2.988126412972747e-09,0.9999547600746155,4.5224562200019136e-05
4675.0,0.018434593454003334,0.9814028143882751,0.0001625434961169958
4676.0,8.722221537027508e-05,0.9999127984046936,2.3803751858508804e-08
4677.0,3.267106421844801e-06,0.999987781047821,8.904733476811089e-06
4678.0,2.250127195679852e-09,0.9999998807907104,9.619365215485232e-08
4679.0,3.987249147030525e-05,0.999783456325531,0.00017665844643488526
4680.0,3.1293848223867826e-06,0.9999865293502808,1.0305321666237433e-05
4681.0,2.1651376300724223e-06,0.9999879598617554,9.889849025057629e-06
4682.0,9.338808922620956e-06,0.9999901056289673,5.688195869879564e-07
4683.0,3.0249717383412644e-05,0.9999575614929199,1.2190652341814712e-05
4684.0,6.863253656774759e-05,0.9999303221702576,1.0454768926138058e-06
4685.0,0.003688008291646838,0.9962984323501587,1.3524276255338918e-05
4686.0,1.720072646094195e-06,0.9721652865409851,0.02783292345702648
4687.0,2.9483540053831803e-09,0.9999975562095642,2.471074594723177e-06
4688.0,3.2301900318998378e-06,0.9999962449073792,5.360560635381262e-07
4689.0,0.20296627283096313,0.7969419956207275,9.175574814435095e-05
4690.0,1.0986389575862177e-08,0.9999998807907104,9.370385356533006e-08
4691.0,0.05521421134471893,0.944776177406311,9.62749618338421e-06
4692.0,4.17805858887732e-06,0.9999946355819702,1.1311293519611354e-06
4693.0,2.072599585289936e-07,0.9999980330467224,1.7458679621995543e-06
4694.0,8.775936088945002e-10,1.0,8.664223116738867e-09
4695.0,4.3250896197832844e-08,0.9999998211860657,1.1273414202150889e-07
4696.0,1.8055737882605172e-06,0.9999967217445374,1.446044279873604e-06
4697.0,0.9989729523658752,0.0009998942259699106,2.715155278565362e-05
4698.0,0.09034154564142227,0.9095355272293091,0.00012288050493225455
4699.0,0.0004603023990057409,0.999530553817749,9.10354901861865e-06
4700.0,0.011550494469702244,0.9884389638900757,1.0581868991721421e-05
4701.0,1.6854646673891693e-06,0.9999228119850159,7.549273868789896e-05
4702.0,0.00968397967517376,0.990260124206543,5.591692388406955e-05
4703.0,1.1718123460013885e-05,0.9999741315841675,1.4139614904706832e-05
4704.0,2.1293108432018926e-07,0.9999975562095642,2.2343597265717108e-06
4705.0,1.1937999261135701e-05,0.999987006187439,1.0851650813492597e-06
4706.0,1.7156463627543417e-06,0.999983012676239,1.5261248336173594e-05
4707.0,8.324761438416317e-05,0.999905526638031,1.127785708376905e-05
4708.0,1.3885352069531454e-11,1.0,1.2077991384806808e-10
4709.0,7.065420555464939e-21,1.0,1.1962340451532327e-08
4710.0,1.1599204235990257e-10,0.9997321963310242,0.00026778210303746164
4711.0,0.0001565963466418907,0.9998422861099243,1.1048334727092879e-06
4712.0,1.3307200788403861e-05,0.9999863505363464,3.3482524486316834e-07
4713.0,0.0025967841502279043,0.9973766207695007,2.6598947442835197e-05
4714.0,0.07140455394983292,0.9284013509750366,0.00019412150140851736
4715.0,7.07287690602243e-05,0.999909520149231,1.9725894162547775e-05
4716.0,2.074230451398762e-06,0.999997615814209,3.3618866268625425e-07
4717.0,2.96871173477431e-11,1.0,4.067011616371019e-09
4718.0,4.112391252419911e-05,0.9999443888664246,1.447188788006315e-05
4719.0,7.020668491009019e-09,1.0,1.4193308750520828e-09
4720.0,1.2927333159495902e-07,0.9999998807907104,1.2084290901270833e-08
4721.0,0.08232178539037704,0.9176127910614014,6.542494520545006e-05
4722.0,0.16754262149333954,0.8308019638061523,0.0016554129542782903
4723.0,0.01622038520872593,0.9836969971656799,8.258091111201793e-05
4724.0,2.601544637538273e-14,0.9996215105056763,0.0003784797736443579
4725.0,4.1378320020157844e-05,0.9999486207962036,1.0007203854911495e-05
4726.0,0.31610238552093506,0.6838576793670654,3.993968857685104e-05
4727.0,2.8634656246140366e-07,0.9999988675117493,8.800849400358857e-07
4728.0,2.1215848391875625e-05,0.9998627305030823,0.00011604589235503227
4729.0,0.00036821886897087097,0.9996263384819031,5.446796421892941e-06
4730.0,0.00021121103782206774,0.9997794032096863,9.390034392708912e-06
4731.0,6.167697574710473e-05,0.9999379515647888,3.016122889221151e-07
4732.0,0.012107365764677525,0.9878881573677063,4.470388830668526e-06
4733.0,8.15415260149166e-05,0.9999051690101624,1.3328916793398093e-05
4734.0,3.316199936875819e-08,0.9999992847442627,6.921118256286718e-07
4735.0,7.550605474193617e-09,0.9999585747718811,4.139031079830602e-05
4736.0,1.989012525882572e-05,0.999980092048645,4.3492018875213034e-09
4737.0,1.145479533448679e-08,1.0,4.508836859429266e-09
4738.0,4.557627107715234e-06,0.9999949336051941,4.998780127607461e-07
4739.0,0.0004545919946394861,0.9995418787002563,3.5544262573239394e-06
4740.0,0.0019428491359576583,0.9978592991828918,0.0001978279324248433
4741.0,1.6819821902457066e-13,1.0,3.598755426992284e-08
4742.0,1.0,9.199263792335189e-16,1.335932146157015e-11
4743.0,0.05294843763113022,0.9470446109771729,6.977459179324796e-06
4744.0,1.096102320019554e-09,0.9999312162399292,6.877377018099651e-05
4745.0,4.192735134772585e-12,1.0,1.9529110772964486e-08
4746.0,3.0613964054765352e-12,0.9999997615814209,2.350485175384165e-07
4747.0,1.4050124952369458e-10,1.0,1.596714094276308e-09
4748.0,1.488043039898912e-06,0.9999985098838806,3.642125179226241e-08
4749.0,0.0592501237988472,0.9385446906089783,0.002205162774771452
4750.0,0.007155958563089371,0.9924212098121643,0.0004228167235851288
4751.0,0.011215823702514172,0.9835585355758667,0.005225652828812599
4752.0,1.5337779657453865e-11,0.9999969005584717,3.0748071822017664e-06
4753.0,0.999998927116394,9.55657014856115e-07,1.2744777677653474e-07
4754.0,1.0,4.802144459858937e-09,1.989488435105713e-12
4755.0,2.695407147257356e-06,0.9999883770942688,8.953012184065301e-06
4756.0,0.25376084446907043,0.7461972832679749,4.193075801595114e-05
4757.0,1.355604972892721e-12,1.0,6.6768217621415715e-09
4758.0,0.06505138427019119,0.9349483251571655,2.9549656233029964e-07
4759.0,4.00403678213479e-06,0.9999934434890747,2.5825331704254495e-06
4760.0,0.00035735670826397836,0.9996289610862732,1.3666953236679547e-05
4761.0,0.00024266436230391264,0.9997547268867493,2.6175587208854267e-06
4762.0,0.006974571384489536,0.9929177165031433,0.00010767828644020483
4763.0,0.9617509245872498,0.03824703395366669,2.025931507887435e-06
4764.0,0.0002204794727731496,0.9997453689575195,3.411258876440115e-05
4765.0,5.451973993331194e-05,0.9999425411224365,2.921023906310438e-06
4766.0,1.0758287317003123e-05,0.9999779462814331,1.1313939467072487e-05
4767.0,3.389345248905329e-09,0.9999999403953552,7.889219943990611e-08
4768.0,6.0553595183231e-20,1.0,3.4895897282893884e-10
4769.0,1.6552117898527285e-08,0.9999998807907104,1.0231777025637712e-07
4770.0,1.2740973431846214e-07,0.9999927282333374,7.122853730834322e-06
4771.0,6.236643093870953e-05,0.9999368786811829,7.598450224577391e-07
4772.0,1.1714644596237081e-15,1.0,3.566967554657907e-10
4773.0,1.3061772108358127e-08,0.9999999403953552,3.733101294756125e-08
4774.0,5.1360975703573786e-06,0.9999943971633911,4.3915582637055195e-07
4775.0,0.003339520189911127,0.9954023361206055,0.0012581320479512215
4776.0,1.1941385764657753e-06,0.9999921917915344,6.575618044735165e-06
4777.0,6.6615875766729005e-06,0.9999617338180542,3.159312473144382e-05
4778.0,0.003403973998501897,0.9961276054382324,0.0004684281593654305
4779.0,0.005856156349182129,0.9940863251686096,5.7498178648529574e-05
4780.0,2.3738623156077665e-07,0.9998990297317505,0.00010070917778648436
4781.0,0.0002851381432265043,0.9995402693748474,0.00017459693481214345
4782.0,1.3614979934573057e-06,0.9999986290931702,5.064239694263506e-09
